#VRML V2.0 utf8
# 3D model generated by easyeda2kicad.py (https://github.com/uPesy/easyeda2kicad.py)

Shape{
    appearance Appearance {
        material  Material 	{
            diffuseColor 0.7764705882352941 0.20784313725490197 0.20784313725490197
            specularColor 0.2901960784313726 0.0784313725490196 0.0784313725490196
            ambientIntensity 0.4711
            transparency 0.0
            shininess 0.5
        }
    }
    geometry IndexedFaceSet {
        ccw TRUE
        solid FALSE
        coord DEF co Coordinate {
            point [
                2.5433 0.5709 2.3622, 2.5433 0.5658 2.4393, 2.5433 -0.6102 2.3622, 2.5433 0.5507 2.5151, 2.5433 0.5259 2.5882, 2.5433 0.4917 2.6575, 2.5433 0.4488 2.7217, 2.5433 0.3979 2.7798, 2.5433 0.3398 2.8307, 2.5433 0.2756 2.8736, 2.5433 0.2063 2.9078, 2.5433 -0.4882 2.7217, 2.5433 0.0574 2.9477, 2.5433 -0.0197 2.9528, 2.5433 -0.5311 2.6575, 2.5433 -0.5653 2.5882, 2.5433 -0.5901 2.5151, 2.5433 0.5709 1.1811, 2.5433 -0.6102 1.1811, 2.5433 -0.6052 1.104, 2.5433 -0.5901 1.0283, 2.5433 -0.5653 0.9551, 2.5433 -0.5311 0.8858, 2.5433 -0.4882 0.8216, 2.5433 -0.4373 0.7635, 2.5433 -0.3792 0.7126, 2.5433 0.1332 2.9326, 2.5433 -0.6052 2.4393, 2.5433 -0.315 0.6697, 2.5433 -0.2457 0.6355, 2.5433 0.5658 1.104, 2.5433 0.5507 1.0283, 2.5433 -0.3792 2.8307, 2.5433 -0.1725 2.9326, 2.5433 -0.315 2.8736, 2.5433 -0.2457 2.9078, 2.5433 -0.0968 2.9477, 2.5433 -0.4373 2.7798, 2.5433 -0.1725 0.6107, 2.5433 0.1332 0.6107, 2.5433 0.2063 0.6355, 2.5433 0.2756 0.6697, 2.5433 0.3398 0.7126, 2.5433 0.3979 0.7635, 2.5433 0.4488 0.8216, 2.5433 0.4917 0.8858, 2.5433 0.5259 0.9551, 2.5433 -0.0968 0.5956, 2.5433 -0.0197 0.5906, 2.5433 0.0574 0.5956, -2.1811 0.9646 2.3622, 2.1496 0.9646 2.3622, -2.1811 0.9646 1.1811, 2.1496 0.9646 1.1811, -2.5748 0.5658 1.104, -2.5748 0.5507 1.0283, -2.5748 -0.6102 1.1811, -2.5748 0.5259 0.9551, -2.5748 0.4917 0.8858, -2.5748 0.4488 0.8216, -2.5748 -0.4882 0.8216, -2.5748 0.3398 0.7126, -2.5748 -0.4373 0.7635, -2.5748 0.2756 0.6697, -2.5748 -0.5311 0.8858, -2.5748 -0.5653 0.9551, -2.5748 -0.5901 1.0283, -2.5748 -0.5901 2.5151, -2.5748 0.2756 2.8736, -2.5748 -0.6052 2.4393, -2.5748 -0.6102 2.3622, -2.5748 0.3398 2.8307, -2.5748 0.3979 2.7798, -2.5748 0.4488 2.7217, -2.5748 0.2063 0.6355, -2.5748 0.1332 0.6107, -2.5748 0.0574 0.5956, -2.5748 -0.0197 0.5906, -2.5748 -0.0968 0.5956, -2.5748 -0.1725 0.6107, -2.5748 -0.2457 0.6355, -2.5748 -0.315 0.6697, -2.5748 -0.3792 0.7126, -2.5748 0.3979 0.7635, -2.5748 -0.6052 1.104, -2.5748 -0.0968 2.9477, -2.5748 -0.0197 2.9528, -2.5748 -0.5311 2.6575, -2.5748 0.0574 2.9477, -2.5748 0.1332 2.9326, -2.5748 0.4917 2.6575, -2.5748 0.5259 2.5882, -2.5748 0.5507 2.5151, -2.5748 0.5658 2.4393, -2.5748 0.5709 2.3622, -2.5748 0.5709 1.1811, -2.5748 -0.4882 2.7217, -2.5748 -0.4373 2.7798, -2.5748 -0.3792 2.8307, -2.5748 -0.315 2.8736, -2.5748 -0.2457 2.9078, -2.5748 -0.1725 2.9326, -2.5748 -0.5653 2.5882, -2.5748 0.2063 2.9078, -2.1811 -1.0039 1.1811, 2.1496 -1.0039 1.1811, -2.1811 -1.0039 2.3622, 2.1496 -1.0039 2.3622, 2.1496 0.9585 1.0886, 0.1364 0.1104 0.2055, 0.1364 0.0729 0.2022, -0.2165 0.0729 0.2021, -1.1548 -0.0197 0.1969, -1.6299 -0.0197 0.1969, -1.1186 0.0727 0.2039, -1.6322 0.0134 0.1974, -1.6388 0.0458 0.199, -1.648 0.0729 0.2013, -1.1028 0.1133 0.2071, -1.6489 0.0756 0.2015, -1.0961 0.1302 0.2084, -1.0524 0.2395 0.2339, -1.6641 0.1068 0.205, -1.6833 0.1362 0.2093, -1.7032 0.1602 0.2134, -1.73 0.186 0.2186, -1.7599 0.2089 0.2238, 2.0641 0.2606 0.2376, 2.0258 0.2692 0.2402, 2.1496 0.3985 0.2923, 1.9865 0.2742 0.2418, 1.947 0.2755 0.2422, 1.9078 0.2732 0.2414, 1.8687 0.2672 0.2396, 1.1231 0.2767 0.2425, 0.4327 0.2823 0.2443, 0.2156 0.2767 0.2425, 0.4698 0.2836 0.2447, -0.0868 0.2767 0.2425, -0.5426 0.24 0.2319, -0.9439 0.2395 0.2339, -0.5127 0.2553 0.236, -0.9583 0.2767 0.2425, -0.4976 0.2588 0.2371, -0.4473 0.2706 0.2406, 0.6332 0.24 0.2319, 0.6191 0.2498 0.2345, 1.0438 0.2767 0.2425, 0.5959 0.2586 0.2371, 0.5652 0.2703 0.2405, 0.5543 0.2718 0.241, -2.1811 0.3985 0.2923, -1.0375 0.2767 0.2425, -1.7894 0.2269 0.2283, -1.8165 0.24 0.2318, -1.0507 0.2438 0.2349, -1.8243 0.2438 0.2328, -2.018 0.2742 0.2418, -2.0574 0.2692 0.2402, -1.9785 0.2755 0.2422, -1.8609 0.2571 0.2366, -1.9002 0.2672 0.2396, -1.9393 0.2732 0.2414, -2.0956 0.2606 0.2376, -2.1279 0.2502 0.2346, -2.1811 0.357 0.2718, -2.1811 0.2399 0.232, -0.5448 0.2389 0.2316, -0.5748 0.2235 0.2274, -0.589 0.2111 0.2245, -0.6281 0.1769 0.2167, -0.6291 0.1755 0.2164, -0.6531 0.1416 0.2104, -0.6607 0.1307 0.2084, -0.6695 0.1076 0.2054, -0.9079 0.1468 0.2122, -0.6794 0.0818 0.2021, -0.9014 0.1302 0.2084, -0.8797 0.0727 0.2039, -0.6806 0.0729 0.2016, -0.6813 0.0685 0.2013, -0.8574 0.014 0.1994, -0.6918 -0.007 0.1969, -0.8446 -0.0197 0.1969, -0.6916 -0.0133 0.1969, -0.6915 -0.0197 0.1969, -0.2165 0.1026 0.2044, -0.0868 0.2141 0.225, -0.2165 0.1902 0.2195, -0.0868 0.2399 0.2322, -0.2165 0.2398 0.2327, -0.2165 0.2767 0.2425, -0.3831 0.2767 0.2425, -0.4381 0.2715 0.2409, 0.1364 0.1935 0.2202, 0.1364 0.2141 0.225, 0.1364 0.0216 0.1977, -0.0724 0.0216 0.1977, -0.2165 0.014 0.1974, -0.0724 -0.0197 0.1969, -0.2165 -0.0197 0.1969, 0.3991 0.279 0.2433, 0.3309 0.2612 0.2378, 0.2156 0.2398 0.2327, 0.3309 0.2399 0.2324, 0.2156 0.1902 0.2195, 0.3309 0.1842 0.2182, 0.2156 0.1026 0.2044, 0.3653 0.2003 0.2218, 0.3782 0.205 0.2229, 0.2156 0.0729 0.2021, 0.3466 0.1918 0.2198, 0.3976 0.212 0.2245, 0.4124 0.2139 0.225, 0.4692 0.2211 0.2268, 0.4885 0.2184 0.2261, 0.523 0.2107 0.2242, 0.5627 0.2017 0.2221, 0.5653 0.2003 0.2218, 0.5942 0.1851 0.2184, 0.6024 0.1808 0.2175, 0.6185 0.1663 0.2147, 0.6344 0.1519 0.2119, 0.6397 0.1441 0.2107, 0.6607 0.1129 0.2059, 0.663 0.1094 0.2054, 0.6738 0.0793 0.2021, 0.6909 -0.0199 0.1969, 0.2156 -0.0197 0.1969, 0.6837 0.0339 0.1991, 0.2156 0.014 0.1974, 0.6798 0.0622 0.2003, 0.676 0.0729 0.2014, 0.7346 0.1303 0.2087, 0.7202 0.1581 0.213, 1.0438 0.24 0.2319, 1.0438 0.0729 0.2013, 0.7558 0.0729 0.2017, 1.0438 0.1578 0.2129, 0.7524 0.0865 0.203, 0.7479 0.1047 0.2048, 0.71 0.1696 0.2155, 0.6723 0.2122 0.2246, 0.6706 0.2141 0.225, 1.0438 0.2444 0.2329, 0.634 0.2395 0.2317, 1.0438 -0.0197 0.1969, 0.77 -0.0197 0.1969, 1.0438 0.0697 0.2009, 0.7647 0.0297 0.1984, 0.7633 0.0429 0.1988, 1.7579 0.2269 0.2283, 1.7284 0.2089 0.2238, 1.1231 0.2398 0.2327, 1.8294 0.2571 0.2366, 1.7928 0.2438 0.2328, 1.785 0.24 0.2318, 1.6985 0.186 0.2186, 1.6717 0.1602 0.2134, 1.6518 0.1362 0.2093, 1.6165 0.0729 0.2013, 1.1231 0.0729 0.2021, 1.6174 0.0756 0.2015, 1.1231 0.1026 0.2044, 1.6326 0.1068 0.205, 1.1231 0.1902 0.2195, 1.6073 0.0458 0.199, 1.6007 0.0134 0.1974, 1.1231 0.014 0.1974, 1.5984 -0.0197 0.1969, 1.1231 -0.0197 0.1969, 2.0964 0.2502 0.2346, 2.1496 0.357 0.2718, 2.1203 0.24 0.2318, 2.1496 0.2399 0.232, 2.1323 0.2349 0.2303, 2.1496 0.2351 0.2304, 2.1496 0.2258 0.228, -2.1518 0.24 0.2318, -2.1638 0.2349 0.2303, -2.1811 0.2351 0.2304, -2.1811 0.2258 0.228, 2.1496 0.4724 0.3287, -2.1811 0.4724 0.3287, 2.1496 0.5452 0.3774, -2.1811 0.5452 0.3774, 2.1496 0.5795 0.4002, -2.1811 0.5795 0.4002, 2.1496 0.6763 0.4851, -2.1811 0.6763 0.4851, 2.1496 0.7612 0.5819, -2.1811 0.7612 0.5819, 2.1496 0.7841 0.6162, -2.1811 0.7841 0.6162, 2.1496 0.8327 0.689, -2.1811 0.8327 0.689, 2.1496 0.8691 0.7629, -2.1811 0.8691 0.7629, 2.1496 0.8896 0.8044, -2.1811 0.8896 0.8044, 2.1496 0.9294 0.9215, -2.1811 0.9294 0.9215, 2.1496 0.931 0.9264, -2.1811 0.931 0.9264, 2.1496 0.9561 1.0526, -2.1811 0.9561 1.0526, -2.1811 0.9585 1.0886, 0.7701 -0.0226 0.1969, -2.1811 -0.9979 1.0886, 2.1496 -0.2652 0.228, 2.1496 -0.2744 0.2304, 2.1323 -0.2743 0.2303, 2.1496 -0.2793 0.232, 2.1203 -0.2794 0.2318, -2.0956 -0.3 0.2376, -2.0574 -0.3086 0.2402, -2.1811 -0.4379 0.2923, -2.018 -0.3136 0.2418, -1.9785 -0.3149 0.2422, -1.9393 -0.3126 0.2414, -1.9002 -0.3065 0.2396, -1.268 -0.3059 0.2394, -1.1815 -0.3059 0.2394, -0.8214 -0.3059 0.2394, -0.8308 -0.2792 0.2325, -0.1013 -0.3059 0.2394, 0.2156 -0.3059 0.2394, 2.1496 -0.4379 0.2923, -0.7454 -0.279 0.2333, -0.5168 -0.2794 0.2318, -0.735 -0.3059 0.2394, -0.5117 -0.2811 0.2323, -0.4722 -0.2946 0.236, -0.4655 -0.2954 0.2363, -0.3771 -0.3059 0.2394, -0.2165 -0.3059 0.2394, -0.2165 -0.2838 0.2329, -0.1013 -0.2793 0.2322, 0.5812 -0.3012 0.238, 0.8206 -0.3059 0.2394, 0.5651 -0.3033 0.2386, 0.4934 -0.3128 0.2415, 0.3805 -0.2957 0.2364, 0.4098 -0.3048 0.239, 0.4233 -0.306 0.2394, 1.1231 -0.3059 0.2394, 1.8687 -0.3065 0.2396, 1.9078 -0.3126 0.2414, 1.947 -0.3149 0.2422, 1.9865 -0.3136 0.2418, 2.0258 -0.3086 0.2402, 2.0641 -0.3 0.2376, 2.0964 -0.2896 0.2346, 2.1496 -0.3963 0.2718, 1.6518 -0.1756 0.2093, 1.6717 -0.1996 0.2134, 1.1231 -0.2794 0.2319, 1.6985 -0.2253 0.2186, 1.7284 -0.2482 0.2238, 1.7579 -0.2663 0.2283, 1.785 -0.2794 0.2318, 1.1231 -0.2838 0.2329, 1.7928 -0.2832 0.2328, 1.8294 -0.2965 0.2366, 1.1231 -0.109 0.2009, 1.6007 -0.0528 0.1974, 1.1231 -0.1123 0.2013, 1.6073 -0.0852 0.199, 1.6165 -0.1123 0.2013, 1.1231 -0.1971 0.2129, 1.6174 -0.115 0.2015, 1.6326 -0.1461 0.205, 0.6429 -0.2753 0.2307, 0.6771 -0.252 0.2247, 0.8206 -0.2793 0.2322, 0.6039 -0.2928 0.2356, 0.6332 -0.282 0.2324, 0.6369 -0.2794 0.2318, 0.6782 -0.2512 0.2245, 0.7033 -0.2263 0.2188, 0.8206 -0.2431 0.2225, 0.7036 -0.2259 0.2187, 0.7292 -0.1883 0.2117, 0.7384 -0.1748 0.2091, 1.0438 -0.2431 0.2225, 0.7475 -0.15 0.2059, 1.0438 -0.1554 0.2062, 0.7584 -0.1204 0.202, 1.0438 -0.1122 0.2022, 0.7594 -0.1123 0.2016, 1.0438 -0.0668 0.198, 0.7599 -0.108 0.2013, 0.7702 -0.0255 0.1969, 0.6757 -0.1123 0.2016, 0.672 -0.1276 0.2028, 0.6284 -0.1696 0.2083, 0.6654 -0.1403 0.2045, 0.6508 -0.168 0.2081, 0.6487 -0.1705 0.2085, 0.6289 -0.1935 0.2124, 0.6244 -0.1987 0.2133, 0.6055 -0.2125 0.216, 0.5933 -0.2214 0.2177, 0.581 -0.2264 0.2188, 0.5557 -0.2368 0.2211, 0.5508 -0.2377 0.2213, 0.4824 -0.2501 0.2242, 0.4633 -0.249 0.2239, 0.441 -0.2474 0.2235, 0.4277 -0.2453 0.2231, 0.4039 -0.2416 0.2222, 0.3896 -0.236 0.221, 0.2156 -0.1123 0.2013, 0.3309 -0.2131 0.216, 0.2156 -0.1971 0.2129, 0.3309 -0.2764 0.2309, 0.2156 -0.2794 0.2319, 0.3381 -0.2794 0.2317, 0.2156 -0.2838 0.2329, 0.3496 -0.2842 0.2331, 0.3717 -0.293 0.2355, 0.6875 -0.0545 0.1977, 0.686 -0.0695 0.1981, 0.6771 -0.1064 0.2011, 0.2156 -0.109 0.2009, 0.1364 -0.1554 0.2062, 0.1364 -0.2431 0.2225, -0.1013 -0.2431 0.2225, 0.1364 -0.1122 0.2022, -0.2165 -0.1123 0.2013, -0.2165 -0.1971 0.2129, -0.2165 -0.2794 0.2319, -0.0724 -0.0431 0.1971, 0.1364 -0.0431 0.1971, 0.1364 -0.0668 0.198, -0.2165 -0.109 0.2009, -0.8096 -0.1121 0.2037, -0.674 -0.118 0.2018, -0.7942 -0.1528 0.2067, -0.674 -0.1182 0.2018, -0.7898 -0.1643 0.2076, -0.6564 -0.1574 0.2067, -0.7464 -0.2765 0.2328, -0.6148 -0.2149 0.2164, -0.6325 -0.1923 0.2124, -0.6518 -0.1675 0.208, -0.5991 -0.2293 0.2195, -0.597 -0.2313 0.2199, -0.5917 -0.2361 0.2209, -0.5542 -0.2603 0.2269, -0.533 -0.2739 0.2302, -0.69 -0.0322 0.1969, -0.6842 -0.0632 0.1987, -0.6751 -0.1123 0.2015, -1.1517 -0.2256 0.2186, -1.1218 -0.1439 0.2047, -0.8778 -0.1439 0.2047, -1.1716 -0.2792 0.2325, -0.8496 -0.2256 0.2186, -1.7894 -0.2663 0.2283, -1.7599 -0.2482 0.2238, -1.2572 -0.279 0.2333, -1.8609 -0.2965 0.2366, -1.8243 -0.2832 0.2328, -1.8165 -0.2794 0.2318, -1.73 -0.2253 0.2186, -1.7032 -0.1996 0.2134, -1.6833 -0.1756 0.2093, -1.6641 -0.1461 0.205, -1.6489 -0.115 0.2015, -1.2159 -0.1757 0.2101, -1.648 -0.1123 0.2013, -1.2114 -0.1643 0.2076, -1.191 -0.1121 0.2037, -1.6388 -0.0852 0.199, -1.6322 -0.0528 0.1974, -1.1665 -0.0497 0.1991, -2.1279 -0.2896 0.2346, -2.1811 -0.3963 0.2718, -2.1518 -0.2794 0.2318, -2.1811 -0.2793 0.232, -2.1638 -0.2743 0.2303, -2.1811 -0.2744 0.2304, -2.1811 -0.2652 0.228, -2.1811 -0.5118 0.3287, 2.1496 -0.5118 0.3287, -2.1811 -0.5846 0.3774, 2.1496 -0.5846 0.3774, -2.1811 -0.6189 0.4002, 2.1496 -0.6189 0.4002, -2.1811 -0.7157 0.4851, 2.1496 -0.7157 0.4851, -2.1811 -0.8005 0.5819, 2.1496 -0.8005 0.5819, -2.1811 -0.8234 0.6162, 2.1496 -0.8234 0.6162, -2.1811 -0.8721 0.689, 2.1496 -0.8721 0.689, -2.1811 -0.9085 0.7629, 2.1496 -0.9085 0.7629, -2.1811 -0.929 0.8044, 2.1496 -0.929 0.8044, -2.1811 -0.9688 0.9215, 2.1496 -0.9688 0.9215, -2.1811 -0.9704 0.9264, 2.1496 -0.9704 0.9264, -2.1811 -0.9955 1.0526, 2.1496 -0.9955 1.0526, 2.1496 -0.9979 1.0886, 2.1496 0.9561 2.4907, -2.1811 0.9561 2.4907, 2.1496 0.9478 2.5328, -2.1811 0.9478 2.5328, 2.1496 0.931 2.617, -2.1811 0.931 2.617, 2.1496 0.9034 2.6982, -2.1811 0.9034 2.6982, 2.1496 0.8896 2.7389, -2.1811 0.8896 2.7389, 2.1496 0.8327 2.8543, -2.1811 0.8327 2.8543, 2.1496 0.7612 2.9614, -2.1811 0.7612 2.9614, 2.1496 0.7329 2.9936, -2.1811 0.7329 2.9936, 2.1496 0.6763 3.0582, -2.1811 0.6763 3.0582, 2.1496 0.6117 3.1148, -2.1811 0.6117 3.1148, 2.1496 0.5795 3.1431, -2.1811 0.5795 3.1431, 2.1496 0.4724 3.2146, -2.1811 0.4724 3.2146, 2.1496 0.357 3.2715, -2.1811 0.357 3.2715, 2.1496 0.3163 3.2853, -2.1811 0.3163 3.2853, 2.1496 0.2351 3.3129, -2.1811 0.2351 3.3129, 2.1496 0.1509 3.3297, -2.1811 0.1509 3.3297, 2.1496 0.1088 3.338, -2.1811 0.1088 3.338, 2.1496 -0.0197 3.3465, -2.1811 -0.0197 3.3465, -2.1811 -0.9955 2.4907, 2.1496 -0.9955 2.4907, -2.1811 -0.9872 2.5328, 2.1496 -0.9872 2.5328, -2.1811 -0.9704 2.617, 2.1496 -0.9704 2.617, -2.1811 -0.9428 2.6982, 2.1496 -0.9428 2.6982, -2.1811 -0.929 2.7389, 2.1496 -0.929 2.7389, -2.1811 -0.8721 2.8543, 2.1496 -0.8721 2.8543, -2.1811 -0.8005 2.9614, 2.1496 -0.8005 2.9614, -2.1811 -0.7723 2.9936, 2.1496 -0.7723 2.9936, -2.1811 -0.7157 3.0582, 2.1496 -0.7157 3.0582, -2.1811 -0.6511 3.1148, 2.1496 -0.6511 3.1148, -2.1811 -0.6189 3.1431, 2.1496 -0.6189 3.1431, -2.1811 -0.5118 3.2146, 2.1496 -0.5118 3.2146, -2.1811 -0.3963 3.2715, 2.1496 -0.3963 3.2715, -2.1811 -0.3557 3.2853, 2.1496 -0.3557 3.2853, -2.1811 -0.2744 3.3129, 2.1496 -0.2744 3.3129, -2.1811 -0.1902 3.3297, 2.1496 -0.1902 3.3297, -2.1811 -0.1482 3.338, 2.1496 -0.1482 3.338, -2.5672 -0.0197 0.5137, -2.5672 -0.1068 0.5195, -2.5448 -0.0197 0.4399, -2.5448 -0.1164 0.4462, -2.5085 -0.0197 0.3718, -2.5085 -0.1253 0.3787, -2.4595 -0.0197 0.3122, -2.3998 -0.0197 0.2632, -2.3998 -0.1395 0.2711, -2.3318 -0.0197 0.2268, -2.3318 -0.1442 0.235, -2.2579 -0.9964 1.1811, -2.2728 -0.1175 0.2126, -2.263 -0.147 0.2138, -2.197 -0.2507 0.2247, -2.2579 -0.2725 0.2377, -2.2579 -0.1589 0.2145, -2.2494 -0.178 0.2157, -2.2346 -0.2039 0.218, -2.2168 -0.2288 0.221, -2.2624 -0.1488 0.2139, -2.3318 -0.2667 0.2593, -2.2861 -0.0197 0.2111, -2.2845 -0.0538 0.2113, -2.2799 -0.0871 0.2118, -2.2579 -0.3935 0.2788, -2.2579 -0.508 0.3353, -2.2579 -0.6143 0.4062, -2.2579 -0.7103 0.4905, -2.2579 -0.7945 0.5865, -2.2579 -0.8655 0.6928, -2.2579 -0.922 0.8073, -2.2579 -0.9631 0.9283, -2.2579 -0.988 1.0536, -2.3318 -0.3849 0.2995, -2.3318 -0.4968 0.3547, -2.3318 -0.6006 0.424, -2.3318 -0.6945 0.5063, -2.3318 -0.7768 0.6002, -2.3318 -0.8461 0.704, -2.3318 -0.9013 0.8159, -2.3318 -0.9415 0.9341, -2.3318 -0.9658 1.0565, -2.2825 -0.9889 1.1811, -2.3318 -0.974 1.1811, -2.3772 -0.9497 1.1811, -2.3998 -0.2573 0.2945, -2.3998 -0.371 0.3331, -2.3998 -0.4786 0.3862, -2.3998 -0.5785 0.4529, -2.3998 -0.6687 0.5321, -2.3998 -0.7479 0.6223, -2.3998 -0.8146 0.7222, -2.3998 -0.8677 0.8298, -2.3998 -0.9063 0.9435, -2.3998 -0.9297 1.0613, -2.3998 -0.9376 1.1811, -2.4595 -0.1331 0.3196, -2.4595 -0.2446 0.3418, -2.4595 -0.3522 0.3783, -2.4595 -0.4542 0.4286, -2.4595 -0.5487 0.4917, -2.4595 -0.6341 0.5667, -2.4595 -0.7091 0.6521, -2.4595 -0.7722 0.7466, -2.4595 -0.8225 0.8486, -2.4595 -0.859 0.9562, -2.4595 -0.8812 1.0677, -2.4595 -0.8886 1.1811, -2.5085 -0.822 1.0755, -2.5085 -0.8014 0.9716, -2.5085 -0.7674 0.8714, -2.5085 -0.7205 0.7765, -2.5085 -0.6617 0.6884, -2.5085 -0.5919 0.6089, -2.5085 -0.5123 0.5391, -2.5085 -0.4243 0.4802, -2.5085 -0.3294 0.4334, -2.5085 -0.2291 0.3994, -2.5448 -0.2115 0.4651, -2.5448 -0.3033 0.4963, -2.5448 -0.3903 0.5392, -2.5448 -0.4709 0.5931, -2.5448 -0.5438 0.657, -2.5448 -0.6077 0.7299, -2.5448 -0.6616 0.8105, -2.5448 -0.7045 0.8975, -2.5448 -0.7356 0.9893, -2.5448 -0.7546 1.0844, -2.5085 -0.829 1.1811, -2.5206 -0.8063 1.1811, -2.5448 -0.7609 1.1811, -2.5598 -0.7116 1.1811, -2.5672 -0.1924 0.5365, -2.5672 -0.2751 0.5645, -2.5672 -0.3534 0.6032, -2.5672 -0.426 0.6517, -2.5672 -0.4916 0.7092, -2.5672 -0.5491 0.7748, -2.5672 -0.5976 0.8474, -2.5672 -0.6362 0.9257, -2.5672 -0.6643 1.0084, -2.5672 -0.6813 1.094, -2.5672 -0.687 1.1811, -2.2579 -0.9964 2.3622, -2.2825 -0.9889 2.3622, -2.3318 -0.974 2.3622, -2.3772 -0.9497 2.3622, -2.3998 -0.9376 2.3622, -2.4595 -0.8886 2.3622, -2.5085 -0.829 2.3622, -2.5206 -0.8063 2.3622, -2.5448 -0.7609 2.3622, -2.5598 -0.7116 2.3622, -2.5672 -0.687 2.3622, -2.5206 0.7669 1.1811, -2.5085 0.7896 1.1811, -2.5085 0.7827 1.0755, -2.4595 0.8492 1.1811, -2.4595 0.8418 1.0677, -2.3318 0.1049 0.235, -2.2628 0.1077 0.2139, -2.2652 0.1019 0.2136, -2.2741 0.0735 0.2125, -2.2812 0.0406 0.2116, -2.2851 0.0071 0.2112, -2.2023 0.2059 0.2236, -2.2579 0.2331 0.2377, -2.2216 0.1832 0.2201, -2.2377 0.1596 0.2175, -2.2528 0.1317 0.2152, -2.2579 0.1195 0.2145, -2.2579 0.957 1.1811, -2.2579 0.9486 1.0536, -2.2579 0.9237 0.9283, -2.2579 0.8827 0.8073, -2.2579 0.8261 0.6928, -2.2579 0.7552 0.5865, -2.2579 0.6709 0.4905, -2.2579 0.5749 0.4062, -2.2579 0.4687 0.3353, -2.2579 0.3541 0.2788, -2.3772 0.9103 1.1811, -2.3318 0.9346 1.1811, -2.3318 0.9264 1.0565, -2.2825 0.9495 1.1811, -2.3318 0.2273 0.2593, -2.3318 0.3455 0.2995, -2.3318 0.4575 0.3547, -2.3318 0.5612 0.424, -2.3318 0.6551 0.5063, -2.3318 0.7374 0.6002, -2.3318 0.8067 0.704, -2.3318 0.862 0.8159, -2.3318 0.9021 0.9341, -2.3998 0.8982 1.1811, -2.3998 0.8904 1.0613, -2.3998 0.8669 0.9435, -2.3998 0.8283 0.8298, -2.3998 0.7752 0.7222, -2.3998 0.7085 0.6223, -2.3998 0.6294 0.5321, -2.3998 0.5391 0.4529, -2.3998 0.4393 0.3862, -2.3998 0.3316 0.3331, -2.3998 0.2179 0.2945, -2.3998 0.1001 0.2711, -2.4595 0.8196 0.9562, -2.4595 0.7831 0.8486, -2.4595 0.7328 0.7466, -2.4595 0.6697 0.6521, -2.4595 0.5947 0.5667, -2.4595 0.5093 0.4917, -2.4595 0.4148 0.4286, -2.4595 0.3128 0.3783, -2.4595 0.2052 0.3418, -2.4595 0.0937 0.3196, -2.5085 0.762 0.9716, -2.5085 0.728 0.8714, -2.5085 0.6812 0.7765, -2.5085 0.6224 0.6884, -2.5085 0.5526 0.6089, -2.5085 0.473 0.5391, -2.5085 0.3849 0.4802, -2.5085 0.29 0.4334, -2.5085 0.1898 0.3994, -2.5085 0.0859 0.3787, -2.5598 0.6723 1.1811, -2.5448 0.7215 1.1811, -2.5448 0.7152 1.0844, -2.5448 0.6963 0.9893, -2.5448 0.6651 0.8975, -2.5448 0.6222 0.8105, -2.5448 0.5684 0.7299, -2.5448 0.5044 0.657, -2.5448 0.4315 0.5931, -2.5448 0.3509 0.5392, -2.5448 0.264 0.4963, -2.5448 0.1722 0.4651, -2.5448 0.0771 0.4462, -2.5672 0.6477 1.1811, -2.5672 0.642 1.094, -2.5672 0.6249 1.0084, -2.5672 0.5969 0.9257, -2.5672 0.5583 0.8474, -2.5672 0.5098 0.7748, -2.5672 0.4522 0.7092, -2.5672 0.3866 0.6517, -2.5672 0.314 0.6032, -2.5672 0.2357 0.5645, -2.5672 0.153 0.5365, -2.5672 0.0674 0.5195, -2.5085 -0.822 2.4678, -2.4595 -0.8812 2.4756, -2.2579 -0.988 2.4897, -2.2579 -0.9631 2.615, -2.2579 -0.922 2.736, -2.2579 -0.8655 2.8506, -2.2579 -0.7945 2.9568, -2.2579 -0.7103 3.0528, -2.2579 -0.6143 3.1371, -2.2579 -0.508 3.208, -2.2579 -0.3935 3.2645, -2.2579 -0.2725 3.3056, -2.2579 -0.1472 3.3305, -2.2579 -0.0197 3.3389, -2.3318 -0.9658 2.4868, -2.3318 -0.9415 2.6092, -2.3318 -0.9013 2.7274, -2.3318 -0.8461 2.8393, -2.3318 -0.7768 2.9431, -2.3318 -0.6945 3.037, -2.3318 -0.6006 3.1193, -2.3318 -0.4968 3.1886, -2.3318 -0.3849 3.2439, -2.3318 -0.2667 3.284, -2.3318 -0.1442 3.3083, -2.3318 -0.0197 3.3165, -2.3998 -0.9297 2.482, -2.3998 -0.9063 2.5998, -2.3998 -0.8677 2.7135, -2.3998 -0.8146 2.8212, -2.3998 -0.7479 2.921, -2.3998 -0.6687 3.0113, -2.3998 -0.5785 3.0904, -2.3998 -0.4786 3.1571, -2.3998 -0.371 3.2102, -2.3998 -0.2573 3.2488, -2.3998 -0.1395 3.2723, -2.3998 -0.0197 3.2801, -2.4595 -0.859 2.5871, -2.4595 -0.8225 2.6947, -2.4595 -0.7722 2.7967, -2.4595 -0.7091 2.8912, -2.4595 -0.6341 2.9766, -2.4595 -0.5487 3.0516, -2.4595 -0.4542 3.1147, -2.4595 -0.3522 3.165, -2.4595 -0.2446 3.2015, -2.4595 -0.1331 3.2237, -2.4595 -0.0197 3.2311, -2.5085 -0.8014 2.5717, -2.5085 -0.7674 2.6719, -2.5085 -0.7205 2.7668, -2.5085 -0.6617 2.8549, -2.5085 -0.5919 2.9345, -2.5085 -0.5123 3.0043, -2.5085 -0.4243 3.0631, -2.5085 -0.3294 3.1099, -2.5085 -0.2291 3.1439, -2.5085 -0.1253 3.1646, -2.5085 -0.0197 3.1715, -2.5448 -0.7546 2.459, -2.5448 -0.7356 2.554, -2.5448 -0.7045 2.6459, -2.5448 -0.6616 2.7328, -2.5448 -0.6077 2.8134, -2.5448 -0.5438 2.8863, -2.5448 -0.4709 2.9503, -2.5448 -0.3903 3.0041, -2.5448 -0.3033 3.047, -2.5448 -0.2115 3.0782, -2.5448 -0.1164 3.0971, -2.5448 -0.0197 3.1034, -2.5672 -0.6813 2.4493, -2.5672 -0.6643 2.5349, -2.5672 -0.6362 2.6176, -2.5672 -0.5976 2.6959, -2.5672 -0.5491 2.7685, -2.5672 -0.4916 2.8341, -2.5672 -0.426 2.8917, -2.5672 -0.3534 2.9402, -2.5672 -0.2751 2.9788, -2.5672 -0.1924 3.0068, -2.5672 -0.1068 3.0239, -2.5672 -0.0197 3.0296, -2.2579 0.957 2.3622, -2.2825 0.9495 2.3622, -2.3318 0.9346 2.3622, -2.3772 0.9103 2.3622, -2.3998 0.8982 2.3622, -2.4595 0.8492 2.3622, -2.5085 0.7896 2.3622, -2.5206 0.7669 2.3622, -2.5448 0.7215 2.3622, -2.5598 0.6723 2.3622, -2.5672 0.6477 2.3622, -2.5672 0.0674 3.0239, -2.5448 0.0771 3.0971, -2.5085 0.0859 3.1646, -2.3998 0.1001 3.2723, -2.3318 0.1049 3.3083, -2.2579 0.1078 3.3305, -2.2579 0.2331 3.3056, -2.2579 0.3541 3.2645, -2.2579 0.4687 3.208, -2.2579 0.5749 3.1371, -2.2579 0.6709 3.0528, -2.2579 0.7552 2.9568, -2.2579 0.8261 2.8506, -2.2579 0.8827 2.736, -2.2579 0.9237 2.615, -2.2579 0.9486 2.4897, -2.3318 0.2273 3.284, -2.3318 0.3455 3.2439, -2.3318 0.4575 3.1886, -2.3318 0.5612 3.1193, -2.3318 0.6551 3.037, -2.3318 0.7374 2.9431, -2.3318 0.8067 2.8393, -2.3318 0.862 2.7274, -2.3318 0.9021 2.6092, -2.3318 0.9264 2.4868, -2.3998 0.2179 3.2488, -2.3998 0.3316 3.2102, -2.3998 0.4393 3.1571, -2.3998 0.5391 3.0904, -2.3998 0.6294 3.0113, -2.3998 0.7085 2.921, -2.3998 0.7752 2.8212, -2.3998 0.8283 2.7135, -2.3998 0.8669 2.5998, -2.3998 0.8904 2.482, -2.4595 0.0937 3.2237, -2.4595 0.2052 3.2015, -2.4595 0.3128 3.165, -2.4595 0.4148 3.1147, -2.4595 0.5093 3.0516, -2.4595 0.5947 2.9766, -2.4595 0.6697 2.8912, -2.4595 0.7328 2.7967, -2.4595 0.7831 2.6947, -2.4595 0.8196 2.5871, -2.4595 0.8418 2.4756, -2.5085 0.7827 2.4678, -2.5085 0.762 2.5717, -2.5085 0.728 2.6719, -2.5085 0.6812 2.7668, -2.5085 0.6224 2.8549, -2.5085 0.5526 2.9345, -2.5085 0.473 3.0043, -2.5085 0.3849 3.0631, -2.5085 0.29 3.1099, -2.5085 0.1898 3.1439, -2.5448 0.1722 3.0782, -2.5448 0.264 3.047, -2.5448 0.3509 3.0041, -2.5448 0.4315 2.9503, -2.5448 0.5044 2.8863, -2.5448 0.5684 2.8134, -2.5448 0.6222 2.7328, -2.5448 0.6651 2.6459, -2.5448 0.6963 2.554, -2.5448 0.7152 2.459, -2.5672 0.153 3.0068, -2.5672 0.2357 2.9788, -2.5672 0.314 2.9402, -2.5672 0.3866 2.8917, -2.5672 0.4522 2.8341, -2.5672 0.5098 2.7685, -2.5672 0.5583 2.6959, -2.5672 0.5969 2.6176, -2.5672 0.6249 2.5349, -2.5672 0.642 2.4493, 2.4891 -0.8063 1.1811, 2.477 -0.829 1.1811, 2.477 -0.822 1.0755, 2.428 -0.8886 1.1811, 2.428 -0.8812 1.0677, 2.3003 -0.1442 0.235, 2.2313 -0.147 0.2139, 2.2337 -0.1413 0.2136, 2.2426 -0.1129 0.2125, 2.2496 -0.08 0.2116, 2.3003 -0.0197 0.2268, 2.2536 -0.0465 0.2112, 2.2546 -0.0197 0.2111, 2.1708 -0.2453 0.2236, 2.2264 -0.2725 0.2377, 2.1901 -0.2226 0.2201, 2.2062 -0.1989 0.2175, 2.2213 -0.1711 0.2152, 2.2264 -0.1589 0.2145, 2.2264 -0.9964 1.1811, 2.2264 -0.988 1.0536, 2.2264 -0.9631 0.9283, 2.2264 -0.922 0.8073, 2.2264 -0.8655 0.6928, 2.2264 -0.7945 0.5865, 2.2264 -0.7103 0.4905, 2.2264 -0.6143 0.4062, 2.2264 -0.508 0.3353, 2.2264 -0.3935 0.2788, 2.3457 -0.9497 1.1811, 2.3003 -0.974 1.1811, 2.3003 -0.9658 1.0565, 2.251 -0.9889 1.1811, 2.3003 -0.2667 0.2593, 2.3003 -0.3849 0.2995, 2.3003 -0.4968 0.3547, 2.3003 -0.6006 0.424, 2.3003 -0.6945 0.5063, 2.3003 -0.7768 0.6002, 2.3003 -0.8461 0.704, 2.3003 -0.9013 0.8159, 2.3003 -0.9415 0.9341, 2.3683 -0.9376 1.1811, 2.3683 -0.9297 1.0613, 2.3683 -0.9063 0.9435, 2.3683 -0.8677 0.8298, 2.3683 -0.8146 0.7222, 2.3683 -0.7479 0.6223, 2.3683 -0.6687 0.5321, 2.3683 -0.5785 0.4529, 2.3683 -0.4786 0.3862, 2.3683 -0.371 0.3331, 2.3683 -0.2573 0.2945, 2.3683 -0.1395 0.2711, 2.3683 -0.0197 0.2632, 2.428 -0.859 0.9562, 2.428 -0.8225 0.8486, 2.428 -0.7722 0.7466, 2.428 -0.7091 0.6521, 2.428 -0.6341 0.5667, 2.428 -0.5487 0.4917, 2.428 -0.4542 0.4286, 2.428 -0.3522 0.3783, 2.428 -0.2446 0.3418, 2.428 -0.1331 0.3196, 2.428 -0.0197 0.3122, 2.477 -0.8014 0.9716, 2.477 -0.7674 0.8714, 2.477 -0.7205 0.7765, 2.477 -0.6617 0.6884, 2.477 -0.5919 0.6089, 2.477 -0.5123 0.5391, 2.477 -0.4243 0.4802, 2.477 -0.3294 0.4334, 2.477 -0.2291 0.3994, 2.477 -0.1253 0.3787, 2.477 -0.0197 0.3718, 2.5283 -0.7116 1.1811, 2.5133 -0.7609 1.1811, 2.5133 -0.7546 1.0844, 2.5133 -0.7356 0.9893, 2.5133 -0.7045 0.8975, 2.5133 -0.6616 0.8105, 2.5133 -0.6077 0.7299, 2.5133 -0.5438 0.657, 2.5133 -0.4709 0.5931, 2.5133 -0.3903 0.5392, 2.5133 -0.3033 0.4963, 2.5133 -0.2115 0.4651, 2.5133 -0.1164 0.4462, 2.5133 -0.0197 0.4399, 2.5357 -0.687 1.1811, 2.5357 -0.6813 1.094, 2.5357 -0.6643 1.0084, 2.5357 -0.6362 0.9257, 2.5357 -0.5976 0.8474, 2.5357 -0.5491 0.7748, 2.5357 -0.4916 0.7092, 2.5357 -0.426 0.6517, 2.5357 -0.3534 0.6032, 2.5357 -0.2751 0.5645, 2.5357 -0.1924 0.5365, 2.5357 -0.1068 0.5195, 2.5357 -0.0197 0.5137, 2.5357 0.0674 0.5195, 2.5133 0.0771 0.4462, 2.477 0.0859 0.3787, 2.3683 0.1001 0.2711, 2.3003 0.1049 0.235, 2.2264 0.957 1.1811, 2.2413 0.0781 0.2126, 2.2315 0.1077 0.2138, 2.1655 0.2113 0.2247, 2.2264 0.2331 0.2377, 2.2264 0.1195 0.2145, 2.2179 0.1386 0.2157, 2.2031 0.1645 0.218, 2.1853 0.1894 0.221, 2.2309 0.1094 0.2139, 2.3003 0.2273 0.2593, 2.253 0.0144 0.2113, 2.2484 0.0477 0.2118, 2.2264 0.3541 0.2788, 2.2264 0.4687 0.3353, 2.2264 0.5749 0.4062, 2.2264 0.6709 0.4905, 2.2264 0.7552 0.5865, 2.2264 0.8261 0.6928, 2.2264 0.8827 0.8073, 2.2264 0.9237 0.9283, 2.2264 0.9486 1.0536, 2.3003 0.3455 0.2995, 2.3003 0.4575 0.3547, 2.3003 0.5612 0.424, 2.3003 0.6551 0.5063, 2.3003 0.7374 0.6002, 2.3003 0.8067 0.704, 2.3003 0.862 0.8159, 2.3003 0.9021 0.9341, 2.3003 0.9264 1.0565, 2.251 0.9495 1.1811, 2.3003 0.9346 1.1811, 2.3457 0.9103 1.1811, 2.3683 0.2179 0.2945, 2.3683 0.3316 0.3331, 2.3683 0.4393 0.3862, 2.3683 0.5391 0.4529, 2.3683 0.6294 0.5321, 2.3683 0.7085 0.6223, 2.3683 0.7752 0.7222, 2.3683 0.8283 0.8298, 2.3683 0.8669 0.9435, 2.3683 0.8904 1.0613, 2.3683 0.8982 1.1811, 2.428 0.0937 0.3196, 2.428 0.2052 0.3418, 2.428 0.3128 0.3783, 2.428 0.4148 0.4286, 2.428 0.5093 0.4917, 2.428 0.5947 0.5667, 2.428 0.6697 0.6521, 2.428 0.7328 0.7466, 2.428 0.7831 0.8486, 2.428 0.8196 0.9562, 2.428 0.8418 1.0677, 2.428 0.8492 1.1811, 2.477 0.7827 1.0755, 2.477 0.762 0.9716, 2.477 0.728 0.8714, 2.477 0.6812 0.7765, 2.477 0.6224 0.6884, 2.477 0.5526 0.6089, 2.477 0.473 0.5391, 2.477 0.3849 0.4802, 2.477 0.29 0.4334, 2.477 0.1898 0.3994, 2.5133 0.1722 0.4651, 2.5133 0.264 0.4963, 2.5133 0.3509 0.5392, 2.5133 0.4315 0.5931, 2.5133 0.5044 0.657, 2.5133 0.5684 0.7299, 2.5133 0.6222 0.8105, 2.5133 0.6651 0.8975, 2.5133 0.6963 0.9893, 2.5133 0.7152 1.0844, 2.477 0.7896 1.1811, 2.4891 0.7669 1.1811, 2.5133 0.7215 1.1811, 2.5283 0.6723 1.1811, 2.5357 0.153 0.5365, 2.5357 0.2357 0.5645, 2.5357 0.314 0.6032, 2.5357 0.3866 0.6517, 2.5357 0.4522 0.7092, 2.5357 0.5098 0.7748, 2.5357 0.5583 0.8474, 2.5357 0.5969 0.9257, 2.5357 0.6249 1.0084, 2.5357 0.642 1.094, 2.5357 0.6477 1.1811, 2.2264 -0.9964 2.3622, 2.251 -0.9889 2.3622, 2.3003 -0.974 2.3622, 2.3457 -0.9497 2.3622, 2.3683 -0.9376 2.3622, 2.428 -0.8886 2.3622, 2.477 -0.829 2.3622, 2.4891 -0.8063 2.3622, 2.5133 -0.7609 2.3622, 2.5283 -0.7116 2.3622, 2.5357 -0.687 2.3622, 2.5357 0.6477 2.3622, 2.5283 0.6723 2.3622, 2.5133 0.7215 2.3622, 2.4891 0.7669 2.3622, 2.477 0.7896 2.3622, 2.428 0.8492 2.3622, 2.3683 0.8982 2.3622, 2.3457 0.9103 2.3622, 2.3003 0.9346 2.3622, 2.251 0.9495 2.3622, 2.2264 0.957 2.3622, 2.5357 -0.0197 3.0296, 2.5357 -0.1068 3.0239, 2.5133 -0.0197 3.1034, 2.5133 -0.1164 3.0971, 2.477 -0.0197 3.1715, 2.477 -0.1253 3.1646, 2.428 -0.0197 3.2311, 2.3683 -0.0197 3.2801, 2.3683 -0.1395 3.2723, 2.3003 -0.0197 3.3165, 2.3003 -0.1442 3.3083, 2.2264 -0.0197 3.3389, 2.2264 -0.1472 3.3305, 2.2264 -0.2725 3.3056, 2.2264 -0.3935 3.2645, 2.2264 -0.508 3.208, 2.2264 -0.6143 3.1371, 2.2264 -0.7103 3.0528, 2.2264 -0.7945 2.9568, 2.2264 -0.8655 2.8506, 2.2264 -0.922 2.736, 2.2264 -0.9631 2.615, 2.2264 -0.988 2.4897, 2.3003 -0.2667 3.284, 2.3003 -0.3849 3.2439, 2.3003 -0.4968 3.1886, 2.3003 -0.6006 3.1193, 2.3003 -0.6945 3.037, 2.3003 -0.7768 2.9431, 2.3003 -0.8461 2.8393, 2.3003 -0.9013 2.7274, 2.3003 -0.9415 2.6092, 2.3003 -0.9658 2.4868, 2.3683 -0.2573 3.2488, 2.3683 -0.371 3.2102, 2.3683 -0.4786 3.1571, 2.3683 -0.5785 3.0904, 2.3683 -0.6687 3.0113, 2.3683 -0.7479 2.921, 2.3683 -0.8146 2.8212, 2.3683 -0.8677 2.7135, 2.3683 -0.9063 2.5998, 2.3683 -0.9297 2.482, 2.428 -0.1331 3.2237, 2.428 -0.2446 3.2015, 2.428 -0.3522 3.165, 2.428 -0.4542 3.1147, 2.428 -0.5487 3.0516, 2.428 -0.6341 2.9766, 2.428 -0.7091 2.8912, 2.428 -0.7722 2.7967, 2.428 -0.8225 2.6947, 2.428 -0.859 2.5871, 2.428 -0.8812 2.4756, 2.477 -0.822 2.4678, 2.477 -0.8014 2.5717, 2.477 -0.7674 2.6719, 2.477 -0.7205 2.7668, 2.477 -0.6617 2.8549, 2.477 -0.5919 2.9345, 2.477 -0.5123 3.0043, 2.477 -0.4243 3.0631, 2.477 -0.3294 3.1099, 2.477 -0.2291 3.1439, 2.5133 -0.2115 3.0782, 2.5133 -0.3033 3.047, 2.5133 -0.3903 3.0041, 2.5133 -0.4709 2.9503, 2.5133 -0.5438 2.8863, 2.5133 -0.6077 2.8134, 2.5133 -0.6616 2.7328, 2.5133 -0.7045 2.6459, 2.5133 -0.7356 2.554, 2.5133 -0.7546 2.459, 2.5357 -0.1924 3.0068, 2.5357 -0.2751 2.9788, 2.5357 -0.3534 2.9402, 2.5357 -0.426 2.8917, 2.5357 -0.4916 2.8341, 2.5357 -0.5491 2.7685, 2.5357 -0.5976 2.6959, 2.5357 -0.6362 2.6176, 2.5357 -0.6643 2.5349, 2.5357 -0.6813 2.4493, 2.477 0.7827 2.4678, 2.428 0.8418 2.4756, 2.2264 0.9486 2.4897, 2.2264 0.9237 2.615, 2.2264 0.8827 2.736, 2.2264 0.8261 2.8506, 2.2264 0.7552 2.9568, 2.2264 0.6709 3.0528, 2.2264 0.5749 3.1371, 2.2264 0.4687 3.208, 2.2264 0.3541 3.2645, 2.2264 0.2331 3.3056, 2.2264 0.1078 3.3305, 2.3003 0.9264 2.4868, 2.3003 0.9021 2.6092, 2.3003 0.862 2.7274, 2.3003 0.8067 2.8393, 2.3003 0.7374 2.9431, 2.3003 0.6551 3.037, 2.3003 0.5612 3.1193, 2.3003 0.4575 3.1886, 2.3003 0.3455 3.2439, 2.3003 0.2273 3.284, 2.3003 0.1049 3.3083, 2.3683 0.8904 2.482, 2.3683 0.8669 2.5998, 2.3683 0.8283 2.7135, 2.3683 0.7752 2.8212, 2.3683 0.7085 2.921, 2.3683 0.6294 3.0113, 2.3683 0.5391 3.0904, 2.3683 0.4393 3.1571, 2.3683 0.3316 3.2102, 2.3683 0.2179 3.2488, 2.3683 0.1001 3.2723, 2.428 0.8196 2.5871, 2.428 0.7831 2.6947, 2.428 0.7328 2.7967, 2.428 0.6697 2.8912, 2.428 0.5947 2.9766, 2.428 0.5093 3.0516, 2.428 0.4148 3.1147, 2.428 0.3128 3.165, 2.428 0.2052 3.2015, 2.428 0.0937 3.2237, 2.477 0.762 2.5717, 2.477 0.728 2.6719, 2.477 0.6812 2.7668, 2.477 0.6224 2.8549, 2.477 0.5526 2.9345, 2.477 0.473 3.0043, 2.477 0.3849 3.0631, 2.477 0.29 3.1099, 2.477 0.1898 3.1439, 2.477 0.0859 3.1646, 2.5133 0.7152 2.459, 2.5133 0.6963 2.554, 2.5133 0.6651 2.6459, 2.5133 0.6222 2.7328, 2.5133 0.5684 2.8134, 2.5133 0.5044 2.8863, 2.5133 0.4315 2.9503, 2.5133 0.3509 3.0041, 2.5133 0.264 3.047, 2.5133 0.1722 3.0782, 2.5133 0.0771 3.0971, 2.5357 0.642 2.4493, 2.5357 0.6249 2.5349, 2.5357 0.5969 2.6176, 2.5357 0.5583 2.6959, 2.5357 0.5098 2.7685, 2.5357 0.4522 2.8341, 2.5357 0.3866 2.8917, 2.5357 0.314 2.9402, 2.5357 0.2357 2.9788, 2.5357 0.153 3.0068, 2.5357 0.0674 3.0239
            ]
        }
        coordIndex [
            0,1,2,-1,2,1,3,-1,2,3,4,-1,4,5,2,-1,2,5,6,-1,2,6,7,-1,7,8,2,-1,2,8,9,-1,2,9,10,-1,11,12,13,-1,11,14,12,-1,12,14,15,-1,12,15,16,-1,0,2,17,-1,17,2,18,-1,17,18,19,-1,19,20,17,-1,17,20,21,-1,17,21,22,-1,22,23,17,-1,17,23,24,-1,17,24,25,-1,10,26,2,-1,2,26,12,-1,2,12,27,-1,27,12,16,-1,25,28,17,-1,17,28,29,-1,17,29,30,-1,30,29,31,-1,32,33,34,-1,34,33,35,-1,13,36,11,-1,11,36,33,-1,11,33,37,-1,37,33,32,-1,38,39,29,-1,29,39,40,-1,29,40,41,-1,41,42,29,-1,29,42,43,-1,29,43,44,-1,44,45,29,-1,29,45,46,-1,29,46,31,-1,47,48,38,-1,38,48,49,-1,38,49,39,-1,50,51,52,-1,52,51,53,-1,54,55,56,-1,55,57,56,-1,56,57,58,-1,56,58,59,-1,60,61,62,-1,62,61,63,-1,60,64,61,-1,61,64,65,-1,61,65,66,-1,67,68,69,-1,69,68,70,-1,68,71,70,-1,70,71,72,-1,70,72,73,-1,63,74,62,-1,62,74,75,-1,62,75,76,-1,76,77,62,-1,62,77,78,-1,62,78,79,-1,80,81,79,-1,79,81,82,-1,79,82,62,-1,59,83,56,-1,56,83,61,-1,56,61,84,-1,84,61,66,-1,85,86,87,-1,87,86,88,-1,87,88,89,-1,73,90,70,-1,70,90,91,-1,70,91,92,-1,92,93,70,-1,70,93,94,-1,70,94,56,-1,56,94,95,-1,56,95,54,-1,87,96,85,-1,85,96,97,-1,85,97,98,-1,98,99,85,-1,85,99,100,-1,85,100,101,-1,67,102,68,-1,68,102,87,-1,68,87,103,-1,103,87,89,-1,104,105,106,-1,106,105,107,-1,52,53,108,-1,109,110,111,-1,112,113,114,-1,114,113,115,-1,115,116,114,-1,114,116,117,-1,114,117,118,-1,118,117,119,-1,118,119,120,-1,120,119,121,-1,121,119,122,-1,121,122,123,-1,123,124,121,-1,121,124,125,-1,121,125,126,-1,127,128,129,-1,129,128,130,-1,129,130,131,-1,131,132,129,-1,129,132,133,-1,129,133,134,-1,135,136,137,-1,137,136,138,-1,139,140,141,-1,141,140,142,-1,141,142,143,-1,143,142,144,-1,145,146,147,-1,147,146,148,-1,147,148,149,-1,149,150,147,-1,147,150,137,-1,147,137,151,-1,151,137,142,-1,151,142,152,-1,126,153,121,-1,121,153,154,-1,121,154,155,-1,155,154,156,-1,155,156,152,-1,157,158,151,-1,157,151,159,-1,156,160,152,-1,152,160,161,-1,152,161,151,-1,151,161,162,-1,151,162,159,-1,158,163,151,-1,151,163,164,-1,151,164,165,-1,165,164,166,-1,139,167,140,-1,140,167,168,-1,140,168,169,-1,169,170,140,-1,140,170,171,-1,140,171,172,-1,172,173,140,-1,140,173,174,-1,140,174,175,-1,175,174,176,-1,175,176,177,-1,177,176,178,-1,176,179,178,-1,178,179,180,-1,178,180,181,-1,181,180,182,-1,181,182,183,-1,183,182,184,-1,183,184,185,-1,111,186,187,-1,187,186,188,-1,187,188,189,-1,189,188,190,-1,189,190,138,-1,138,190,191,-1,138,191,137,-1,137,191,192,-1,137,192,142,-1,142,192,193,-1,142,193,144,-1,109,111,194,-1,194,111,187,-1,194,187,195,-1,110,196,111,-1,111,196,197,-1,111,197,198,-1,198,197,199,-1,198,199,200,-1,135,201,136,-1,136,201,202,-1,136,202,203,-1,203,202,204,-1,203,204,205,-1,205,204,206,-1,205,206,207,-1,208,209,210,-1,207,206,210,-1,210,206,211,-1,210,211,208,-1,209,212,210,-1,210,212,213,-1,210,213,214,-1,214,215,210,-1,210,215,216,-1,210,216,217,-1,217,218,210,-1,210,218,219,-1,210,219,220,-1,220,221,210,-1,210,221,222,-1,210,222,223,-1,223,224,210,-1,210,224,225,-1,210,225,226,-1,227,228,229,-1,229,228,230,-1,229,230,231,-1,231,230,210,-1,231,210,232,-1,232,210,226,-1,233,234,235,-1,236,237,238,-1,238,237,239,-1,238,239,235,-1,235,239,240,-1,235,240,233,-1,234,241,235,-1,235,241,242,-1,235,242,243,-1,147,244,145,-1,145,244,235,-1,145,235,245,-1,245,235,243,-1,246,247,248,-1,248,247,249,-1,248,249,236,-1,236,249,250,-1,236,250,237,-1,251,252,253,-1,133,254,134,-1,134,254,255,-1,134,255,253,-1,253,255,256,-1,253,256,251,-1,252,257,253,-1,253,257,258,-1,253,258,259,-1,260,261,262,-1,262,261,263,-1,259,264,253,-1,253,264,262,-1,253,262,265,-1,265,262,263,-1,260,266,261,-1,261,266,267,-1,261,267,268,-1,268,267,269,-1,268,269,270,-1,127,129,271,-1,271,129,272,-1,271,272,273,-1,273,272,274,-1,273,274,275,-1,275,274,276,-1,275,276,277,-1,164,278,166,-1,166,278,279,-1,166,279,280,-1,280,279,281,-1,134,147,129,-1,129,147,151,-1,129,151,282,-1,282,151,283,-1,282,283,284,-1,284,283,285,-1,284,285,286,-1,286,285,287,-1,286,287,288,-1,288,287,289,-1,288,289,290,-1,290,289,291,-1,290,291,292,-1,292,291,293,-1,292,293,294,-1,294,293,295,-1,294,295,296,-1,296,295,297,-1,296,297,298,-1,298,297,299,-1,298,299,300,-1,300,299,301,-1,300,301,302,-1,302,301,303,-1,302,303,304,-1,304,303,305,-1,304,305,108,-1,108,305,306,-1,108,306,52,-1,307,247,246,-1,105,104,308,-1,309,310,311,-1,311,310,312,-1,311,312,313,-1,314,315,316,-1,316,315,317,-1,317,318,316,-1,316,318,319,-1,316,319,320,-1,320,321,316,-1,316,321,322,-1,316,322,323,-1,323,322,324,-1,325,326,327,-1,328,329,330,-1,330,329,331,-1,330,331,332,-1,332,333,330,-1,330,333,334,-1,330,334,327,-1,327,334,335,-1,327,335,325,-1,325,335,336,-1,325,336,337,-1,338,339,340,-1,340,339,341,-1,342,343,326,-1,343,344,326,-1,326,344,341,-1,326,341,327,-1,341,339,327,-1,327,339,345,-1,327,345,346,-1,346,347,327,-1,327,347,348,-1,327,348,349,-1,349,350,327,-1,327,350,351,-1,327,351,352,-1,313,312,352,-1,352,312,353,-1,352,353,327,-1,354,355,356,-1,356,355,357,-1,356,357,358,-1,358,359,356,-1,356,359,360,-1,356,360,361,-1,361,360,362,-1,361,362,345,-1,345,362,363,-1,345,363,346,-1,270,269,364,-1,364,269,365,-1,364,365,366,-1,365,367,366,-1,366,367,368,-1,366,368,369,-1,369,368,370,-1,369,370,356,-1,356,370,371,-1,356,371,354,-1,372,373,374,-1,338,375,339,-1,339,375,376,-1,339,376,374,-1,374,376,377,-1,374,377,372,-1,373,378,374,-1,374,378,379,-1,374,379,380,-1,380,379,381,-1,381,382,380,-1,380,382,383,-1,380,383,384,-1,384,383,385,-1,384,385,386,-1,386,385,387,-1,386,387,388,-1,388,387,389,-1,388,389,390,-1,390,389,391,-1,390,391,246,-1,246,391,392,-1,246,392,307,-1,393,394,395,-1,395,394,396,-1,395,396,397,-1,397,398,395,-1,395,398,399,-1,395,399,400,-1,400,401,395,-1,395,401,402,-1,395,402,403,-1,403,404,395,-1,395,404,405,-1,395,405,406,-1,406,407,395,-1,395,407,408,-1,395,408,409,-1,409,410,395,-1,395,410,411,-1,395,411,393,-1,412,413,414,-1,414,413,415,-1,414,415,416,-1,416,415,417,-1,416,417,418,-1,418,417,419,-1,418,419,326,-1,326,419,420,-1,326,420,342,-1,228,227,421,-1,421,422,228,-1,228,422,423,-1,228,423,424,-1,424,423,393,-1,424,393,412,-1,412,393,411,-1,412,411,413,-1,425,426,427,-1,428,425,429,-1,429,425,427,-1,429,427,430,-1,430,427,337,-1,430,337,431,-1,431,337,336,-1,432,433,434,-1,200,199,435,-1,435,199,432,-1,435,432,429,-1,429,432,434,-1,429,434,428,-1,436,437,438,-1,438,437,439,-1,438,439,440,-1,440,439,441,-1,440,441,442,-1,443,328,444,-1,444,328,442,-1,444,442,445,-1,445,442,441,-1,443,446,328,-1,328,446,447,-1,328,447,448,-1,448,449,328,-1,328,449,450,-1,328,450,329,-1,185,451,183,-1,183,451,452,-1,183,452,436,-1,436,452,453,-1,436,453,437,-1,454,455,456,-1,322,457,324,-1,324,457,454,-1,324,454,458,-1,458,454,456,-1,459,460,461,-1,320,462,321,-1,321,462,463,-1,321,463,461,-1,461,463,464,-1,461,464,459,-1,460,465,461,-1,461,465,466,-1,461,466,467,-1,467,468,461,-1,461,468,469,-1,461,469,470,-1,470,469,471,-1,470,471,472,-1,472,471,473,-1,471,474,473,-1,473,474,475,-1,473,475,476,-1,476,475,113,-1,476,113,112,-1,314,316,477,-1,477,316,478,-1,477,478,479,-1,479,478,480,-1,479,480,481,-1,481,480,482,-1,481,482,483,-1,323,330,316,-1,316,330,327,-1,316,327,484,-1,484,327,485,-1,484,485,486,-1,486,485,487,-1,486,487,488,-1,488,487,489,-1,488,489,490,-1,490,489,491,-1,490,491,492,-1,492,491,493,-1,492,493,494,-1,494,493,495,-1,494,495,496,-1,496,495,497,-1,496,497,498,-1,498,497,499,-1,498,499,500,-1,500,499,501,-1,500,501,502,-1,502,501,503,-1,502,503,504,-1,504,503,505,-1,504,505,506,-1,506,505,507,-1,506,507,308,-1,308,507,508,-1,308,508,105,-1,51,50,509,-1,509,50,510,-1,509,510,511,-1,511,510,512,-1,511,512,513,-1,513,512,514,-1,513,514,515,-1,515,514,516,-1,515,516,517,-1,517,516,518,-1,517,518,519,-1,519,518,520,-1,519,520,521,-1,521,520,522,-1,521,522,523,-1,523,522,524,-1,523,524,525,-1,525,524,526,-1,525,526,527,-1,527,526,528,-1,527,528,529,-1,529,528,530,-1,529,530,531,-1,531,530,532,-1,531,532,533,-1,533,532,534,-1,533,534,535,-1,535,534,536,-1,535,536,537,-1,537,536,538,-1,537,538,539,-1,539,538,540,-1,539,540,541,-1,541,540,542,-1,541,542,543,-1,543,542,544,-1,106,107,545,-1,545,107,546,-1,545,546,547,-1,547,546,548,-1,547,548,549,-1,549,548,550,-1,549,550,551,-1,551,550,552,-1,551,552,553,-1,553,552,554,-1,553,554,555,-1,555,554,556,-1,555,556,557,-1,557,556,558,-1,557,558,559,-1,559,558,560,-1,559,560,561,-1,561,560,562,-1,561,562,563,-1,563,562,564,-1,563,564,565,-1,565,564,566,-1,565,566,567,-1,567,566,568,-1,567,568,569,-1,569,568,570,-1,569,570,571,-1,571,570,572,-1,571,572,573,-1,573,572,574,-1,573,574,575,-1,575,574,576,-1,575,576,577,-1,577,576,578,-1,577,578,544,-1,544,578,543,-1,77,579,580,-1,579,581,582,-1,581,583,584,-1,585,586,587,-1,586,588,589,-1,308,104,590,-1,591,592,589,-1,593,483,482,-1,594,595,596,-1,596,597,594,-1,594,597,598,-1,594,598,593,-1,592,599,589,-1,589,599,595,-1,589,595,600,-1,588,601,602,-1,588,602,589,-1,589,602,603,-1,589,603,591,-1,593,482,594,-1,594,482,480,-1,594,480,604,-1,480,478,604,-1,604,478,316,-1,604,316,605,-1,316,484,605,-1,605,484,486,-1,605,486,606,-1,486,488,606,-1,606,488,490,-1,606,490,607,-1,607,490,492,-1,607,492,608,-1,608,492,494,-1,608,494,609,-1,609,494,496,-1,609,496,610,-1,610,496,498,-1,498,500,610,-1,610,500,502,-1,610,502,611,-1,502,504,611,-1,611,504,506,-1,611,506,612,-1,612,506,308,-1,595,594,600,-1,600,594,604,-1,600,604,613,-1,613,604,605,-1,613,605,614,-1,614,605,606,-1,614,606,615,-1,615,606,607,-1,615,607,616,-1,616,607,608,-1,616,608,617,-1,617,608,609,-1,617,609,618,-1,618,609,610,-1,618,610,619,-1,619,610,611,-1,619,611,620,-1,620,611,612,-1,620,612,621,-1,308,590,612,-1,612,590,622,-1,612,622,621,-1,621,622,623,-1,621,623,624,-1,586,589,587,-1,587,589,600,-1,587,600,625,-1,625,600,613,-1,625,613,626,-1,626,613,614,-1,626,614,627,-1,627,614,615,-1,627,615,628,-1,628,615,616,-1,628,616,629,-1,629,616,617,-1,629,617,630,-1,630,617,618,-1,630,618,631,-1,631,618,619,-1,631,619,632,-1,632,619,620,-1,632,620,633,-1,633,620,621,-1,633,621,634,-1,634,621,624,-1,634,624,635,-1,585,587,636,-1,636,587,625,-1,636,625,637,-1,637,625,626,-1,637,626,638,-1,638,626,627,-1,638,627,639,-1,639,627,628,-1,639,628,640,-1,640,628,629,-1,640,629,641,-1,641,629,630,-1,641,630,642,-1,642,630,631,-1,642,631,643,-1,643,631,632,-1,643,632,644,-1,644,632,633,-1,644,633,645,-1,645,633,634,-1,645,634,646,-1,646,634,635,-1,646,635,647,-1,647,648,646,-1,646,648,649,-1,646,649,645,-1,645,649,650,-1,645,650,644,-1,644,650,651,-1,644,651,643,-1,643,651,652,-1,643,652,642,-1,642,652,653,-1,642,653,641,-1,641,653,654,-1,641,654,640,-1,640,654,655,-1,640,655,639,-1,639,655,656,-1,639,656,638,-1,638,656,657,-1,638,657,637,-1,637,657,584,-1,637,584,636,-1,636,584,583,-1,636,583,585,-1,581,584,582,-1,582,584,657,-1,582,657,658,-1,658,657,656,-1,658,656,659,-1,659,656,655,-1,659,655,660,-1,660,655,654,-1,660,654,661,-1,661,654,653,-1,661,653,662,-1,662,653,652,-1,662,652,663,-1,663,652,651,-1,663,651,664,-1,664,651,650,-1,664,650,665,-1,665,650,649,-1,665,649,666,-1,666,649,648,-1,666,648,667,-1,647,668,648,-1,648,668,669,-1,648,669,667,-1,667,669,670,-1,667,670,671,-1,579,582,580,-1,580,582,658,-1,580,658,672,-1,672,658,659,-1,672,659,673,-1,673,659,660,-1,673,660,674,-1,674,660,661,-1,674,661,675,-1,675,661,662,-1,675,662,676,-1,676,662,663,-1,676,663,677,-1,677,663,664,-1,677,664,678,-1,678,664,665,-1,678,665,679,-1,679,665,666,-1,679,666,680,-1,680,666,667,-1,680,667,681,-1,681,667,671,-1,681,671,682,-1,77,580,78,-1,78,580,672,-1,78,672,79,-1,79,672,673,-1,79,673,80,-1,80,673,674,-1,80,674,81,-1,81,674,675,-1,81,675,82,-1,82,675,676,-1,82,676,62,-1,62,676,677,-1,62,677,60,-1,60,677,678,-1,60,678,64,-1,64,678,679,-1,64,679,65,-1,65,679,680,-1,65,680,66,-1,66,680,681,-1,66,681,84,-1,84,681,682,-1,84,682,56,-1,104,106,590,-1,590,106,683,-1,590,683,622,-1,622,683,684,-1,622,684,623,-1,623,684,685,-1,623,685,624,-1,624,685,686,-1,624,686,635,-1,635,686,687,-1,635,687,647,-1,647,687,688,-1,647,688,668,-1,668,688,689,-1,668,689,669,-1,669,689,690,-1,669,690,670,-1,670,690,691,-1,670,691,671,-1,671,691,692,-1,671,692,682,-1,682,692,693,-1,682,693,56,-1,56,693,70,-1,694,695,696,-1,695,697,698,-1,699,700,701,-1,701,702,699,-1,699,702,703,-1,699,703,588,-1,588,703,704,-1,588,704,601,-1,281,705,706,-1,706,705,707,-1,707,708,706,-1,706,708,709,-1,706,709,710,-1,52,306,711,-1,711,306,712,-1,306,305,712,-1,712,305,303,-1,712,303,713,-1,713,303,301,-1,713,301,714,-1,301,299,714,-1,714,299,297,-1,714,297,715,-1,297,295,715,-1,715,295,293,-1,715,293,716,-1,293,291,716,-1,716,291,289,-1,716,289,717,-1,717,289,287,-1,717,287,718,-1,718,287,285,-1,718,285,719,-1,719,285,283,-1,719,283,720,-1,720,283,151,-1,151,165,720,-1,720,165,166,-1,720,166,706,-1,706,166,280,-1,706,280,281,-1,721,722,723,-1,723,722,724,-1,700,699,710,-1,710,699,725,-1,710,725,706,-1,706,725,726,-1,706,726,720,-1,720,726,727,-1,720,727,719,-1,719,727,728,-1,719,728,718,-1,718,728,729,-1,718,729,717,-1,717,729,730,-1,717,730,716,-1,716,730,731,-1,716,731,715,-1,715,731,732,-1,715,732,714,-1,714,732,733,-1,714,733,713,-1,713,733,723,-1,713,723,712,-1,712,723,724,-1,712,724,711,-1,697,734,735,-1,735,734,721,-1,721,723,735,-1,735,723,733,-1,735,733,736,-1,736,733,732,-1,736,732,737,-1,737,732,731,-1,737,731,738,-1,738,731,730,-1,738,730,739,-1,739,730,729,-1,739,729,740,-1,740,729,728,-1,740,728,741,-1,741,728,727,-1,741,727,742,-1,742,727,726,-1,742,726,743,-1,743,726,725,-1,743,725,744,-1,744,725,699,-1,744,699,745,-1,745,699,588,-1,745,588,586,-1,697,735,698,-1,698,735,736,-1,698,736,746,-1,746,736,737,-1,746,737,747,-1,747,737,738,-1,747,738,748,-1,748,738,739,-1,748,739,749,-1,749,739,740,-1,749,740,750,-1,750,740,741,-1,750,741,751,-1,751,741,742,-1,751,742,752,-1,752,742,743,-1,752,743,753,-1,753,743,744,-1,753,744,754,-1,754,744,745,-1,754,745,755,-1,755,745,586,-1,755,586,585,-1,695,698,696,-1,696,698,746,-1,696,746,756,-1,756,746,747,-1,756,747,757,-1,757,747,748,-1,757,748,758,-1,758,748,749,-1,758,749,759,-1,759,749,750,-1,759,750,760,-1,760,750,751,-1,760,751,761,-1,761,751,752,-1,761,752,762,-1,762,752,753,-1,762,753,763,-1,763,753,754,-1,763,754,764,-1,764,754,755,-1,764,755,765,-1,765,755,585,-1,765,585,583,-1,766,767,768,-1,768,767,694,-1,694,696,768,-1,768,696,756,-1,768,756,769,-1,769,756,757,-1,769,757,770,-1,770,757,758,-1,770,758,771,-1,771,758,759,-1,771,759,772,-1,772,759,760,-1,772,760,773,-1,773,760,761,-1,773,761,774,-1,774,761,762,-1,774,762,775,-1,775,762,763,-1,775,763,776,-1,776,763,764,-1,776,764,777,-1,777,764,765,-1,777,765,778,-1,778,765,583,-1,778,583,581,-1,95,779,780,-1,780,779,766,-1,766,768,780,-1,780,768,769,-1,780,769,781,-1,781,769,770,-1,781,770,782,-1,782,770,771,-1,782,771,783,-1,783,771,772,-1,783,772,784,-1,784,772,773,-1,784,773,785,-1,785,773,774,-1,785,774,786,-1,786,774,775,-1,786,775,787,-1,787,775,776,-1,787,776,788,-1,788,776,777,-1,788,777,789,-1,789,777,778,-1,789,778,790,-1,790,778,581,-1,790,581,579,-1,95,780,54,-1,54,780,781,-1,54,781,55,-1,55,781,782,-1,55,782,57,-1,57,782,783,-1,57,783,58,-1,58,783,784,-1,58,784,59,-1,59,784,785,-1,59,785,83,-1,83,785,786,-1,83,786,61,-1,61,786,787,-1,61,787,63,-1,63,787,788,-1,63,788,74,-1,74,788,789,-1,74,789,75,-1,75,789,790,-1,75,790,76,-1,76,790,579,-1,76,579,77,-1,690,689,791,-1,689,688,792,-1,684,683,793,-1,683,106,545,-1,683,545,793,-1,793,545,547,-1,793,547,794,-1,547,549,794,-1,794,549,551,-1,794,551,795,-1,551,553,795,-1,795,553,555,-1,795,555,796,-1,796,555,557,-1,796,557,797,-1,797,557,559,-1,797,559,798,-1,559,561,798,-1,798,561,563,-1,798,563,799,-1,563,565,799,-1,799,565,567,-1,799,567,800,-1,800,567,569,-1,800,569,801,-1,801,569,571,-1,801,571,802,-1,571,573,802,-1,802,573,575,-1,802,575,803,-1,575,577,803,-1,803,577,544,-1,803,544,804,-1,686,685,805,-1,805,685,684,-1,684,793,805,-1,805,793,794,-1,805,794,806,-1,806,794,795,-1,806,795,807,-1,807,795,796,-1,807,796,808,-1,808,796,797,-1,808,797,809,-1,809,797,798,-1,809,798,810,-1,810,798,799,-1,810,799,811,-1,811,799,800,-1,811,800,812,-1,812,800,801,-1,812,801,813,-1,813,801,802,-1,813,802,814,-1,814,802,803,-1,814,803,815,-1,815,803,804,-1,815,804,816,-1,688,687,817,-1,817,687,686,-1,686,805,817,-1,817,805,806,-1,817,806,818,-1,818,806,807,-1,818,807,819,-1,819,807,808,-1,819,808,820,-1,820,808,809,-1,820,809,821,-1,821,809,810,-1,821,810,822,-1,822,810,811,-1,822,811,823,-1,823,811,812,-1,823,812,824,-1,824,812,813,-1,824,813,825,-1,825,813,814,-1,825,814,826,-1,826,814,815,-1,826,815,827,-1,827,815,816,-1,827,816,828,-1,688,817,792,-1,792,817,818,-1,792,818,829,-1,829,818,819,-1,829,819,830,-1,830,819,820,-1,830,820,831,-1,831,820,821,-1,831,821,832,-1,832,821,822,-1,832,822,833,-1,833,822,823,-1,833,823,834,-1,834,823,824,-1,834,824,835,-1,835,824,825,-1,835,825,836,-1,836,825,826,-1,836,826,837,-1,837,826,827,-1,837,827,838,-1,838,827,828,-1,838,828,839,-1,689,792,791,-1,791,792,829,-1,791,829,840,-1,840,829,830,-1,840,830,841,-1,841,830,831,-1,841,831,842,-1,842,831,832,-1,842,832,843,-1,843,832,833,-1,843,833,844,-1,844,833,834,-1,844,834,845,-1,845,834,835,-1,845,835,846,-1,846,835,836,-1,846,836,847,-1,847,836,837,-1,847,837,848,-1,848,837,838,-1,848,838,849,-1,849,838,839,-1,849,839,850,-1,692,691,851,-1,851,691,690,-1,690,791,851,-1,851,791,840,-1,851,840,852,-1,852,840,841,-1,852,841,853,-1,853,841,842,-1,853,842,854,-1,854,842,843,-1,854,843,855,-1,855,843,844,-1,855,844,856,-1,856,844,845,-1,856,845,857,-1,857,845,846,-1,857,846,858,-1,858,846,847,-1,858,847,859,-1,859,847,848,-1,859,848,860,-1,860,848,849,-1,860,849,861,-1,861,849,850,-1,861,850,862,-1,70,693,863,-1,863,693,692,-1,692,851,863,-1,863,851,852,-1,863,852,864,-1,864,852,853,-1,864,853,865,-1,865,853,854,-1,865,854,866,-1,866,854,855,-1,866,855,867,-1,867,855,856,-1,867,856,868,-1,868,856,857,-1,868,857,869,-1,869,857,858,-1,869,858,870,-1,870,858,859,-1,870,859,871,-1,871,859,860,-1,871,860,872,-1,872,860,861,-1,872,861,873,-1,873,861,862,-1,873,862,874,-1,70,863,69,-1,69,863,864,-1,69,864,67,-1,67,864,865,-1,67,865,102,-1,102,865,866,-1,102,866,87,-1,87,866,867,-1,87,867,96,-1,96,867,868,-1,96,868,97,-1,97,868,869,-1,97,869,98,-1,98,869,870,-1,98,870,99,-1,99,870,871,-1,99,871,100,-1,100,871,872,-1,100,872,101,-1,101,872,873,-1,101,873,85,-1,85,873,874,-1,85,874,86,-1,50,52,875,-1,875,52,711,-1,875,711,876,-1,876,711,724,-1,876,724,877,-1,877,724,722,-1,877,722,878,-1,878,722,721,-1,878,721,879,-1,879,721,734,-1,879,734,880,-1,880,734,697,-1,880,697,881,-1,881,697,695,-1,881,695,882,-1,882,695,694,-1,882,694,883,-1,883,694,767,-1,883,767,884,-1,884,767,766,-1,884,766,885,-1,885,766,779,-1,885,779,94,-1,94,779,95,-1,86,874,886,-1,874,862,887,-1,862,850,888,-1,839,828,889,-1,828,816,890,-1,816,804,891,-1,804,544,542,-1,804,542,891,-1,891,542,540,-1,891,540,892,-1,540,538,892,-1,892,538,536,-1,892,536,893,-1,536,534,893,-1,893,534,532,-1,893,532,894,-1,894,532,530,-1,894,530,895,-1,895,530,528,-1,895,528,896,-1,528,526,896,-1,896,526,524,-1,896,524,897,-1,524,522,897,-1,897,522,520,-1,897,520,898,-1,898,520,518,-1,898,518,899,-1,899,518,516,-1,899,516,900,-1,516,514,900,-1,900,514,512,-1,900,512,901,-1,901,512,510,-1,901,510,50,-1,816,891,890,-1,890,891,892,-1,890,892,902,-1,902,892,893,-1,902,893,903,-1,903,893,894,-1,903,894,904,-1,904,894,895,-1,904,895,905,-1,905,895,896,-1,905,896,906,-1,906,896,897,-1,906,897,907,-1,907,897,898,-1,907,898,908,-1,908,898,899,-1,908,899,909,-1,909,899,900,-1,909,900,910,-1,910,900,901,-1,910,901,911,-1,50,875,901,-1,901,875,876,-1,901,876,911,-1,911,876,877,-1,911,877,878,-1,828,890,889,-1,889,890,902,-1,889,902,912,-1,912,902,903,-1,912,903,913,-1,913,903,904,-1,913,904,914,-1,914,904,905,-1,914,905,915,-1,915,905,906,-1,915,906,916,-1,916,906,907,-1,916,907,917,-1,917,907,908,-1,917,908,918,-1,918,908,909,-1,918,909,919,-1,919,909,910,-1,919,910,920,-1,920,910,911,-1,920,911,921,-1,921,911,878,-1,921,878,879,-1,839,889,922,-1,922,889,912,-1,922,912,923,-1,923,912,913,-1,923,913,924,-1,924,913,914,-1,924,914,925,-1,925,914,915,-1,925,915,926,-1,926,915,916,-1,926,916,927,-1,927,916,917,-1,927,917,928,-1,928,917,918,-1,928,918,929,-1,929,918,919,-1,929,919,930,-1,930,919,920,-1,930,920,931,-1,931,920,921,-1,931,921,932,-1,932,921,879,-1,932,879,880,-1,880,933,932,-1,932,933,934,-1,932,934,931,-1,931,934,935,-1,931,935,930,-1,930,935,936,-1,930,936,929,-1,929,936,937,-1,929,937,928,-1,928,937,938,-1,928,938,927,-1,927,938,939,-1,927,939,926,-1,926,939,940,-1,926,940,925,-1,925,940,941,-1,925,941,924,-1,924,941,942,-1,924,942,923,-1,923,942,888,-1,923,888,922,-1,922,888,850,-1,922,850,839,-1,862,888,887,-1,887,888,942,-1,887,942,943,-1,943,942,941,-1,943,941,944,-1,944,941,940,-1,944,940,945,-1,945,940,939,-1,945,939,946,-1,946,939,938,-1,946,938,947,-1,947,938,937,-1,947,937,948,-1,948,937,936,-1,948,936,949,-1,949,936,935,-1,949,935,950,-1,950,935,934,-1,950,934,951,-1,951,934,933,-1,951,933,952,-1,880,881,933,-1,933,881,882,-1,933,882,952,-1,952,882,883,-1,952,883,884,-1,874,887,886,-1,886,887,943,-1,886,943,953,-1,953,943,944,-1,953,944,954,-1,954,944,945,-1,954,945,955,-1,955,945,946,-1,955,946,956,-1,956,946,947,-1,956,947,957,-1,957,947,948,-1,957,948,958,-1,958,948,949,-1,958,949,959,-1,959,949,950,-1,959,950,960,-1,960,950,951,-1,960,951,961,-1,961,951,952,-1,961,952,962,-1,962,952,884,-1,962,884,885,-1,86,886,88,-1,88,886,953,-1,88,953,89,-1,89,953,954,-1,89,954,103,-1,103,954,955,-1,103,955,68,-1,68,955,956,-1,68,956,71,-1,71,956,957,-1,71,957,72,-1,72,957,958,-1,72,958,73,-1,73,958,959,-1,73,959,90,-1,90,959,960,-1,90,960,91,-1,91,960,961,-1,91,961,92,-1,92,961,962,-1,92,962,93,-1,93,962,885,-1,93,885,94,-1,963,964,965,-1,964,966,967,-1,968,969,970,-1,970,971,968,-1,968,971,972,-1,968,972,973,-1,973,972,974,-1,973,974,975,-1,309,976,977,-1,977,976,978,-1,978,979,977,-1,977,979,980,-1,977,980,981,-1,105,508,982,-1,982,508,983,-1,508,507,983,-1,983,507,505,-1,983,505,984,-1,984,505,503,-1,984,503,985,-1,503,501,985,-1,985,501,499,-1,985,499,986,-1,499,497,986,-1,986,497,495,-1,986,495,987,-1,495,493,987,-1,987,493,491,-1,987,491,988,-1,988,491,489,-1,988,489,989,-1,989,489,487,-1,989,487,990,-1,990,487,485,-1,990,485,991,-1,991,485,327,-1,327,353,991,-1,991,353,312,-1,991,312,977,-1,977,312,310,-1,977,310,309,-1,992,993,994,-1,994,993,995,-1,969,968,981,-1,981,968,996,-1,981,996,977,-1,977,996,997,-1,977,997,991,-1,991,997,998,-1,991,998,990,-1,990,998,999,-1,990,999,989,-1,989,999,1000,-1,989,1000,988,-1,988,1000,1001,-1,988,1001,987,-1,987,1001,1002,-1,987,1002,986,-1,986,1002,1003,-1,986,1003,985,-1,985,1003,1004,-1,985,1004,984,-1,984,1004,994,-1,984,994,983,-1,983,994,995,-1,983,995,982,-1,966,1005,1006,-1,1006,1005,992,-1,992,994,1006,-1,1006,994,1004,-1,1006,1004,1007,-1,1007,1004,1003,-1,1007,1003,1008,-1,1008,1003,1002,-1,1008,1002,1009,-1,1009,1002,1001,-1,1009,1001,1010,-1,1010,1001,1000,-1,1010,1000,1011,-1,1011,1000,999,-1,1011,999,1012,-1,1012,999,998,-1,1012,998,1013,-1,1013,998,997,-1,1013,997,1014,-1,1014,997,996,-1,1014,996,1015,-1,1015,996,968,-1,1015,968,1016,-1,1016,968,973,-1,1016,973,1017,-1,966,1006,967,-1,967,1006,1007,-1,967,1007,1018,-1,1018,1007,1008,-1,1018,1008,1019,-1,1019,1008,1009,-1,1019,1009,1020,-1,1020,1009,1010,-1,1020,1010,1021,-1,1021,1010,1011,-1,1021,1011,1022,-1,1022,1011,1012,-1,1022,1012,1023,-1,1023,1012,1013,-1,1023,1013,1024,-1,1024,1013,1014,-1,1024,1014,1025,-1,1025,1014,1015,-1,1025,1015,1026,-1,1026,1015,1016,-1,1026,1016,1027,-1,1027,1016,1017,-1,1027,1017,1028,-1,964,967,965,-1,965,967,1018,-1,965,1018,1029,-1,1029,1018,1019,-1,1029,1019,1030,-1,1030,1019,1020,-1,1030,1020,1031,-1,1031,1020,1021,-1,1031,1021,1032,-1,1032,1021,1022,-1,1032,1022,1033,-1,1033,1022,1023,-1,1033,1023,1034,-1,1034,1023,1024,-1,1034,1024,1035,-1,1035,1024,1025,-1,1035,1025,1036,-1,1036,1025,1026,-1,1036,1026,1037,-1,1037,1026,1027,-1,1037,1027,1038,-1,1038,1027,1028,-1,1038,1028,1039,-1,1040,1041,1042,-1,1042,1041,963,-1,963,965,1042,-1,1042,965,1029,-1,1042,1029,1043,-1,1043,1029,1030,-1,1043,1030,1044,-1,1044,1030,1031,-1,1044,1031,1045,-1,1045,1031,1032,-1,1045,1032,1046,-1,1046,1032,1033,-1,1046,1033,1047,-1,1047,1033,1034,-1,1047,1034,1048,-1,1048,1034,1035,-1,1048,1035,1049,-1,1049,1035,1036,-1,1049,1036,1050,-1,1050,1036,1037,-1,1050,1037,1051,-1,1051,1037,1038,-1,1051,1038,1052,-1,1052,1038,1039,-1,1052,1039,1053,-1,18,1054,1055,-1,1055,1054,1040,-1,1040,1042,1055,-1,1055,1042,1043,-1,1055,1043,1056,-1,1056,1043,1044,-1,1056,1044,1057,-1,1057,1044,1045,-1,1057,1045,1058,-1,1058,1045,1046,-1,1058,1046,1059,-1,1059,1046,1047,-1,1059,1047,1060,-1,1060,1047,1048,-1,1060,1048,1061,-1,1061,1048,1049,-1,1061,1049,1062,-1,1062,1049,1050,-1,1062,1050,1063,-1,1063,1050,1051,-1,1063,1051,1064,-1,1064,1051,1052,-1,1064,1052,1065,-1,1065,1052,1053,-1,1065,1053,1066,-1,18,1055,19,-1,19,1055,1056,-1,19,1056,20,-1,20,1056,1057,-1,20,1057,21,-1,21,1057,1058,-1,21,1058,22,-1,22,1058,1059,-1,22,1059,23,-1,23,1059,1060,-1,23,1060,24,-1,24,1060,1061,-1,24,1061,25,-1,25,1061,1062,-1,25,1062,28,-1,28,1062,1063,-1,28,1063,29,-1,29,1063,1064,-1,29,1064,38,-1,38,1064,1065,-1,38,1065,47,-1,47,1065,1066,-1,47,1066,48,-1,48,1066,1067,-1,1066,1053,1068,-1,1053,1039,1069,-1,1028,1017,1070,-1,1017,973,1071,-1,108,53,1072,-1,1073,1074,1071,-1,1075,277,276,-1,1076,1077,1078,-1,1078,1079,1076,-1,1076,1079,1080,-1,1076,1080,1075,-1,1074,1081,1071,-1,1071,1081,1077,-1,1071,1077,1082,-1,973,975,1083,-1,973,1083,1071,-1,1071,1083,1084,-1,1071,1084,1073,-1,1075,276,1076,-1,1076,276,274,-1,1076,274,1085,-1,274,272,1085,-1,1085,272,129,-1,1085,129,1086,-1,129,282,1086,-1,1086,282,284,-1,1086,284,1087,-1,284,286,1087,-1,1087,286,288,-1,1087,288,1088,-1,1088,288,290,-1,1088,290,1089,-1,1089,290,292,-1,1089,292,1090,-1,1090,292,294,-1,1090,294,1091,-1,1091,294,296,-1,296,298,1091,-1,1091,298,300,-1,1091,300,1092,-1,300,302,1092,-1,1092,302,304,-1,1092,304,1093,-1,1093,304,108,-1,1077,1076,1082,-1,1082,1076,1085,-1,1082,1085,1094,-1,1094,1085,1086,-1,1094,1086,1095,-1,1095,1086,1087,-1,1095,1087,1096,-1,1096,1087,1088,-1,1096,1088,1097,-1,1097,1088,1089,-1,1097,1089,1098,-1,1098,1089,1090,-1,1098,1090,1099,-1,1099,1090,1091,-1,1099,1091,1100,-1,1100,1091,1092,-1,1100,1092,1101,-1,1101,1092,1093,-1,1101,1093,1102,-1,108,1072,1093,-1,1093,1072,1103,-1,1093,1103,1102,-1,1102,1103,1104,-1,1102,1104,1105,-1,1017,1071,1070,-1,1070,1071,1082,-1,1070,1082,1106,-1,1106,1082,1094,-1,1106,1094,1107,-1,1107,1094,1095,-1,1107,1095,1108,-1,1108,1095,1096,-1,1108,1096,1109,-1,1109,1096,1097,-1,1109,1097,1110,-1,1110,1097,1098,-1,1110,1098,1111,-1,1111,1098,1099,-1,1111,1099,1112,-1,1112,1099,1100,-1,1112,1100,1113,-1,1113,1100,1101,-1,1113,1101,1114,-1,1114,1101,1102,-1,1114,1102,1115,-1,1115,1102,1105,-1,1115,1105,1116,-1,1028,1070,1117,-1,1117,1070,1106,-1,1117,1106,1118,-1,1118,1106,1107,-1,1118,1107,1119,-1,1119,1107,1108,-1,1119,1108,1120,-1,1120,1108,1109,-1,1120,1109,1121,-1,1121,1109,1110,-1,1121,1110,1122,-1,1122,1110,1111,-1,1122,1111,1123,-1,1123,1111,1112,-1,1123,1112,1124,-1,1124,1112,1113,-1,1124,1113,1125,-1,1125,1113,1114,-1,1125,1114,1126,-1,1126,1114,1115,-1,1126,1115,1127,-1,1127,1115,1116,-1,1127,1116,1128,-1,1128,1129,1127,-1,1127,1129,1130,-1,1127,1130,1126,-1,1126,1130,1131,-1,1126,1131,1125,-1,1125,1131,1132,-1,1125,1132,1124,-1,1124,1132,1133,-1,1124,1133,1123,-1,1123,1133,1134,-1,1123,1134,1122,-1,1122,1134,1135,-1,1122,1135,1121,-1,1121,1135,1136,-1,1121,1136,1120,-1,1120,1136,1137,-1,1120,1137,1119,-1,1119,1137,1138,-1,1119,1138,1118,-1,1118,1138,1069,-1,1118,1069,1117,-1,1117,1069,1039,-1,1117,1039,1028,-1,1053,1069,1068,-1,1068,1069,1138,-1,1068,1138,1139,-1,1139,1138,1137,-1,1139,1137,1140,-1,1140,1137,1136,-1,1140,1136,1141,-1,1141,1136,1135,-1,1141,1135,1142,-1,1142,1135,1134,-1,1142,1134,1143,-1,1143,1134,1133,-1,1143,1133,1144,-1,1144,1133,1132,-1,1144,1132,1145,-1,1145,1132,1131,-1,1145,1131,1146,-1,1146,1131,1130,-1,1146,1130,1147,-1,1147,1130,1129,-1,1147,1129,1148,-1,1128,1149,1129,-1,1129,1149,1150,-1,1129,1150,1148,-1,1148,1150,1151,-1,1148,1151,1152,-1,1066,1068,1067,-1,1067,1068,1139,-1,1067,1139,1153,-1,1153,1139,1140,-1,1153,1140,1154,-1,1154,1140,1141,-1,1154,1141,1155,-1,1155,1141,1142,-1,1155,1142,1156,-1,1156,1142,1143,-1,1156,1143,1157,-1,1157,1143,1144,-1,1157,1144,1158,-1,1158,1144,1145,-1,1158,1145,1159,-1,1159,1145,1146,-1,1159,1146,1160,-1,1160,1146,1147,-1,1160,1147,1161,-1,1161,1147,1148,-1,1161,1148,1162,-1,1162,1148,1152,-1,1162,1152,1163,-1,48,1067,49,-1,49,1067,1153,-1,49,1153,39,-1,39,1153,1154,-1,39,1154,40,-1,40,1154,1155,-1,40,1155,41,-1,41,1155,1156,-1,41,1156,42,-1,42,1156,1157,-1,42,1157,43,-1,43,1157,1158,-1,43,1158,44,-1,44,1158,1159,-1,44,1159,45,-1,45,1159,1160,-1,45,1160,46,-1,46,1160,1161,-1,46,1161,31,-1,31,1161,1162,-1,31,1162,30,-1,30,1162,1163,-1,30,1163,17,-1,107,105,1164,-1,1164,105,982,-1,1164,982,1165,-1,1165,982,995,-1,1165,995,1166,-1,1166,995,993,-1,1166,993,1167,-1,1167,993,992,-1,1167,992,1168,-1,1168,992,1005,-1,1168,1005,1169,-1,1169,1005,966,-1,1169,966,1170,-1,1170,966,964,-1,1170,964,1171,-1,1171,964,963,-1,1171,963,1172,-1,1172,963,1041,-1,1172,1041,1173,-1,1173,1041,1040,-1,1173,1040,1174,-1,1174,1040,1054,-1,1174,1054,2,-1,2,1054,18,-1,0,17,1175,-1,1175,17,1163,-1,1175,1163,1176,-1,1176,1163,1152,-1,1176,1152,1177,-1,1177,1152,1151,-1,1177,1151,1178,-1,1178,1151,1150,-1,1178,1150,1179,-1,1179,1150,1149,-1,1179,1149,1180,-1,1180,1149,1128,-1,1180,1128,1181,-1,1181,1128,1116,-1,1181,1116,1182,-1,1182,1116,1105,-1,1182,1105,1183,-1,1183,1105,1104,-1,1183,1104,1184,-1,1184,1104,1103,-1,1184,1103,1185,-1,1185,1103,1072,-1,1185,1072,51,-1,51,1072,53,-1,13,1186,1187,-1,1186,1188,1189,-1,1188,1190,1191,-1,1192,1193,1194,-1,1193,1195,1196,-1,1195,1197,1198,-1,1197,543,578,-1,1197,578,1198,-1,1198,578,576,-1,1198,576,1199,-1,576,574,1199,-1,1199,574,572,-1,1199,572,1200,-1,572,570,1200,-1,1200,570,568,-1,1200,568,1201,-1,1201,568,566,-1,1201,566,1202,-1,1202,566,564,-1,1202,564,1203,-1,564,562,1203,-1,1203,562,560,-1,1203,560,1204,-1,560,558,1204,-1,1204,558,556,-1,1204,556,1205,-1,1205,556,554,-1,1205,554,1206,-1,1206,554,552,-1,1206,552,1207,-1,552,550,1207,-1,1207,550,548,-1,1207,548,1208,-1,1208,548,546,-1,1208,546,107,-1,1195,1198,1196,-1,1196,1198,1199,-1,1196,1199,1209,-1,1209,1199,1200,-1,1209,1200,1210,-1,1210,1200,1201,-1,1210,1201,1211,-1,1211,1201,1202,-1,1211,1202,1212,-1,1212,1202,1203,-1,1212,1203,1213,-1,1213,1203,1204,-1,1213,1204,1214,-1,1214,1204,1205,-1,1214,1205,1215,-1,1215,1205,1206,-1,1215,1206,1216,-1,1216,1206,1207,-1,1216,1207,1217,-1,1217,1207,1208,-1,1217,1208,1218,-1,107,1164,1208,-1,1208,1164,1165,-1,1208,1165,1218,-1,1218,1165,1166,-1,1218,1166,1167,-1,1193,1196,1194,-1,1194,1196,1209,-1,1194,1209,1219,-1,1219,1209,1210,-1,1219,1210,1220,-1,1220,1210,1211,-1,1220,1211,1221,-1,1221,1211,1212,-1,1221,1212,1222,-1,1222,1212,1213,-1,1222,1213,1223,-1,1223,1213,1214,-1,1223,1214,1224,-1,1224,1214,1215,-1,1224,1215,1225,-1,1225,1215,1216,-1,1225,1216,1226,-1,1226,1216,1217,-1,1226,1217,1227,-1,1227,1217,1218,-1,1227,1218,1228,-1,1228,1218,1167,-1,1228,1167,1168,-1,1192,1194,1229,-1,1229,1194,1219,-1,1229,1219,1230,-1,1230,1219,1220,-1,1230,1220,1231,-1,1231,1220,1221,-1,1231,1221,1232,-1,1232,1221,1222,-1,1232,1222,1233,-1,1233,1222,1223,-1,1233,1223,1234,-1,1234,1223,1224,-1,1234,1224,1235,-1,1235,1224,1225,-1,1235,1225,1236,-1,1236,1225,1226,-1,1236,1226,1237,-1,1237,1226,1227,-1,1237,1227,1238,-1,1238,1227,1228,-1,1238,1228,1239,-1,1239,1228,1168,-1,1239,1168,1169,-1,1169,1240,1239,-1,1239,1240,1241,-1,1239,1241,1238,-1,1238,1241,1242,-1,1238,1242,1237,-1,1237,1242,1243,-1,1237,1243,1236,-1,1236,1243,1244,-1,1236,1244,1235,-1,1235,1244,1245,-1,1235,1245,1234,-1,1234,1245,1246,-1,1234,1246,1233,-1,1233,1246,1247,-1,1233,1247,1232,-1,1232,1247,1248,-1,1232,1248,1231,-1,1231,1248,1249,-1,1231,1249,1230,-1,1230,1249,1191,-1,1230,1191,1229,-1,1229,1191,1190,-1,1229,1190,1192,-1,1188,1191,1189,-1,1189,1191,1249,-1,1189,1249,1250,-1,1250,1249,1248,-1,1250,1248,1251,-1,1251,1248,1247,-1,1251,1247,1252,-1,1252,1247,1246,-1,1252,1246,1253,-1,1253,1246,1245,-1,1253,1245,1254,-1,1254,1245,1244,-1,1254,1244,1255,-1,1255,1244,1243,-1,1255,1243,1256,-1,1256,1243,1242,-1,1256,1242,1257,-1,1257,1242,1241,-1,1257,1241,1258,-1,1258,1241,1240,-1,1258,1240,1259,-1,1169,1170,1240,-1,1240,1170,1171,-1,1240,1171,1259,-1,1259,1171,1172,-1,1259,1172,1173,-1,1186,1189,1187,-1,1187,1189,1250,-1,1187,1250,1260,-1,1260,1250,1251,-1,1260,1251,1261,-1,1261,1251,1252,-1,1261,1252,1262,-1,1262,1252,1253,-1,1262,1253,1263,-1,1263,1253,1254,-1,1263,1254,1264,-1,1264,1254,1255,-1,1264,1255,1265,-1,1265,1255,1256,-1,1265,1256,1266,-1,1266,1256,1257,-1,1266,1257,1267,-1,1267,1257,1258,-1,1267,1258,1268,-1,1268,1258,1259,-1,1268,1259,1269,-1,1269,1259,1173,-1,1269,1173,1174,-1,13,1187,36,-1,36,1187,1260,-1,36,1260,33,-1,33,1260,1261,-1,33,1261,35,-1,35,1261,1262,-1,35,1262,34,-1,34,1262,1263,-1,34,1263,32,-1,32,1263,1264,-1,32,1264,37,-1,37,1264,1265,-1,37,1265,11,-1,11,1265,1266,-1,11,1266,14,-1,14,1266,1267,-1,14,1267,15,-1,15,1267,1268,-1,15,1268,16,-1,16,1268,1269,-1,16,1269,27,-1,27,1269,1174,-1,27,1174,2,-1,1178,1179,1270,-1,1179,1180,1271,-1,1184,1185,1272,-1,1185,51,509,-1,1185,509,1272,-1,1272,509,511,-1,1272,511,1273,-1,511,513,1273,-1,1273,513,515,-1,1273,515,1274,-1,515,517,1274,-1,1274,517,519,-1,1274,519,1275,-1,1275,519,521,-1,1275,521,1276,-1,1276,521,523,-1,1276,523,1277,-1,523,525,1277,-1,1277,525,527,-1,1277,527,1278,-1,527,529,1278,-1,1278,529,531,-1,1278,531,1279,-1,1279,531,533,-1,1279,533,1280,-1,1280,533,535,-1,1280,535,1281,-1,535,537,1281,-1,1281,537,539,-1,1281,539,1282,-1,539,541,1282,-1,1282,541,543,-1,1282,543,1197,-1,1182,1183,1283,-1,1283,1183,1184,-1,1184,1272,1283,-1,1283,1272,1273,-1,1283,1273,1284,-1,1284,1273,1274,-1,1284,1274,1285,-1,1285,1274,1275,-1,1285,1275,1286,-1,1286,1275,1276,-1,1286,1276,1287,-1,1287,1276,1277,-1,1287,1277,1288,-1,1288,1277,1278,-1,1288,1278,1289,-1,1289,1278,1279,-1,1289,1279,1290,-1,1290,1279,1280,-1,1290,1280,1291,-1,1291,1280,1281,-1,1291,1281,1292,-1,1292,1281,1282,-1,1292,1282,1293,-1,1293,1282,1197,-1,1293,1197,1195,-1,1180,1181,1294,-1,1294,1181,1182,-1,1182,1283,1294,-1,1294,1283,1284,-1,1294,1284,1295,-1,1295,1284,1285,-1,1295,1285,1296,-1,1296,1285,1286,-1,1296,1286,1297,-1,1297,1286,1287,-1,1297,1287,1298,-1,1298,1287,1288,-1,1298,1288,1299,-1,1299,1288,1289,-1,1299,1289,1300,-1,1300,1289,1290,-1,1300,1290,1301,-1,1301,1290,1291,-1,1301,1291,1302,-1,1302,1291,1292,-1,1302,1292,1303,-1,1303,1292,1293,-1,1303,1293,1304,-1,1304,1293,1195,-1,1304,1195,1193,-1,1180,1294,1271,-1,1271,1294,1295,-1,1271,1295,1305,-1,1305,1295,1296,-1,1305,1296,1306,-1,1306,1296,1297,-1,1306,1297,1307,-1,1307,1297,1298,-1,1307,1298,1308,-1,1308,1298,1299,-1,1308,1299,1309,-1,1309,1299,1300,-1,1309,1300,1310,-1,1310,1300,1301,-1,1310,1301,1311,-1,1311,1301,1302,-1,1311,1302,1312,-1,1312,1302,1303,-1,1312,1303,1313,-1,1313,1303,1304,-1,1313,1304,1314,-1,1314,1304,1193,-1,1314,1193,1192,-1,1179,1271,1270,-1,1270,1271,1305,-1,1270,1305,1315,-1,1315,1305,1306,-1,1315,1306,1316,-1,1316,1306,1307,-1,1316,1307,1317,-1,1317,1307,1308,-1,1317,1308,1318,-1,1318,1308,1309,-1,1318,1309,1319,-1,1319,1309,1310,-1,1319,1310,1320,-1,1320,1310,1311,-1,1320,1311,1321,-1,1321,1311,1312,-1,1321,1312,1322,-1,1322,1312,1313,-1,1322,1313,1323,-1,1323,1313,1314,-1,1323,1314,1324,-1,1324,1314,1192,-1,1324,1192,1190,-1,1176,1177,1325,-1,1325,1177,1178,-1,1178,1270,1325,-1,1325,1270,1315,-1,1325,1315,1326,-1,1326,1315,1316,-1,1326,1316,1327,-1,1327,1316,1317,-1,1327,1317,1328,-1,1328,1317,1318,-1,1328,1318,1329,-1,1329,1318,1319,-1,1329,1319,1330,-1,1330,1319,1320,-1,1330,1320,1331,-1,1331,1320,1321,-1,1331,1321,1332,-1,1332,1321,1322,-1,1332,1322,1333,-1,1333,1322,1323,-1,1333,1323,1334,-1,1334,1323,1324,-1,1334,1324,1335,-1,1335,1324,1190,-1,1335,1190,1188,-1,0,1175,1336,-1,1336,1175,1176,-1,1176,1325,1336,-1,1336,1325,1326,-1,1336,1326,1337,-1,1337,1326,1327,-1,1337,1327,1338,-1,1338,1327,1328,-1,1338,1328,1339,-1,1339,1328,1329,-1,1339,1329,1340,-1,1340,1329,1330,-1,1340,1330,1341,-1,1341,1330,1331,-1,1341,1331,1342,-1,1342,1331,1332,-1,1342,1332,1343,-1,1343,1332,1333,-1,1343,1333,1344,-1,1344,1333,1334,-1,1344,1334,1345,-1,1345,1334,1335,-1,1345,1335,1346,-1,1346,1335,1188,-1,1346,1188,1186,-1,0,1336,1,-1,1,1336,1337,-1,1,1337,3,-1,3,1337,1338,-1,3,1338,4,-1,4,1338,1339,-1,4,1339,5,-1,5,1339,1340,-1,5,1340,6,-1,6,1340,1341,-1,6,1341,7,-1,7,1341,1342,-1,7,1342,8,-1,8,1342,1343,-1,8,1343,9,-1,9,1343,1344,-1,9,1344,10,-1,10,1344,1345,-1,10,1345,26,-1,26,1345,1346,-1,26,1346,12,-1,12,1346,1186,-1,12,1186,13,-1,
        ]
    }
}
Shape{
    appearance Appearance {
        material  Material 	{
            diffuseColor 0.8509803921568627 0.8509803921568627 0.8509803921568627
            specularColor 0.4235294117647059 0.4235294117647059 0.4235294117647059
            ambientIntensity 0.851
            transparency 0.0
            shininess 0.5
        }
    }
    geometry IndexedFaceSet {
        ccw TRUE
        solid FALSE
        coord DEF co Coordinate {
            point [
                2.1069 -0.0517 0.0216, 2.1046 -0.0604 0.0218, 2.1049 -0.0604 -1.378, 2.0963 -0.0844 0.0228, 2.089 -0.0984 0.0239, 2.0891 -0.0984 -1.378, 2.0022 -0.1692 0.0489, 1.9934 -0.1716 0.0505, 1.9935 -0.1718 -1.378, 2.0325 0.1161 0.0402, 2.0402 0.1113 0.0373, 2.0315 0.1167 -1.378, 2.0641 0.0917 0.0294, 2.0641 0.0917 -1.378, 2.064 0.0918 0.0294, 2.0508 0.1035 0.0335, 1.9934 0.1322 0.0505, 2.0022 0.1298 0.0489, 1.9935 0.1324 -1.378, 2.0166 0.1243 0.0453, 2.0315 0.1166 0.0405, 1.9852 0.1344 0.052, 1.9528 0.1378 -1.378, 1.9678 0.1371 0.0539, 1.9328 0.1365 0.0535, 1.9502 0.1378 0.0544, 1.9527 0.1377 0.0543, 1.8817 0.1208 0.0431, 1.912 0.1324 -1.378, 1.8741 0.1165 0.0405, 1.874 0.1167 -1.378, 1.8662 0.1118 0.0377, 1.8979 0.1279 0.0477, 1.912 0.1323 0.0506, 1.9154 0.1333 0.0513, 1.8279 0.0762 0.0199, 1.8397 0.09 0.0261, 1.8414 0.0917 -1.378, 1.8415 0.0916 0.0269, 1.853 0.1022 0.0323, 1.8037 0.0312 0.0056, 1.8164 0.0591 -1.378, 1.8008 0.021 0.0037, 1.8006 0.0211 -1.378, 1.7992 0.0153 0.0026, 1.8104 0.0478 0.0098, 1.8166 0.059 0.0134, 1.819 0.0634 0.0149, 1.8008 -0.0604 0.0037, 1.7992 -0.0546 0.0026, 1.8006 -0.0604 -1.378, 1.7963 -0.0373 0.0007, 1.7953 -0.0197 -1.378, 1.7953 -0.0197 0.0, 1.7963 -0.002 0.0007, 1.8037 -0.0705 0.0056, 1.8164 -0.0984 -1.378, 1.8104 -0.0871 0.0098, 1.8397 -0.1294 0.0261, 1.8279 -0.1156 0.0199, 1.8414 -0.131 -1.378, 1.819 -0.1028 0.0149, 1.8166 -0.0983 0.0134, 1.8741 -0.1559 0.0405, 1.8662 -0.1512 0.0377, 1.874 -0.1561 -1.378, 1.853 -0.1416 0.0323, 1.8415 -0.131 0.0269, 1.8817 -0.1602 0.0431, 1.912 -0.1718 -1.378, 1.8979 -0.1673 0.0477, 1.9678 -0.1765 0.0539, 1.9527 -0.177 0.0543, 1.9528 -0.1772 -1.378, 1.9502 -0.1771 0.0544, 1.9328 -0.1759 0.0535, 1.9154 -0.1727 0.0513, 1.912 -0.1716 0.0506, 1.9852 -0.1738 0.052, 2.0402 -0.1506 0.0373, 2.0325 -0.1555 0.0402, 2.0315 -0.1561 -1.378, 2.0315 -0.156 0.0405, 2.0166 -0.1636 0.0453, 2.078 -0.1152 0.026, 2.0672 -0.1278 0.0285, 2.0641 -0.131 -1.378, 2.064 -0.1309 0.0295, 2.0544 -0.14 0.0323, 2.088 -0.1003 0.024, 2.1022 -0.0692 0.0221, 2.1061 0.0162 0.0217, 2.1092 -0.0016 0.0215, 2.1102 -0.0197 -1.378, 2.1102 -0.0197 0.0214, 2.1096 -0.0339 0.0214, 2.1047 0.021 0.0218, 2.1049 0.0211 -1.378, 2.1014 0.0323 0.0221, 2.0891 0.0591 -1.378, 2.0945 0.049 0.023, 2.0759 0.0785 0.0264, 2.0858 0.0646 0.0244, 2.0889 0.0589 0.0239, 1.9528 -0.0197 -1.378, -2.1278 0.045 0.0228, -2.1205 0.059 0.0239, -2.1206 0.0591 -1.378, -2.1095 0.0758 0.026, -2.0987 0.0885 0.0285, -2.0956 0.0917 -1.378, -2.0955 0.0915 0.0295, -2.063 0.1167 -1.378, -2.0859 0.1006 0.0323, -2.0717 0.1113 0.0373, -2.1195 0.0609 0.024, -2.1411 -0.0055 0.0214, -2.1384 0.0124 0.0216, -2.1364 0.0211 -1.378, -2.1361 0.021 0.0218, -2.1337 0.0299 0.0221, -2.1417 -0.0197 0.0214, -2.1417 -0.0197 -1.378, -2.1407 -0.0378 0.0215, -2.1204 -0.0983 0.0239, -2.126 -0.0884 0.023, -2.1206 -0.0984 -1.378, -2.1329 -0.0717 0.0221, -2.1364 -0.0604 -1.378, -2.1362 -0.0604 0.0218, -2.1376 -0.0555 0.0217, -2.1173 -0.104 0.0244, -2.0956 -0.131 -1.378, -2.1074 -0.1179 0.0264, -2.064 -0.1555 0.0402, -2.0717 -0.1506 0.0373, -2.063 -0.1561 -1.378, -2.0823 -0.1429 0.0335, -2.0955 -0.1311 0.0294, -2.0956 -0.131 0.0294, -2.0249 -0.1716 0.0505, -2.0337 -0.1692 0.0489, -2.025 -0.1718 -1.378, -2.0481 -0.1636 0.0453, -2.063 -0.156 0.0405, -2.0167 -0.1738 0.052, -1.9843 -0.1772 -1.378, -1.9993 -0.1765 0.0539, -1.9643 -0.1759 0.0535, -1.9817 -0.1771 0.0544, -1.9842 -0.177 0.0543, -1.9132 -0.1602 0.0431, -1.9435 -0.1718 -1.378, -1.9056 -0.1559 0.0405, -1.9055 -0.1561 -1.378, -1.8977 -0.1512 0.0377, -1.9294 -0.1673 0.0477, -1.9435 -0.1716 0.0506, -1.9469 -0.1727 0.0513, -1.8594 -0.1156 0.0199, -1.8712 -0.1294 0.0261, -1.8729 -0.131 -1.378, -1.873 -0.131 0.0269, -1.8845 -0.1416 0.0323, -1.8352 -0.0705 0.0056, -1.8479 -0.0984 -1.378, -1.8323 -0.0604 0.0037, -1.8321 -0.0604 -1.378, -1.8307 -0.0546 0.0026, -1.8419 -0.0871 0.0098, -1.8481 -0.0983 0.0134, -1.8505 -0.1028 0.0149, -1.8323 0.021 0.0037, -1.8307 0.0153 0.0026, -1.8321 0.0211 -1.378, -1.8278 -0.002 0.0007, -1.8268 -0.0197 -1.378, -1.8268 -0.0197 0.0, -1.8278 -0.0373 0.0007, -1.8352 0.0312 0.0056, -1.8479 0.0591 -1.378, -1.8419 0.0478 0.0098, -1.8712 0.09 0.0261, -1.8594 0.0762 0.0199, -1.8729 0.0917 -1.378, -1.8505 0.0634 0.0149, -1.8481 0.059 0.0134, -1.9056 0.1165 0.0405, -1.8977 0.1118 0.0377, -1.9055 0.1167 -1.378, -1.8845 0.1022 0.0323, -1.873 0.0916 0.0269, -1.9132 0.1208 0.0431, -1.9435 0.1324 -1.378, -1.9294 0.1279 0.0477, -1.9993 0.1371 0.0539, -1.9842 0.1377 0.0543, -1.9843 0.1378 -1.378, -1.9817 0.1378 0.0544, -1.9643 0.1365 0.0535, -1.9469 0.1333 0.0513, -1.9435 0.1323 0.0506, -2.064 0.1161 0.0402, -2.063 0.1166 0.0405, -2.025 0.1324 -1.378, -2.0481 0.1243 0.0453, -2.0337 0.1298 0.0489, -2.0249 0.1322 0.0505, -2.0167 0.1344 0.052, -1.9843 -0.0197 -1.378
            ]
        }
        coordIndex [
            0,1,2,-1,3,4,5,-1,6,7,8,-1,9,10,11,-1,12,13,14,-1,14,13,11,-1,14,11,15,-1,15,11,10,-1,16,17,18,-1,18,17,19,-1,18,19,11,-1,11,19,20,-1,11,20,9,-1,16,18,21,-1,21,18,22,-1,21,22,23,-1,24,25,22,-1,22,25,26,-1,22,26,23,-1,27,28,29,-1,29,28,30,-1,29,30,31,-1,27,32,28,-1,28,32,33,-1,28,33,22,-1,22,33,34,-1,22,34,24,-1,35,36,37,-1,37,36,38,-1,37,38,30,-1,30,38,39,-1,30,39,31,-1,40,41,42,-1,42,41,43,-1,42,43,44,-1,40,45,41,-1,41,45,46,-1,41,46,37,-1,37,46,47,-1,37,47,35,-1,48,49,50,-1,50,49,51,-1,50,51,52,-1,52,51,53,-1,52,53,43,-1,43,53,54,-1,43,54,44,-1,48,50,55,-1,55,50,56,-1,55,56,57,-1,58,59,60,-1,60,59,61,-1,60,61,56,-1,56,61,62,-1,56,62,57,-1,63,64,65,-1,65,64,66,-1,65,66,60,-1,60,66,67,-1,60,67,58,-1,63,65,68,-1,68,65,69,-1,68,69,70,-1,71,72,73,-1,73,72,74,-1,74,75,73,-1,73,75,76,-1,73,76,69,-1,69,76,77,-1,69,77,70,-1,8,7,73,-1,73,7,78,-1,73,78,71,-1,79,80,81,-1,81,80,82,-1,81,82,8,-1,8,82,83,-1,8,83,6,-1,84,85,86,-1,86,85,87,-1,86,87,81,-1,81,87,88,-1,81,88,79,-1,5,4,86,-1,86,4,89,-1,86,89,84,-1,2,1,5,-1,5,1,90,-1,5,90,3,-1,91,92,93,-1,93,92,94,-1,93,94,2,-1,2,94,95,-1,2,95,0,-1,91,93,96,-1,96,93,97,-1,96,97,98,-1,98,97,99,-1,98,99,100,-1,12,101,13,-1,13,101,102,-1,13,102,99,-1,99,102,103,-1,99,103,100,-1,99,97,104,-1,104,97,93,-1,104,93,2,-1,18,11,104,-1,104,11,13,-1,104,13,99,-1,30,28,104,-1,104,28,22,-1,104,22,18,-1,43,41,104,-1,104,41,37,-1,104,37,30,-1,56,50,104,-1,104,50,52,-1,104,52,43,-1,69,65,104,-1,104,65,60,-1,104,60,56,-1,81,8,104,-1,104,8,73,-1,104,73,69,-1,2,5,104,-1,104,5,86,-1,104,86,81,-1,105,106,107,-1,108,109,110,-1,110,109,111,-1,110,111,112,-1,112,111,113,-1,112,113,114,-1,107,106,110,-1,110,106,115,-1,110,115,108,-1,116,117,118,-1,118,117,119,-1,118,119,107,-1,107,119,120,-1,107,120,105,-1,116,118,121,-1,121,118,122,-1,121,122,123,-1,124,125,126,-1,126,125,127,-1,126,127,128,-1,128,127,129,-1,128,129,122,-1,122,129,130,-1,122,130,123,-1,124,126,131,-1,131,126,132,-1,131,132,133,-1,134,135,136,-1,135,137,136,-1,136,137,138,-1,136,138,132,-1,132,138,139,-1,132,139,133,-1,140,141,142,-1,142,141,143,-1,142,143,136,-1,136,143,144,-1,136,144,134,-1,140,142,145,-1,145,142,146,-1,145,146,147,-1,148,149,146,-1,146,149,150,-1,146,150,147,-1,151,152,153,-1,153,152,154,-1,153,154,155,-1,151,156,152,-1,152,156,157,-1,152,157,146,-1,146,157,158,-1,146,158,148,-1,159,160,161,-1,161,160,162,-1,161,162,154,-1,154,162,163,-1,154,163,155,-1,164,165,166,-1,166,165,167,-1,166,167,168,-1,164,169,165,-1,165,169,170,-1,165,170,161,-1,161,170,171,-1,161,171,159,-1,172,173,174,-1,174,173,175,-1,174,175,176,-1,176,175,177,-1,176,177,167,-1,167,177,178,-1,167,178,168,-1,172,174,179,-1,179,174,180,-1,179,180,181,-1,182,183,184,-1,184,183,185,-1,184,185,180,-1,180,185,186,-1,180,186,181,-1,187,188,189,-1,189,188,190,-1,189,190,184,-1,184,190,191,-1,184,191,182,-1,187,189,192,-1,192,189,193,-1,192,193,194,-1,195,196,197,-1,197,196,198,-1,198,199,197,-1,197,199,200,-1,197,200,193,-1,193,200,201,-1,193,201,194,-1,114,202,112,-1,112,202,203,-1,112,203,204,-1,204,203,205,-1,205,206,204,-1,204,206,207,-1,204,207,197,-1,197,207,208,-1,197,208,195,-1,180,174,209,-1,209,174,176,-1,209,176,167,-1,193,189,209,-1,209,189,184,-1,209,184,180,-1,112,204,209,-1,209,204,197,-1,209,197,193,-1,118,107,209,-1,209,107,110,-1,209,110,112,-1,126,128,209,-1,209,128,122,-1,209,122,118,-1,142,136,209,-1,209,136,132,-1,209,132,126,-1,154,152,209,-1,209,152,146,-1,209,146,142,-1,167,165,209,-1,209,165,161,-1,209,161,154,-1,
        ]
    }
}
Shape{
    appearance Appearance {
        material  Material 	{
            diffuseColor 0.2235294117647059 0.2235294117647059 0.2235294117647059
            specularColor 0.11372549019607843 0.11372549019607843 0.11372549019607843
            ambientIntensity 0.2235
            transparency 0.0
            shininess 0.5
        }
    }
    geometry IndexedFaceSet {
        ccw TRUE
        solid FALSE
        coord DEF co Coordinate {
            point [
                -0.8574 0.014 0.1994, -0.8446 -0.0197 0.1969, -0.8446 -0.0197 0.2008, -0.8571 0.0133 0.2013, -0.8574 0.014 0.2014, -0.8797 0.0727 0.2039, -0.8909 0.102 0.2084, -0.9014 0.1302 0.2084, -0.9014 0.1295 0.2131, -0.9079 0.1468 0.2122, -0.9079 0.1462 0.2159, -0.9246 0.1896 0.2234, -0.9439 0.2395 0.2339, -0.9583 0.2755 0.2463, -0.9583 0.2767 0.2425, -0.735 -0.3059 0.2394, -0.735 -0.3047 0.2431, -0.7454 -0.279 0.2333, -0.7435 -0.2832 0.2369, -0.7464 -0.2765 0.2328, -0.8109 -0.1085 0.2048, -0.8096 -0.1121 0.2037, -0.7942 -0.1522 0.2108, -0.7942 -0.1528 0.2067, -0.7898 -0.1636 0.2124, -0.7898 -0.1643 0.2076, -0.7772 -0.1966 0.2169, -0.7464 -0.2758 0.2352, -0.8214 -0.3059 0.2394, -0.8214 -0.3047 0.2431, -0.8518 -0.2186 0.2212, -0.8496 -0.2247 0.2227, -0.8496 -0.2256 0.2186, -0.8308 -0.2792 0.2325, -0.8708 -0.1637 0.212, -0.8778 -0.1439 0.2047, -0.8778 -0.1434 0.2086, -1.1218 -0.1439 0.2047, -1.1218 -0.1434 0.2086, -1.1292 -0.1637 0.2121, -1.1517 -0.2256 0.2186, -1.1815 -0.3059 0.2394, -1.1815 -0.3047 0.2431, -1.1716 -0.2792 0.2325, -1.1539 -0.231 0.2238, -1.1517 -0.2247 0.2227, -1.268 -0.3059 0.2394, -1.268 -0.3047 0.2431, -1.1548 -0.0197 0.1969, -1.1548 -0.0197 0.2008, -1.1636 -0.0421 0.201, -1.1665 -0.0497 0.1991, -1.1665 -0.0497 0.2016, -1.191 -0.1121 0.2037, -1.1984 -0.1308 0.2071, -1.2114 -0.1643 0.2076, -1.2114 -0.1636 0.2124, -1.2159 -0.1757 0.2101, -1.2159 -0.1751 0.2142, -1.2332 -0.2186 0.2212, -1.2572 -0.279 0.2333, -1.0507 0.2438 0.2349, -1.0375 0.2767 0.2425, -1.0375 0.2755 0.2463, -1.12 0.0691 0.2048, -1.1186 0.0727 0.2039, -1.1028 0.1128 0.2108, -1.1028 0.1133 0.2071, -1.0961 0.1295 0.2131, -1.0961 0.1302 0.2084, -1.0852 0.1572 0.2169, -1.0524 0.2395 0.2339, -1.0507 0.2432 0.2367, -1.0504 0.2438 0.2369, -1.0196 0.1295 0.2132, -1.0385 0.0778 0.2057, -1.04 0.0735 0.2054, -1.0689 -0.0063 0.2009, -1.0738 -0.0197 0.2008, -1.0063 0.1658 0.2185, -0.9953 0.2062 0.2272, -0.9858 0.1658 0.2185, -0.981 0.1526 0.216, -0.9727 0.1296 0.2129, -0.9524 0.0734 0.2054, -0.9508 0.0691 0.2048, -0.919 -0.0197 0.2008, -1.0952 -0.0789 0.2026, -0.8977 -0.0789 0.2026, -1.0952 -0.0792 0.1987, -0.8977 -0.0792 0.1987, -1.0845 -0.0494 0.1973, -1.0738 -0.0197 0.1969, -1.0063 0.1665 0.2146, -1.0323 0.095 0.2044, -1.04 0.0738 0.2013, -1.001 0.1873 0.2189, -0.9953 0.2071 0.2233, -0.9916 0.1866 0.2187, -0.9858 0.1665 0.2146, -0.919 -0.0197 0.1969, -0.9524 0.0738 0.2013, -0.9601 0.095 0.2044, -0.9084 -0.0494 0.1973, -0.2165 0.2767 0.2425, -0.2165 0.2755 0.2463, -0.3831 0.2767 0.2425, -0.3831 0.2755 0.2463, -0.2165 0.1902 0.2195, -0.2165 0.1026 0.2044, -0.2165 0.1296 0.2122, -0.2165 0.0729 0.2021, -0.2165 -0.0197 0.2008, -0.2165 0.014 0.1974, -0.2165 -0.0197 0.1969, -0.2165 0.2398 0.2327, -0.2165 -0.2838 0.2329, -0.2165 -0.3059 0.2394, -0.2165 -0.3047 0.2431, -0.2165 -0.109 0.2009, -0.2165 -0.1123 0.2013, -0.2165 -0.1638 0.2114, -0.2165 -0.1971 0.2129, -0.2165 -0.2794 0.2319, -0.3771 -0.3059 0.2394, -0.3771 -0.3047 0.2431, -0.6915 -0.0197 0.1969, -0.6915 -0.0197 0.2008, -0.69 -0.0322 0.1969, -0.6869 -0.0562 0.2015, -0.6842 -0.0632 0.1987, -0.6856 -0.0633 0.2019, -0.6751 -0.1123 0.2015, -0.6768 -0.1081 0.2048, -0.674 -0.118 0.2018, -0.6734 -0.1174 0.2058, -0.674 -0.1182 0.2018, -0.6623 -0.1475 0.2092, -0.6564 -0.1574 0.2067, -0.6566 -0.1569 0.2106, -0.6518 -0.1675 0.208, -0.6525 -0.1637 0.2116, -0.6394 -0.1855 0.2149, -0.6325 -0.1923 0.2124, -0.6334 -0.1923 0.2162, -0.6148 -0.2149 0.2164, -0.6115 -0.2174 0.2209, -0.5991 -0.2293 0.2195, -0.5988 -0.2281 0.2233, -0.597 -0.2313 0.2199, -0.5966 -0.2299 0.2237, -0.5737 -0.249 0.228, -0.5917 -0.2361 0.2209, -0.5548 -0.2602 0.2308, -0.4459 -0.2982 0.2412, -0.4655 -0.2954 0.2363, -0.4655 -0.2941 0.24, -0.4722 -0.2946 0.236, -0.4918 -0.2886 0.2384, -0.5117 -0.2811 0.2323, -0.5119 -0.2808 0.2362, -0.5168 -0.2794 0.2318, -0.5349 -0.272 0.2338, -0.533 -0.2739 0.2302, -0.5542 -0.2603 0.2269, -0.6918 -0.007 0.1969, -0.6918 -0.007 0.2009, -0.6916 -0.0133 0.1969, -0.4381 0.2715 0.2409, -0.4372 0.2707 0.2448, -0.4381 0.2705 0.2447, -0.4473 0.2706 0.2406, -0.484 0.2626 0.2423, -0.4976 0.2588 0.2371, -0.4976 0.2582 0.241, -0.527 0.2486 0.2382, -0.5127 0.2553 0.236, -0.5455 0.2391 0.2356, -0.5426 0.24 0.2319, -0.5448 0.2389 0.2316, -0.5631 0.2301 0.2332, -0.5748 0.2235 0.2274, -0.5896 0.2107 0.2284, -0.589 0.2111 0.2245, -0.6023 0.2014 0.2261, -0.6281 0.1769 0.2167, -0.6289 0.1745 0.2203, -0.6291 0.1755 0.2164, -0.6346 0.1686 0.2191, -0.6531 0.1416 0.2104, -0.6535 0.1412 0.2142, -0.6607 0.1307 0.2084, -0.6588 0.1335 0.2128, -0.6606 0.1296 0.2123, -0.6695 0.1076 0.2054, -0.6706 0.1074 0.2092, -0.6734 0.1012 0.2083, -0.6794 0.0818 0.2021, -0.6819 0.0682 0.2049, -0.684 0.0601 0.204, -0.6813 0.0685 0.2013, -0.6806 0.0729 0.2016, -0.2957 0.1296 0.2122, -0.2957 0.2132 0.2288, -0.3828 0.2132 0.2288, -0.4467 0.2056 0.227, -0.4547 0.2036 0.2266, -0.4863 0.1954 0.2247, -0.4917 0.1928 0.2241, -0.5216 0.1786 0.221, -0.55 0.1572 0.2169, -0.5219 0.1784 0.221, -0.5745 0.1296 0.2123, -0.5551 0.1519 0.216, -0.5514 0.156 0.2167, -0.2957 -0.0197 0.2008, -0.5772 0.1266 0.2118, -0.5775 0.1258 0.2117, -0.5927 0.0975 0.2079, -0.5943 0.0946 0.2075, -0.6017 0.0692 0.2049, -0.6042 0.0606 0.2041, -0.6114 0.0054 0.2011, -0.6123 -0.0197 0.2008, -0.6126 -0.0087 0.2009, -0.6116 0.0033 0.2011, -0.573 -0.1545 0.2102, -0.5655 -0.1638 0.2115, -0.5529 -0.1796 0.2139, -0.5519 -0.1804 0.2141, -0.5345 -0.1947 0.2166, -0.5227 -0.2045 0.2184, -0.505 -0.214 0.2203, -0.4911 -0.2214 0.2218, -0.4731 -0.2269 0.223, -0.455 -0.2325 0.2242, -0.4242 -0.2369 0.2252, -0.4006 -0.2403 0.2259, -0.3795 -0.2422 0.2264, -0.2957 -0.2422 0.2264, -0.2957 -0.1638 0.2114, -0.6036 -0.08 0.2026, -0.5996 -0.094 0.2038, -0.5927 -0.1181 0.2057, -0.5882 -0.127 0.2068, -0.5767 -0.1498 0.2095, -0.2957 -0.0197 0.1969, -0.2957 0.0695 0.2009, -0.2957 0.0979 0.2048, -0.2957 0.1576 0.2129, -0.2957 0.2141 0.225, -0.2957 -0.2431 0.2225, -0.2957 -0.1554 0.2062, -0.2957 -0.132 0.2041, -0.2957 -0.0668 0.198, -0.3795 -0.2431 0.2225, -0.5516 -0.1807 0.2102, -0.5343 -0.1952 0.2127, -0.5213 -0.2062 0.2147, -0.5048 -0.2143 0.2163, -0.4791 -0.2267 0.2189, -0.4732 -0.2279 0.2191, -0.4242 -0.2381 0.2214, -0.418 -0.2394 0.2217, -0.556 -0.177 0.2095, -0.5724 -0.1546 0.2063, -0.6123 -0.0197 0.1969, -0.5998 -0.0944 0.1999, -0.599 -0.0991 0.2001, -0.5876 -0.1273 0.203, -0.5856 -0.1321 0.2035, -0.5814 -0.1424 0.2045, -0.6126 -0.0087 0.1969, -0.6124 -0.0142 0.1969, -0.5688 0.1383 0.2096, -0.5767 0.1259 0.2078, -0.5923 0.098 0.204, -0.5923 0.0979 0.204, -0.6111 0.0033 0.1975, -0.6029 0.0671 0.2007, -0.602 0.0697 0.201, -0.5898 0.1052 0.2048, -0.5549 0.1524 0.2121, -0.5497 0.1577 0.213, -0.3828 0.2141 0.225, -0.4548 0.2045 0.2227, -0.4607 0.2037 0.2225, -0.4915 0.1928 0.2201, -0.508 0.1869 0.2188, -0.5212 0.1782 0.217, -0.5451 0.1624 0.2138, 0.1364 0.2141 0.225, 0.1364 0.2132 0.2288, 0.1364 0.1935 0.2202, 0.1364 0.1296 0.2122, 0.1364 0.1104 0.2055, 0.1364 0.0729 0.2022, 0.1364 0.0214 0.2017, 0.1364 0.0216 0.1977, -0.0868 0.2141 0.225, -0.0868 0.2132 0.2288, -0.0868 0.2767 0.2425, -0.0868 0.2755 0.2463, -0.0868 0.2399 0.2322, 0.2156 0.2767 0.2425, 0.2156 0.2755 0.2463, 0.2156 0.1902 0.2195, 0.2156 0.1026 0.2044, 0.2156 0.1296 0.2122, 0.2156 0.0729 0.2021, 0.2156 -0.0197 0.2008, 0.2156 0.014 0.1974, 0.2156 -0.0197 0.1969, 0.2156 0.2398 0.2327, 0.2156 -0.2838 0.2329, 0.2156 -0.3059 0.2394, 0.2156 -0.3047 0.2431, 0.2156 -0.109 0.2009, 0.2156 -0.1123 0.2013, 0.2156 -0.1638 0.2114, 0.2156 -0.1971 0.2129, 0.2156 -0.2794 0.2319, -0.1013 -0.3059 0.2394, -0.1013 -0.3047 0.2431, -0.1013 -0.2431 0.2225, -0.1013 -0.2422 0.2264, -0.1013 -0.2793 0.2322, 0.1364 -0.2431 0.2225, 0.1364 -0.2422 0.2264, 0.1364 -0.1638 0.2114, 0.1364 -0.1554 0.2062, 0.1364 -0.1122 0.2022, 0.1364 -0.043 0.2011, 0.1364 -0.0668 0.198, 0.1364 -0.0431 0.1971, -0.0724 -0.0431 0.1971, -0.0724 -0.043 0.2011, -0.0724 -0.0197 0.1969, -0.0724 -0.0197 0.2008, -0.0724 0.0216 0.1977, -0.0724 0.0214 0.2017, 0.3309 0.2612 0.2378, 0.3309 0.26 0.2415, 0.3309 0.2399 0.2324, 0.3309 0.1834 0.222, 0.3309 0.1842 0.2182, 0.3991 0.279 0.2433, 0.4327 0.2823 0.2443, 0.4327 0.2808 0.248, 0.4698 0.2836 0.2447, 0.4698 0.2823 0.2485, 0.4372 0.2813 0.2481, 0.3864 0.2755 0.2463, 0.3992 0.277 0.2468, 0.77 -0.0197 0.1969, 0.77 -0.0197 0.2008, 0.7647 0.0297 0.1984, 0.7649 0.0295 0.2022, 0.7633 0.0429 0.1988, 0.764 0.0379 0.2025, 0.7558 0.0729 0.2017, 0.7547 0.0836 0.2062, 0.7524 0.0865 0.203, 0.7536 0.0864 0.2066, 0.7479 0.1047 0.2048, 0.7392 0.1247 0.2115, 0.7346 0.1303 0.2087, 0.7358 0.1303 0.2124, 0.7341 0.1332 0.2129, 0.7202 0.1581 0.213, 0.7177 0.161 0.2176, 0.71 0.1696 0.2155, 0.7107 0.1694 0.2193, 0.687 0.1977 0.2252, 0.6723 0.2122 0.2246, 0.6719 0.2108 0.2284, 0.6706 0.2141 0.225, 0.6527 0.2277 0.2325, 0.634 0.2395 0.2317, 0.6344 0.2388 0.2356, 0.6332 0.24 0.2319, 0.6191 0.2498 0.2345, 0.6144 0.2511 0.2389, 0.5959 0.2586 0.2371, 0.5357 0.2751 0.2462, 0.5543 0.2718 0.241, 0.5542 0.2708 0.2448, 0.5652 0.2703 0.2405, 0.5798 0.265 0.243, 0.5963 0.2584 0.2411, 0.7702 -0.0255 0.1969, 0.7702 -0.0255 0.2008, 0.7701 -0.0226 0.1969, 0.4934 -0.3128 0.2415, 0.4934 -0.3116 0.2453, 0.5222 -0.3091 0.2445, 0.5651 -0.3033 0.2386, 0.5652 -0.3028 0.2426, 0.5812 -0.3012 0.238, 0.5767 -0.3011 0.2421, 0.6039 -0.2928 0.2356, 0.6043 -0.2925 0.2395, 0.6159 -0.2889 0.2385, 0.6332 -0.282 0.2324, 0.6431 -0.2745 0.2345, 0.6369 -0.2794 0.2318, 0.6429 -0.2753 0.2307, 0.6537 -0.2689 0.233, 0.6771 -0.252 0.2247, 0.6768 -0.2507 0.2285, 0.6782 -0.2512 0.2245, 0.6851 -0.2441 0.2268, 0.7033 -0.2263 0.2188, 0.7029 -0.2244 0.2226, 0.7036 -0.2259 0.2187, 0.7158 -0.2102 0.2195, 0.7292 -0.1883 0.2117, 0.7297 -0.1881 0.2155, 0.7384 -0.1748 0.2091, 0.738 -0.1749 0.2132, 0.7408 -0.1682 0.2122, 0.7475 -0.15 0.2059, 0.7603 -0.1076 0.2049, 0.7584 -0.1204 0.202, 0.7538 -0.1364 0.2078, 0.7483 -0.1498 0.2096, 0.7635 -0.0938 0.2036, 0.7599 -0.108 0.2013, 0.7594 -0.1123 0.2016, 0.3806 -0.2944 0.2401, 0.3496 -0.2842 0.2331, 0.3309 -0.2753 0.2347, 0.3381 -0.2794 0.2317, 0.3309 -0.2764 0.2309, 0.4352 -0.3081 0.2442, 0.4233 -0.306 0.2394, 0.4233 -0.3056 0.2434, 0.4098 -0.3048 0.239, 0.3925 -0.2989 0.2414, 0.3805 -0.2957 0.2364, 0.3717 -0.293 0.2355, 0.3309 -0.2131 0.216, 0.3309 -0.2123 0.2199, 0.4824 -0.2501 0.2242, 0.4824 -0.2492 0.228, 0.4633 -0.249 0.2239, 0.4277 -0.2445 0.2269, 0.3809 -0.234 0.2245, 0.3896 -0.236 0.221, 0.3891 -0.2361 0.225, 0.4039 -0.2416 0.2222, 0.4211 -0.244 0.2268, 0.4277 -0.2453 0.2231, 0.441 -0.2474 0.2235, 0.6909 -0.0199 0.1969, 0.6909 -0.0202 0.2008, 0.6898 -0.0335 0.2009, 0.6875 -0.0545 0.1977, 0.6871 -0.0543 0.2018, 0.686 -0.0695 0.1981, 0.6824 -0.0908 0.2034, 0.6771 -0.1064 0.2011, 0.678 -0.1062 0.2048, 0.6757 -0.1123 0.2016, 0.672 -0.1276 0.2028, 0.6718 -0.1278 0.2068, 0.6654 -0.1403 0.2045, 0.6658 -0.1401 0.2083, 0.6572 -0.1575 0.2105, 0.6508 -0.168 0.2081, 0.6492 -0.1682 0.2122, 0.6487 -0.1705 0.2085, 0.6482 -0.1695 0.2124, 0.6289 -0.1935 0.2124, 0.5421 -0.2394 0.2257, 0.5508 -0.2377 0.2213, 0.5507 -0.2367 0.2251, 0.5557 -0.2368 0.2211, 0.5779 -0.2281 0.2232, 0.581 -0.2264 0.2188, 0.5813 -0.2263 0.2228, 0.5933 -0.2214 0.2177, 0.6061 -0.2126 0.22, 0.6055 -0.2125 0.216, 0.6063 -0.2125 0.2199, 0.6244 -0.1987 0.2133, 0.629 -0.1927 0.2162, 0.6339 -0.1885 0.2154, 0.4692 0.2211 0.2268, 0.4692 0.2201 0.2306, 0.4885 0.2184 0.2261, 0.4961 0.2164 0.2296, 0.523 0.2107 0.2242, 0.5233 0.2108 0.2283, 0.5466 0.2061 0.2271, 0.5627 0.2017 0.2221, 0.5652 0.199 0.2255, 0.5653 0.2003 0.2218, 0.5806 0.193 0.2241, 0.5942 0.1851 0.2184, 0.5942 0.1844 0.2223, 0.6024 0.1808 0.2175, 0.6101 0.1743 0.2202, 0.6185 0.1663 0.2147, 0.6188 0.1658 0.2186, 0.6344 0.1519 0.2119, 0.6381 0.147 0.2151, 0.6397 0.1441 0.2107, 0.6402 0.1438 0.2146, 0.6474 0.1332 0.2129, 0.6607 0.1129 0.2059, 0.6604 0.1139 0.2099, 0.661 0.1126 0.2098, 0.663 0.1094 0.2054, 0.6749 0.0798 0.2058, 0.6738 0.0793 0.2021, 0.675 0.0793 0.2058, 0.6849 0.0339 0.2024, 0.6837 0.0339 0.1991, 0.6844 0.0384 0.2025, 0.6798 0.0622 0.2003, 0.676 0.0729 0.2014, 0.3466 0.1918 0.2198, 0.3781 0.2045 0.2268, 0.4173 0.2155 0.2294, 0.4124 0.2139 0.225, 0.4123 0.2141 0.2291, 0.3976 0.212 0.2245, 0.3792 0.205 0.2269, 0.3782 0.205 0.2229, 0.3653 0.2003 0.2218, 1.1231 0.1902 0.2195, 1.1231 0.1026 0.2044, 1.1231 0.1296 0.2122, 1.1231 0.0729 0.2021, 1.1231 -0.0197 0.2008, 1.1231 0.014 0.1974, 1.1231 -0.0197 0.1969, 1.1231 0.2398 0.2327, 1.1231 0.2755 0.2463, 1.1231 0.2767 0.2425, 1.1231 -0.2838 0.2329, 1.1231 -0.3059 0.2394, 1.1231 -0.3047 0.2431, 1.1231 -0.109 0.2009, 1.1231 -0.1123 0.2013, 1.1231 -0.1646 0.2116, 1.1231 -0.1971 0.2129, 1.1231 -0.2794 0.2319, 0.8206 -0.3059 0.2394, 0.8206 -0.3047 0.2431, 0.8206 -0.2431 0.2225, 0.8206 -0.2422 0.2264, 0.8206 -0.2793 0.2322, 1.0438 -0.2431 0.2225, 1.0438 -0.2422 0.2264, 1.0438 -0.1646 0.2116, 1.0438 -0.1554 0.2062, 1.0438 -0.1122 0.2022, 1.0438 -0.0197 0.2008, 1.0438 -0.0668 0.198, 1.0438 -0.0197 0.1969, 1.0438 0.1296 0.2122, 1.0438 0.24 0.2319, 1.0438 0.2755 0.2463, 1.0438 0.2444 0.2329, 1.0438 0.2767 0.2425, 1.0438 0.0697 0.2009, 1.0438 0.0729 0.2013, 1.0438 0.1578 0.2129
            ]
        }
        coordIndex [
            0,1,2,-1,2,3,0,-1,0,3,4,-1,0,4,5,-1,5,4,6,-1,5,6,7,-1,7,6,8,-1,7,8,9,-1,8,10,9,-1,9,10,11,-1,9,11,12,-1,12,11,13,-1,12,13,14,-1,15,16,17,-1,17,16,18,-1,17,18,19,-1,2,1,20,-1,20,1,21,-1,20,21,22,-1,22,21,23,-1,22,23,24,-1,24,23,25,-1,24,25,26,-1,26,25,19,-1,26,19,27,-1,27,19,18,-1,28,29,15,-1,15,29,16,-1,30,31,32,-1,32,31,33,-1,33,31,29,-1,33,29,28,-1,30,32,34,-1,34,32,35,-1,34,35,36,-1,37,38,35,-1,35,38,36,-1,38,37,39,-1,39,37,40,-1,41,42,43,-1,43,42,44,-1,43,44,40,-1,40,44,45,-1,40,45,39,-1,46,47,41,-1,41,47,42,-1,48,49,50,-1,48,50,51,-1,51,50,52,-1,51,52,53,-1,53,52,54,-1,53,54,55,-1,55,54,56,-1,55,56,57,-1,56,58,57,-1,57,58,59,-1,57,59,60,-1,60,59,47,-1,60,47,46,-1,61,62,63,-1,49,48,64,-1,64,48,65,-1,64,65,66,-1,66,65,67,-1,66,67,68,-1,68,67,69,-1,68,69,70,-1,70,69,71,-1,70,71,72,-1,72,71,61,-1,72,61,73,-1,73,61,63,-1,62,14,63,-1,63,14,13,-1,74,75,66,-1,66,75,76,-1,66,76,64,-1,64,76,77,-1,64,77,49,-1,49,77,78,-1,73,63,13,-1,66,68,74,-1,74,68,70,-1,74,70,79,-1,79,70,72,-1,79,72,80,-1,72,73,80,-1,80,73,13,-1,80,13,81,-1,81,13,11,-1,81,11,82,-1,82,11,10,-1,82,10,83,-1,83,10,8,-1,83,8,84,-1,84,8,6,-1,84,6,85,-1,85,6,4,-1,85,4,86,-1,86,4,3,-1,86,3,2,-1,87,56,54,-1,49,78,50,-1,50,78,87,-1,50,87,52,-1,52,87,54,-1,34,36,24,-1,24,36,22,-1,86,2,88,-1,88,2,20,-1,42,47,44,-1,44,47,59,-1,44,59,45,-1,45,59,58,-1,45,58,39,-1,39,58,56,-1,39,56,38,-1,38,56,87,-1,38,87,36,-1,36,87,88,-1,36,88,22,-1,22,88,20,-1,34,24,30,-1,30,24,26,-1,30,26,31,-1,31,26,27,-1,31,27,29,-1,29,27,18,-1,29,18,16,-1,87,89,88,-1,88,89,90,-1,89,87,91,-1,91,87,78,-1,91,78,92,-1,79,93,74,-1,74,93,94,-1,74,94,75,-1,75,94,95,-1,75,95,76,-1,76,95,77,-1,77,95,92,-1,77,92,78,-1,93,79,96,-1,96,79,80,-1,96,80,97,-1,97,80,98,-1,98,80,81,-1,98,81,99,-1,86,100,85,-1,85,100,101,-1,85,101,84,-1,84,101,102,-1,84,102,83,-1,83,102,99,-1,83,99,82,-1,82,99,81,-1,100,86,103,-1,103,86,88,-1,103,88,90,-1,104,105,106,-1,106,105,107,-1,108,109,110,-1,110,109,111,-1,110,111,112,-1,112,111,113,-1,112,113,114,-1,108,110,115,-1,115,110,105,-1,115,105,104,-1,116,117,118,-1,114,119,112,-1,112,119,120,-1,112,120,121,-1,121,120,122,-1,121,122,118,-1,118,122,123,-1,118,123,116,-1,124,125,117,-1,117,125,118,-1,126,127,128,-1,128,127,129,-1,128,129,130,-1,130,129,131,-1,130,131,132,-1,132,131,133,-1,132,133,134,-1,134,133,135,-1,134,135,136,-1,136,135,137,-1,136,137,138,-1,138,137,139,-1,138,139,140,-1,139,141,140,-1,140,141,142,-1,140,142,143,-1,143,142,144,-1,143,144,145,-1,145,144,146,-1,145,146,147,-1,147,146,148,-1,147,148,149,-1,148,150,149,-1,149,150,151,-1,149,151,152,-1,152,151,153,-1,125,124,154,-1,154,124,155,-1,154,155,156,-1,156,155,157,-1,156,157,158,-1,158,157,159,-1,158,159,160,-1,160,159,161,-1,160,161,162,-1,162,161,163,-1,162,163,153,-1,153,163,164,-1,153,164,152,-1,165,166,167,-1,167,166,127,-1,167,127,126,-1,168,106,107,-1,107,169,168,-1,168,169,170,-1,168,170,171,-1,171,170,172,-1,171,172,173,-1,172,174,173,-1,173,174,175,-1,173,175,176,-1,176,175,177,-1,176,177,178,-1,178,177,179,-1,179,177,180,-1,179,180,181,-1,181,180,182,-1,181,182,183,-1,183,182,184,-1,183,184,185,-1,185,184,186,-1,185,186,187,-1,187,186,188,-1,187,188,189,-1,189,188,190,-1,189,190,191,-1,190,192,191,-1,191,192,193,-1,191,193,194,-1,193,195,194,-1,194,195,196,-1,194,196,197,-1,197,196,198,-1,166,165,199,-1,199,165,200,-1,199,200,198,-1,198,200,201,-1,198,201,197,-1,202,203,105,-1,105,203,107,-1,107,203,204,-1,107,204,169,-1,169,204,205,-1,169,205,170,-1,170,205,172,-1,172,205,206,-1,172,206,174,-1,174,206,207,-1,174,207,175,-1,175,207,208,-1,175,208,177,-1,177,208,209,-1,177,209,180,-1,184,182,210,-1,180,209,182,-1,182,209,211,-1,182,211,210,-1,192,190,212,-1,190,188,212,-1,212,188,186,-1,212,186,213,-1,213,186,184,-1,213,184,214,-1,214,184,210,-1,105,110,202,-1,202,110,112,-1,202,112,215,-1,192,212,193,-1,193,212,216,-1,193,216,217,-1,217,218,193,-1,193,218,219,-1,193,219,195,-1,195,219,220,-1,195,220,196,-1,196,220,221,-1,196,221,198,-1,198,221,199,-1,199,221,222,-1,199,222,166,-1,223,127,224,-1,224,127,166,-1,224,166,225,-1,225,166,222,-1,226,227,141,-1,215,112,121,-1,141,227,142,-1,228,148,146,-1,228,146,227,-1,227,146,144,-1,227,144,142,-1,148,228,150,-1,150,228,229,-1,150,229,151,-1,151,229,230,-1,151,230,153,-1,153,230,231,-1,153,231,162,-1,162,231,232,-1,162,232,160,-1,160,232,233,-1,160,233,158,-1,158,233,234,-1,158,234,156,-1,156,234,235,-1,156,235,154,-1,154,235,236,-1,154,236,125,-1,236,237,125,-1,125,237,238,-1,125,238,118,-1,118,238,239,-1,118,239,121,-1,121,239,240,-1,121,240,215,-1,127,223,129,-1,129,223,131,-1,131,223,133,-1,133,223,241,-1,133,241,135,-1,135,241,242,-1,135,242,137,-1,137,242,243,-1,137,243,139,-1,139,243,244,-1,139,244,141,-1,141,244,245,-1,141,245,226,-1,246,247,215,-1,215,247,248,-1,215,248,202,-1,202,248,249,-1,202,249,203,-1,203,249,250,-1,240,239,251,-1,251,252,240,-1,240,252,253,-1,240,253,215,-1,215,253,254,-1,215,254,246,-1,238,255,239,-1,239,255,251,-1,256,257,230,-1,230,257,231,-1,231,257,258,-1,231,258,232,-1,232,258,259,-1,232,259,233,-1,233,259,260,-1,233,260,234,-1,234,260,261,-1,234,261,235,-1,235,261,262,-1,235,262,236,-1,236,262,263,-1,236,263,237,-1,237,263,255,-1,237,255,238,-1,230,229,256,-1,256,229,228,-1,256,228,264,-1,264,228,227,-1,264,227,265,-1,265,227,226,-1,265,226,245,-1,223,266,241,-1,241,266,267,-1,241,267,242,-1,242,267,268,-1,242,268,243,-1,243,268,269,-1,243,269,244,-1,244,269,270,-1,244,270,245,-1,245,270,271,-1,245,271,265,-1,224,272,223,-1,223,272,273,-1,223,273,266,-1,274,275,212,-1,276,277,218,-1,278,272,224,-1,224,225,278,-1,278,225,222,-1,278,222,279,-1,279,222,221,-1,279,221,280,-1,280,221,220,-1,280,220,277,-1,277,220,219,-1,277,219,218,-1,276,218,281,-1,281,218,217,-1,281,217,275,-1,275,217,216,-1,275,216,212,-1,274,212,282,-1,282,212,213,-1,282,213,283,-1,204,284,205,-1,205,284,285,-1,205,285,206,-1,206,285,286,-1,206,286,207,-1,207,286,287,-1,207,287,208,-1,208,287,288,-1,208,288,209,-1,209,288,289,-1,209,289,211,-1,211,289,290,-1,211,290,210,-1,210,290,283,-1,210,283,214,-1,214,283,213,-1,250,284,203,-1,203,284,204,-1,291,292,293,-1,293,292,294,-1,293,294,295,-1,295,294,296,-1,296,294,297,-1,296,297,298,-1,299,300,291,-1,291,300,292,-1,301,302,303,-1,303,302,300,-1,303,300,299,-1,304,305,301,-1,301,305,302,-1,306,307,308,-1,308,307,309,-1,308,309,310,-1,310,309,311,-1,310,311,312,-1,306,308,313,-1,313,308,305,-1,313,305,304,-1,314,315,316,-1,312,317,310,-1,310,317,318,-1,310,318,319,-1,319,318,320,-1,319,320,316,-1,316,320,321,-1,316,321,314,-1,322,323,315,-1,315,323,316,-1,324,325,326,-1,326,325,323,-1,326,323,322,-1,327,328,324,-1,324,328,325,-1,329,328,327,-1,327,330,329,-1,329,330,331,-1,329,331,332,-1,332,331,333,-1,332,333,334,-1,335,336,334,-1,334,336,332,-1,337,338,335,-1,335,338,336,-1,339,340,337,-1,337,340,338,-1,339,298,340,-1,340,298,297,-1,300,302,292,-1,292,302,305,-1,292,305,294,-1,294,305,308,-1,294,308,297,-1,297,308,310,-1,297,310,340,-1,340,310,338,-1,336,338,332,-1,332,338,310,-1,332,310,329,-1,329,310,319,-1,329,319,328,-1,328,319,316,-1,328,316,325,-1,325,316,323,-1,341,342,343,-1,343,342,344,-1,343,344,345,-1,346,347,348,-1,349,350,347,-1,347,350,351,-1,347,351,348,-1,342,341,352,-1,352,341,346,-1,352,346,353,-1,353,346,348,-1,354,355,356,-1,356,355,357,-1,356,357,358,-1,358,357,359,-1,358,359,360,-1,360,359,361,-1,360,361,362,-1,362,361,363,-1,362,363,364,-1,364,363,365,-1,364,365,366,-1,365,367,366,-1,366,367,368,-1,366,368,369,-1,369,368,370,-1,369,370,371,-1,370,372,371,-1,371,372,373,-1,371,373,374,-1,374,373,375,-1,374,375,376,-1,376,375,377,-1,376,377,378,-1,378,377,379,-1,378,379,380,-1,380,379,381,-1,381,379,382,-1,381,382,383,-1,350,349,384,-1,384,349,385,-1,384,385,386,-1,386,385,387,-1,386,387,388,-1,388,387,383,-1,388,383,389,-1,389,383,382,-1,390,391,392,-1,392,391,355,-1,392,355,354,-1,393,394,395,-1,393,395,396,-1,396,395,397,-1,396,397,398,-1,398,397,399,-1,398,399,400,-1,399,401,400,-1,400,401,402,-1,400,402,403,-1,403,402,404,-1,403,404,405,-1,405,404,406,-1,406,404,407,-1,406,407,408,-1,408,407,409,-1,408,409,410,-1,410,409,411,-1,410,411,412,-1,412,411,413,-1,412,413,414,-1,414,413,415,-1,414,415,416,-1,416,415,417,-1,416,417,418,-1,417,419,418,-1,418,419,420,-1,418,420,421,-1,422,423,424,-1,424,423,421,-1,424,421,425,-1,425,421,420,-1,391,390,426,-1,426,390,427,-1,426,427,422,-1,422,427,428,-1,422,428,423,-1,429,430,431,-1,431,430,432,-1,431,432,433,-1,394,393,434,-1,434,393,435,-1,434,435,436,-1,436,435,437,-1,436,437,438,-1,438,437,439,-1,438,439,429,-1,429,439,440,-1,429,440,430,-1,441,442,433,-1,433,442,431,-1,443,444,445,-1,445,444,446,-1,442,441,447,-1,447,441,448,-1,447,448,449,-1,449,448,450,-1,449,450,451,-1,451,450,452,-1,451,452,446,-1,446,452,453,-1,446,453,445,-1,454,455,456,-1,454,456,457,-1,457,456,458,-1,457,458,459,-1,459,458,460,-1,459,460,461,-1,461,460,462,-1,461,462,463,-1,463,462,464,-1,464,462,465,-1,464,465,466,-1,465,467,466,-1,466,467,468,-1,466,468,469,-1,469,468,470,-1,469,470,471,-1,471,470,472,-1,471,472,473,-1,444,443,474,-1,474,443,475,-1,474,475,476,-1,476,475,477,-1,476,477,478,-1,478,477,479,-1,478,479,480,-1,480,479,481,-1,480,481,482,-1,482,481,483,-1,482,483,484,-1,484,483,485,-1,484,485,486,-1,486,485,473,-1,486,473,487,-1,487,473,472,-1,488,489,490,-1,490,489,491,-1,490,491,492,-1,491,493,492,-1,492,493,494,-1,492,494,495,-1,495,494,496,-1,495,496,497,-1,497,496,498,-1,497,498,499,-1,499,498,500,-1,499,500,501,-1,501,500,502,-1,501,502,503,-1,503,502,504,-1,503,504,505,-1,505,504,506,-1,505,506,507,-1,506,508,507,-1,507,508,509,-1,507,509,510,-1,509,511,510,-1,510,511,512,-1,510,512,513,-1,513,512,514,-1,513,514,515,-1,515,514,516,-1,455,454,517,-1,517,454,518,-1,517,518,519,-1,519,518,520,-1,519,520,516,-1,516,520,521,-1,516,521,515,-1,345,344,522,-1,522,344,523,-1,489,488,524,-1,524,488,525,-1,524,525,526,-1,526,525,527,-1,526,527,528,-1,528,527,529,-1,528,529,523,-1,523,529,530,-1,523,530,522,-1,514,512,367,-1,367,512,368,-1,355,455,357,-1,357,455,517,-1,357,517,359,-1,359,517,519,-1,359,519,361,-1,361,519,516,-1,361,516,363,-1,363,516,514,-1,363,514,365,-1,365,514,367,-1,512,511,368,-1,368,511,509,-1,368,509,370,-1,370,509,372,-1,372,509,508,-1,372,508,373,-1,373,508,506,-1,373,506,375,-1,375,506,504,-1,375,504,377,-1,377,504,502,-1,377,502,379,-1,379,502,500,-1,379,500,382,-1,382,500,498,-1,382,498,389,-1,389,498,496,-1,389,496,388,-1,388,496,494,-1,388,494,386,-1,386,494,493,-1,386,493,384,-1,384,493,491,-1,384,491,350,-1,350,491,489,-1,350,489,351,-1,351,489,524,-1,351,524,348,-1,348,524,353,-1,353,524,526,-1,353,526,352,-1,352,526,528,-1,352,528,342,-1,342,528,523,-1,342,523,344,-1,455,355,456,-1,456,355,391,-1,456,391,458,-1,458,391,426,-1,458,426,460,-1,460,426,422,-1,460,422,462,-1,462,422,424,-1,462,424,465,-1,465,424,425,-1,465,425,467,-1,467,425,420,-1,429,431,442,-1,442,447,429,-1,429,447,449,-1,429,449,438,-1,438,449,451,-1,438,451,436,-1,436,451,446,-1,436,446,434,-1,434,446,444,-1,434,444,394,-1,394,444,395,-1,395,444,474,-1,395,474,397,-1,397,474,399,-1,399,474,476,-1,399,476,401,-1,401,476,478,-1,401,478,402,-1,484,404,482,-1,482,404,402,-1,482,402,480,-1,480,402,478,-1,419,470,420,-1,420,470,468,-1,420,468,467,-1,419,417,470,-1,470,417,415,-1,470,415,472,-1,472,415,413,-1,472,413,487,-1,487,413,411,-1,487,411,486,-1,486,411,409,-1,486,409,484,-1,484,409,407,-1,484,407,404,-1,531,532,533,-1,533,532,534,-1,533,534,535,-1,535,534,536,-1,535,536,537,-1,531,533,538,-1,538,533,539,-1,538,539,540,-1,541,542,543,-1,537,544,535,-1,535,544,545,-1,535,545,546,-1,546,545,547,-1,546,547,543,-1,543,547,548,-1,543,548,541,-1,549,550,542,-1,542,550,543,-1,551,552,553,-1,553,552,550,-1,553,550,549,-1,554,555,551,-1,551,555,552,-1,556,555,554,-1,554,557,556,-1,556,557,558,-1,556,558,559,-1,559,558,560,-1,559,560,561,-1,562,563,564,-1,564,563,565,-1,564,565,566,-1,561,567,559,-1,559,567,568,-1,559,568,562,-1,562,568,569,-1,562,569,563,-1,566,540,564,-1,564,540,539,-1,562,564,539,-1,539,533,562,-1,562,533,535,-1,562,535,559,-1,559,535,546,-1,550,552,543,-1,543,552,555,-1,543,555,546,-1,546,555,556,-1,546,556,559,-1,
        ]
    }
}
Shape{
    appearance Appearance {
        material  Material 	{
            diffuseColor 0.7764705882352941 0.20784313725490197 0.20784313725490197
            specularColor 0.2901960784313726 0.0784313725490196 0.0784313725490196
            ambientIntensity 0.4711
            transparency 0.0
            shininess 0.5
        }
    }
    geometry IndexedFaceSet {
        ccw TRUE
        solid FALSE
        coord DEF co Coordinate {
            point [
                -0.8977 -0.0792 0.1987, -1.0952 -0.0792 0.1987, -1.0845 -0.0494 0.1973, -1.0738 -0.0197 0.1969, -0.919 -0.0197 0.1969, -0.9084 -0.0494 0.1973, -1.04 0.0738 0.2013, -0.9524 0.0738 0.2013, -1.0323 0.095 0.2044, -0.9601 0.095 0.2044, -0.9858 0.1665 0.2146, -1.0063 0.1665 0.2146, -0.9916 0.1866 0.2187, -1.001 0.1873 0.2189, -0.9953 0.2071 0.2233, -0.5998 -0.0944 0.1999, -0.6123 -0.0197 0.1969, -0.2957 -0.0197 0.1969, -0.2957 -0.1554 0.2062, -0.2957 -0.2431 0.2225, -0.3795 -0.2431 0.2225, -0.418 -0.2394 0.2217, -0.4242 -0.2381 0.2214, -0.2957 -0.132 0.2041, -0.4732 -0.2279 0.2191, -0.4791 -0.2267 0.2189, -0.5048 -0.2143 0.2163, -0.5213 -0.2062 0.2147, -0.5343 -0.1952 0.2127, -0.5516 -0.1807 0.2102, -0.556 -0.177 0.2095, -0.5724 -0.1546 0.2063, -0.5814 -0.1424 0.2045, -0.5856 -0.1321 0.2035, -0.2957 -0.0668 0.198, -0.5876 -0.1273 0.203, -0.599 -0.0991 0.2001, -0.2957 0.0979 0.2048, -0.5767 0.1259 0.2078, -0.5688 0.1383 0.2096, -0.5549 0.1524 0.2121, -0.5497 0.1577 0.213, -0.5451 0.1624 0.2138, -0.5212 0.1782 0.217, -0.508 0.1869 0.2188, -0.4915 0.1928 0.2201, -0.4607 0.2037 0.2225, -0.4548 0.2045 0.2227, -0.2957 0.1576 0.2129, -0.3828 0.2141 0.225, -0.2957 0.2141 0.225, -0.6124 -0.0142 0.1969, -0.6126 -0.0087 0.1969, -0.6111 0.0033 0.1975, -0.6029 0.0671 0.2007, -0.602 0.0697 0.201, -0.5923 0.0979 0.204, -0.2957 0.0695 0.2009, -0.5923 0.098 0.204, -0.5898 0.1052 0.2048, -2.0955 0.0915 0.0295, -2.0987 0.0885 0.0285, -2.1048 0.0893 0.0724, -2.1205 0.059 0.0239, -2.1278 0.045 0.0228, -2.1326 0.046 0.0658, -2.2579 0.1195 0.2145, -2.2528 0.1317 0.2152, -2.2172 0.1112 0.2004, -2.1361 0.021 0.0218, -2.1384 0.0124 0.0216, -2.1431 0.013 0.0642, -2.2456 0.0035 0.1955, -2.2465 -0.0197 0.1954, -2.2851 0.0071 0.2112, -2.2861 -0.0197 0.2111, -2.1411 -0.0055 0.0214, -2.1417 -0.0197 0.0214, -2.1457 -0.0052 0.0638, -2.1463 -0.0197 0.0637, -2.1593 -0.004 0.1042, -2.16 -0.0197 0.1041, -2.1337 0.0299 0.0221, -2.1384 0.0308 0.0648, -2.1566 0.0155 0.1047, -2.1812 -0.0021 0.1407, -2.1819 -0.0197 0.1406, -2.1518 0.0346 0.1056, -2.1783 0.0197 0.1413, -2.2105 0.0004 0.1716, -2.2112 -0.0197 0.1715, -2.2628 0.1077 0.2139, -2.1195 0.0609 0.024, -2.1246 0.0619 0.0674, -2.1458 0.0509 0.1068, -2.1732 0.0411 0.1423, -2.2073 0.0255 0.1722, -2.1095 0.0758 0.026, -2.1149 0.0768 0.0696, -2.1377 0.0679 0.1086, -2.1669 0.0594 0.1437, -2.2017 0.0501 0.1733, -2.2421 0.0326 0.1961, -2.2812 0.0406 0.2116, -2.1279 0.0837 0.1111, -2.1582 0.0785 0.1457, -2.1948 0.0712 0.1747, -2.2359 0.061 0.1971, -2.2741 0.0735 0.2125, -2.2216 0.1832 0.2201, -2.2023 0.2059 0.2236, -2.1903 0.1553 0.2058, -2.1739 0.1747 0.2095, -2.1475 0.1473 0.1864, -2.2377 0.1596 0.2175, -2.2042 0.135 0.2029, -2.1617 0.1308 0.1825, -2.1244 0.1253 0.1553, -2.1737 0.1135 0.1795, -2.1371 0.111 0.1514, -2.1059 0.1097 0.118, -2.2652 0.1019 0.2136, -2.2281 0.0856 0.1984, -2.1852 0.0931 0.1768, -2.1479 0.0961 0.1484, -2.1178 0.0969 0.1141, -2.0928 0.1013 0.0763, -2.0859 0.1006 0.0323, -2.0717 0.1113 0.0373, -2.0798 0.112 0.0812, -2.093 0.121 0.1228, -2.1107 0.138 0.16, -2.1321 0.162 0.1909, -2.1559 0.1918 0.214, -2.1811 0.2258 0.228, -1.8323 0.021 0.0037, -1.8352 0.0312 0.0056, -1.8276 0.0289 0.0553, -1.648 0.0729 0.2013, -1.6388 0.0458 0.199, -1.688 0.0351 0.1917, -1.8481 0.059 0.0134, -1.8505 0.0634 0.0149, -1.842 0.0611 0.0628, -1.873 0.0916 0.0269, -1.8845 0.1022 0.0323, -1.876 0.102 0.077, -1.9056 0.1165 0.0405, -1.9132 0.1208 0.0431, -1.9062 0.1227 0.086, -1.8165 0.24 0.2318, -1.7894 0.2269 0.2283, -1.8143 0.1928 0.2142, -1.9435 0.1323 0.0506, -1.9469 0.1333 0.0513, -1.9429 0.1369 0.093, -1.9842 0.1377 0.0543, -1.9993 0.1371 0.0539, -2.0009 0.1413 0.0952, -2.0249 0.1322 0.0505, -2.0337 0.1298 0.0489, -2.0389 0.1329 0.091, -2.1518 0.24 0.2318, -2.1279 0.2502 0.2346, -2.11 0.2141 0.2194, -2.141 0.2 0.2159, -2.1638 0.2349 0.2303, -2.063 0.1166 0.0405, -2.064 0.1161 0.0402, -2.0716 0.1173 0.0836, -2.0481 0.1243 0.0453, -2.0545 0.1266 0.0879, -2.0838 0.1271 0.1248, -2.0645 0.1374 0.1284, -2.1 0.1447 0.1618, -2.0167 0.1344 0.052, -2.0202 0.1382 0.0936, -2.0467 0.1446 0.131, -2.0775 0.1563 0.165, -2.1194 0.1695 0.1927, -2.0254 0.1506 0.1333, -2.0568 0.1643 0.1673, -2.0929 0.1823 0.1958, -1.9817 0.1378 0.0544, -1.9814 0.1421 0.0956, -2.0033 0.1541 0.1347, -2.032 0.171 0.1693, -2.0687 0.1911 0.198, -1.9643 0.1365 0.0535, -1.9621 0.1407 0.0949, -1.981 0.155 0.135, -2.0064 0.1749 0.1705, -2.0398 0.1984 0.2, -2.0818 0.2237 0.2219, -2.0956 0.2606 0.2376, -1.9589 0.1534 0.1344, -1.9805 0.1759 0.1709, -2.01 0.2027 0.2012, -2.0484 0.2317 0.224, -2.0574 0.2692 0.2402, -1.9294 0.1279 0.0477, -1.9238 0.1308 0.0899, -1.937 0.1491 0.1328, -1.9548 0.1741 0.1703, -1.9799 0.2038 0.2015, -2.0139 0.2363 0.2253, -2.018 0.2742 0.2418, -1.9151 0.1422 0.1301, -1.9294 0.1693 0.1688, -1.95 0.2018 0.2009, -1.9792 0.2375 0.2256, -1.9785 0.2755 0.2422, -1.8977 0.1118 0.0377, -1.8897 0.1126 0.0815, -1.8952 0.1331 0.1269, -1.904 0.1616 0.1665, -1.9204 0.1966 0.1995, -1.9448 0.2353 0.225, -1.9393 0.2732 0.2414, -1.8766 0.1218 0.123, -1.8808 0.1514 0.1636, -1.8908 0.1881 0.1973, -1.9105 0.2297 0.2235, -1.9002 0.2672 0.2396, -1.8712 0.09 0.0261, -1.8624 0.0888 0.0718, -1.8612 0.1099 0.1193, -1.859 0.1388 0.1602, -1.8635 0.1769 0.1944, -1.8762 0.2204 0.221, -1.8609 0.2571 0.2366, -1.8594 0.0762 0.0199, -1.8506 0.0743 0.0668, -1.8461 0.0954 0.115, -1.841 0.1256 0.1569, -1.8379 0.1629 0.1911, -1.8444 0.2082 0.2179, -1.8243 0.2438 0.2328, -1.8331 0.0795 0.1109, -1.8233 0.1093 0.1533, -1.8165 0.1482 0.1879, -1.8419 0.0478 0.0098, -1.8339 0.0453 0.0587, -1.8237 0.0652 0.1077, -1.808 0.0916 0.1497, -1.7953 0.1299 0.1843, -1.789 0.1764 0.2106, -1.7599 0.2089 0.2238, -1.815 0.0483 0.1044, -1.7969 0.0756 0.1469, -1.7767 0.1098 0.1808, -1.7636 0.1559 0.2065, -1.73 0.186 0.2186, -1.8307 0.0153 0.0026, -1.8236 0.0135 0.053, -1.8083 0.0309 0.1018, -1.7865 0.0566 0.1442, -1.7631 0.0916 0.1781, -1.7411 0.1331 0.2025, -1.7032 0.1602 0.2134, -1.6322 0.0134 0.1974, -1.6827 0.0079 0.1905, -1.7297 0.0033 0.1708, -1.6489 0.0756 0.2015, -1.6962 0.0603 0.1935, -1.7339 0.026 0.1718, -1.7702 -0.0002 0.1395, -1.6641 0.1068 0.205, -1.7086 0.0868 0.1961, -1.7404 0.0472 0.1732, -1.7735 0.0191 0.1405, -1.8013 -0.0024 0.0988, -1.6833 0.1362 0.2093, -1.7245 0.1122 0.1993, -1.7503 0.0697 0.1754, -1.7786 0.0372 0.142, -1.8041 0.0148 0.1, -1.8209 -0.003 0.0515, -1.8278 -0.002 0.0007, -1.8268 -0.0197 0.0, -1.8201 -0.0197 0.051, -1.8004 -0.0197 0.0984, -1.7691 -0.0197 0.1392, -1.7283 -0.0197 0.1705, -1.6809 -0.0197 0.1901, -1.6299 -0.0197 0.1969, -2.1362 -0.0604 0.0218, -2.1329 -0.0717 0.0221, -2.1376 -0.0726 0.065, -2.263 -0.147 0.2138, -2.2728 -0.1175 0.2126, -2.2348 -0.1044 0.1973, -2.1204 -0.0983 0.0239, -2.1173 -0.104 0.0244, -2.1224 -0.105 0.0679, -2.2579 -0.1589 0.2145, -2.2624 -0.1488 0.2139, -2.2256 -0.1314 0.1988, -2.0956 -0.131 0.0294, -2.0955 -0.1311 0.0294, -2.1018 -0.132 0.0733, -2.1694 -0.2187 0.2106, -2.1559 -0.2312 0.214, -2.197 -0.2507 0.2247, -2.1811 -0.2652 0.228, -2.0823 -0.1429 0.0335, -2.0717 -0.1506 0.0373, -2.0895 -0.1436 0.0774, -2.0798 -0.1513 0.0812, -2.1026 -0.1522 0.1191, -2.093 -0.1604 0.1228, -2.1074 -0.1179 0.0264, -2.113 -0.1188 0.0701, -2.1148 -0.1398 0.115, -2.121 -0.1681 0.1565, -2.1107 -0.1774 0.16, -2.126 -0.1258 0.1117, -2.1339 -0.1543 0.1524, -2.1436 -0.1907 0.1875, -2.1321 -0.2014 0.1909, -2.126 -0.0884 0.023, -2.1308 -0.0894 0.0661, -2.1355 -0.1112 0.1092, -2.1458 -0.1386 0.1489, -2.1581 -0.1747 0.1834, -2.144 -0.0946 0.1072, -2.1559 -0.1223 0.1463, -2.1714 -0.1566 0.18, -2.1862 -0.1999 0.2067, -2.2168 -0.2288 0.221, -2.1376 -0.0555 0.0217, -2.1422 -0.0562 0.0643, -2.1509 -0.0766 0.1057, -2.1649 -0.1036 0.1441, -2.1826 -0.1376 0.1774, -2.2015 -0.1787 0.2034, -2.2346 -0.2039 0.218, -2.2799 -0.0871 0.2118, -2.2845 -0.0538 0.2113, -2.241 -0.0782 0.1962, -2.2451 -0.0493 0.1956, -2.21 -0.0453 0.1717, -2.2063 -0.0703 0.1724, -2.1808 -0.042 0.1408, -2.2007 -0.0929 0.1735, -2.1774 -0.0638 0.1415, -2.1589 -0.0396 0.1043, -2.2494 -0.178 0.2157, -2.2143 -0.1565 0.2009, -2.1926 -0.1161 0.1752, -2.1723 -0.0835 0.1425, -2.1557 -0.059 0.1048, -2.1453 -0.0382 0.0639, -2.1407 -0.0378 0.0215, -1.8323 -0.0604 0.0037, -1.8307 -0.0546 0.0026, -1.8236 -0.0529 0.053, -1.8481 -0.0983 0.0134, -1.8419 -0.0871 0.0098, -1.8339 -0.0846 0.0587, -2.064 -0.1555 0.0402, -2.0716 -0.1567 0.0836, -2.063 -0.156 0.0405, -2.0545 -0.166 0.0879, -2.0481 -0.1636 0.0453, -2.0337 -0.1692 0.0489, -2.0389 -0.1723 0.091, -2.0249 -0.1716 0.0505, -2.0202 -0.1776 0.0936, -2.0167 -0.1738 0.052, -1.9993 -0.1765 0.0539, -2.0009 -0.1807 0.0952, -1.9842 -0.177 0.0543, -1.9814 -0.1815 0.0956, -1.9817 -0.1771 0.0544, -1.9643 -0.1759 0.0535, -1.9621 -0.1801 0.0949, -1.9469 -0.1727 0.0513, -1.9429 -0.1763 0.093, -1.9435 -0.1716 0.0506, -1.9238 -0.1702 0.0899, -1.8444 -0.2475 0.2179, -1.8609 -0.2965 0.2366, -1.8762 -0.2598 0.221, -1.9002 -0.3065 0.2396, -1.9105 -0.2691 0.2235, -1.9393 -0.3126 0.2414, -1.9448 -0.2747 0.225, -1.9785 -0.3149 0.2422, -1.9792 -0.2769 0.2256, -2.018 -0.3136 0.2418, -2.0139 -0.2757 0.2253, -2.0574 -0.3086 0.2402, -2.0484 -0.271 0.224, -2.0956 -0.3 0.2376, -2.0818 -0.2631 0.2219, -2.1279 -0.2896 0.2346, -2.11 -0.2535 0.2194, -2.1518 -0.2794 0.2318, -2.141 -0.2394 0.2159, -2.1638 -0.2743 0.2303, -1.9294 -0.1673 0.0477, -1.9132 -0.1602 0.0431, -1.9062 -0.1621 0.086, -1.9056 -0.1559 0.0405, -1.8897 -0.152 0.0815, -1.8712 -0.1294 0.0261, -1.8624 -0.1282 0.0718, -1.873 -0.131 0.0269, -1.876 -0.1414 0.077, -1.8845 -0.1416 0.0323, -1.8977 -0.1512 0.0377, -2.0838 -0.1664 0.1248, -2.0645 -0.1768 0.1284, -2.0467 -0.184 0.131, -2.0254 -0.19 0.1333, -2.0033 -0.1935 0.1347, -1.981 -0.1944 0.135, -1.9589 -0.1928 0.1344, -1.937 -0.1885 0.1328, -1.9151 -0.1815 0.1301, -1.8952 -0.1724 0.1269, -1.8766 -0.1611 0.123, -1.8612 -0.1493 0.1193, -1.8461 -0.1348 0.115, -1.8331 -0.1189 0.1109, -2.1 -0.1841 0.1618, -2.0775 -0.1957 0.165, -2.0568 -0.2037 0.1673, -2.032 -0.2103 0.1693, -2.0064 -0.2143 0.1705, -1.9805 -0.2153 0.1709, -1.9548 -0.2134 0.1703, -1.9294 -0.2087 0.1688, -1.904 -0.2009 0.1665, -1.8808 -0.1908 0.1636, -1.859 -0.1782 0.1602, -1.841 -0.165 0.1569, -1.8233 -0.1487 0.1533, -1.808 -0.131 0.1497, -1.7969 -0.115 0.1469, -2.1194 -0.2088 0.1927, -2.0929 -0.2216 0.1958, -2.0687 -0.2304 0.198, -2.0398 -0.2378 0.2, -2.01 -0.2421 0.2012, -1.9799 -0.2432 0.2015, -1.95 -0.2412 0.2009, -1.9204 -0.236 0.1995, -1.8908 -0.2274 0.1973, -1.8635 -0.2162 0.1944, -1.8379 -0.2023 0.1911, -1.8165 -0.1876 0.1879, -1.7953 -0.1693 0.1843, -1.7767 -0.1492 0.1808, -1.7631 -0.131 0.1781, -1.7503 -0.1091 0.1754, -1.8143 -0.2322 0.2142, -1.789 -0.2158 0.2106, -1.7636 -0.1953 0.2065, -1.7411 -0.1725 0.2025, -1.7245 -0.1516 0.1993, -1.7086 -0.1262 0.1961, -1.6962 -0.0997 0.1935, -1.648 -0.1123 0.2013, -1.6489 -0.115 0.2015, -1.6641 -0.1461 0.205, -1.6833 -0.1756 0.2093, -1.7032 -0.1996 0.2134, -1.73 -0.2253 0.2186, -1.7599 -0.2482 0.2238, -1.7894 -0.2663 0.2283, -1.8165 -0.2794 0.2318, -1.8243 -0.2832 0.2328, -1.6388 -0.0852 0.199, -1.688 -0.0745 0.1917, -1.7404 -0.0866 0.1732, -1.7865 -0.096 0.1442, -1.8237 -0.1046 0.1077, -1.8506 -0.1137 0.0668, -1.8594 -0.1156 0.0199, -1.8278 -0.0373 0.0007, -1.8209 -0.0364 0.0515, -1.8013 -0.037 0.0988, -1.8352 -0.0705 0.0056, -1.8276 -0.0683 0.0553, -1.8041 -0.0542 0.1, -1.7702 -0.0392 0.1395, -1.8083 -0.0703 0.1018, -1.7735 -0.0585 0.1405, -1.7297 -0.0427 0.1708, -1.8505 -0.1028 0.0149, -1.842 -0.1005 0.0628, -1.815 -0.0877 0.1044, -1.7786 -0.0766 0.142, -1.7339 -0.0654 0.1718, -1.6827 -0.0473 0.1905, -1.6322 -0.0528 0.1974, 1.8008 0.021 0.0037, 1.7992 0.0153 0.0026, 1.7921 0.0135 0.053, 1.8166 0.059 0.0134, 1.8104 0.0478 0.0098, 1.8024 0.0453 0.0587, 2.0483 0.112 0.0812, 2.0402 0.1113 0.0373, 2.0325 0.1161 0.0402, 2.0615 0.121 0.1228, 2.0401 0.1173 0.0836, 2.0315 0.1166 0.0405, 2.023 0.1266 0.0879, 2.0166 0.1243 0.0453, 2.0022 0.1298 0.0489, 2.0074 0.1329 0.091, 1.9934 0.1322 0.0505, 1.9887 0.1382 0.0936, 1.9852 0.1344 0.052, 1.9678 0.1371 0.0539, 1.9694 0.1413 0.0952, 1.9527 0.1377 0.0543, 1.9499 0.1421 0.0956, 1.9502 0.1378 0.0544, 1.9328 0.1365 0.0535, 1.9306 0.1407 0.0949, 1.9154 0.1333 0.0513, 1.9114 0.1369 0.093, 1.912 0.1323 0.0506, 1.8923 0.1308 0.0899, 1.8129 0.2082 0.2179, 1.8294 0.2571 0.2366, 1.8447 0.2204 0.221, 1.8687 0.2672 0.2396, 1.879 0.2297 0.2235, 1.9078 0.2732 0.2414, 1.9133 0.2353 0.225, 1.947 0.2755 0.2422, 1.9477 0.2375 0.2256, 1.9865 0.2742 0.2418, 1.9824 0.2363 0.2253, 2.0258 0.2692 0.2402, 2.0169 0.2317 0.224, 2.0641 0.2606 0.2376, 2.0503 0.2237 0.2219, 2.0964 0.2502 0.2346, 2.0785 0.2141 0.2194, 2.1203 0.24 0.2318, 2.1095 0.2 0.2159, 2.1323 0.2349 0.2303, 2.1496 0.2258 0.228, 1.8979 0.1279 0.0477, 1.8817 0.1208 0.0431, 1.8747 0.1227 0.086, 1.8741 0.1165 0.0405, 1.8582 0.1126 0.0815, 1.8397 0.09 0.0261, 1.8309 0.0888 0.0718, 1.8415 0.0916 0.0269, 1.8445 0.102 0.077, 1.853 0.1022 0.0323, 1.8662 0.1118 0.0377, 2.0792 0.138 0.16, 2.0523 0.1271 0.1248, 2.033 0.1374 0.1284, 2.0152 0.1446 0.131, 1.9939 0.1506 0.1333, 1.9718 0.1541 0.1347, 1.9495 0.155 0.135, 1.9274 0.1534 0.1344, 1.9055 0.1491 0.1328, 1.8836 0.1422 0.1301, 1.8637 0.1331 0.1269, 1.8451 0.1218 0.123, 1.8297 0.1099 0.1193, 1.8146 0.0954 0.115, 1.8016 0.0795 0.1109, 2.1006 0.162 0.1909, 2.0685 0.1447 0.1618, 2.046 0.1563 0.165, 2.0253 0.1643 0.1673, 2.0005 0.171 0.1693, 1.9749 0.1749 0.1705, 1.949 0.1759 0.1709, 1.9233 0.1741 0.1703, 1.8979 0.1693 0.1688, 1.8725 0.1616 0.1665, 1.8493 0.1514 0.1636, 1.8275 0.1388 0.1602, 1.8095 0.1256 0.1569, 1.7918 0.1093 0.1533, 1.7765 0.0916 0.1497, 1.7654 0.0756 0.1469, 2.1244 0.1918 0.214, 2.0879 0.1695 0.1927, 2.0614 0.1823 0.1958, 2.0372 0.1911 0.198, 2.0083 0.1984 0.2, 1.9785 0.2027 0.2012, 1.9484 0.2038 0.2015, 1.9185 0.2018 0.2009, 1.8889 0.1966 0.1995, 1.8593 0.1881 0.1973, 1.832 0.1769 0.1944, 1.8064 0.1629 0.1911, 1.785 0.1482 0.1879, 1.7638 0.1299 0.1843, 1.7452 0.1098 0.1808, 1.7316 0.0916 0.1781, 1.7188 0.0697 0.1754, 1.7828 0.1928 0.2142, 1.7575 0.1764 0.2106, 1.7321 0.1559 0.2065, 1.7096 0.1331 0.2025, 1.693 0.1122 0.1993, 1.6771 0.0868 0.1961, 1.6647 0.0603 0.1935, 1.6165 0.0729 0.2013, 1.6174 0.0756 0.2015, 1.6326 0.1068 0.205, 1.6518 0.1362 0.2093, 1.6717 0.1602 0.2134, 1.6985 0.186 0.2186, 1.7284 0.2089 0.2238, 1.7579 0.2269 0.2283, 1.785 0.24 0.2318, 1.7928 0.2438 0.2328, 1.6073 0.0458 0.199, 1.6565 0.0351 0.1917, 1.7089 0.0472 0.1732, 1.755 0.0566 0.1442, 1.7922 0.0652 0.1077, 1.8191 0.0743 0.0668, 1.8279 0.0762 0.0199, 1.7963 -0.002 0.0007, 1.7894 -0.003 0.0515, 1.7698 -0.0024 0.0988, 1.8037 0.0312 0.0056, 1.7961 0.0289 0.0553, 1.7725 0.0148 0.1, 1.7387 -0.0002 0.1395, 1.7768 0.0309 0.1018, 1.742 0.0191 0.1405, 1.6982 0.0033 0.1708, 1.819 0.0634 0.0149, 1.8105 0.0611 0.0628, 1.7835 0.0483 0.1044, 1.7471 0.0372 0.142, 1.7024 0.026 0.1718, 1.6512 0.0079 0.1905, 1.6007 0.0134 0.1974, 1.5984 -0.0197 0.1969, 1.6494 -0.0197 0.1901, 1.6968 -0.0197 0.1705, 1.7376 -0.0197 0.1392, 1.7689 -0.0197 0.0984, 1.7886 -0.0197 0.051, 1.7953 -0.0197 0.0, 2.1047 0.021 0.0218, 2.1014 0.0323 0.0221, 2.1061 0.0332 0.065, 2.2315 0.1077 0.2138, 2.2413 0.0781 0.2126, 2.2033 0.065 0.1973, 2.0889 0.0589 0.0239, 2.0858 0.0646 0.0244, 2.0909 0.0656 0.0679, 2.2264 0.1195 0.2145, 2.2309 0.1094 0.2139, 2.1941 0.092 0.1988, 2.0641 0.0917 0.0294, 2.064 0.0918 0.0294, 2.0703 0.0926 0.0733, 2.1379 0.1793 0.2106, 2.1655 0.2113 0.2247, 2.0508 0.1035 0.0335, 2.058 0.1042 0.0774, 2.0711 0.1128 0.1191, 2.0759 0.0785 0.0264, 2.0815 0.0794 0.0701, 2.0833 0.1004 0.115, 2.0895 0.1288 0.1565, 2.0945 0.0865 0.1117, 2.1024 0.1149 0.1524, 2.1121 0.1513 0.1875, 2.0945 0.049 0.023, 2.0993 0.05 0.0661, 2.104 0.0718 0.1092, 2.1143 0.0993 0.1489, 2.1266 0.1353 0.1834, 2.1125 0.0552 0.1072, 2.1244 0.0829 0.1463, 2.1399 0.1172 0.18, 2.1547 0.1605 0.2067, 2.1853 0.1894 0.221, 2.1061 0.0162 0.0217, 2.1107 0.0169 0.0643, 2.1194 0.0372 0.1057, 2.1334 0.0642 0.1441, 2.1511 0.0982 0.1774, 2.17 0.1393 0.2034, 2.2031 0.1645 0.218, 2.2484 0.0477 0.2118, 2.253 0.0144 0.2113, 2.2095 0.0388 0.1962, 2.2136 0.0099 0.1956, 2.1785 0.0059 0.1717, 2.1748 0.0309 0.1724, 2.1493 0.0026 0.1408, 2.1692 0.0535 0.1735, 2.1459 0.0244 0.1415, 2.1274 0.0002 0.1043, 2.2179 0.1386 0.2157, 2.1828 0.1171 0.2009, 2.1611 0.0767 0.1752, 2.1408 0.0441 0.1425, 2.1242 0.0197 0.1048, 2.1138 -0.0012 0.0639, 2.1092 -0.0016 0.0215, 2.1102 -0.0197 0.0214, 2.1148 -0.0197 0.0637, 2.1285 -0.0197 0.1041, 2.1504 -0.0197 0.1406, 2.1797 -0.0197 0.1715, 2.215 -0.0197 0.1954, 2.2546 -0.0197 0.2111, 1.8008 -0.0604 0.0037, 1.8037 -0.0705 0.0056, 1.7961 -0.0683 0.0553, 1.6165 -0.1123 0.2013, 1.6073 -0.0852 0.199, 1.6565 -0.0745 0.1917, 1.8166 -0.0983 0.0134, 1.819 -0.1028 0.0149, 1.8105 -0.1005 0.0628, 1.8415 -0.131 0.0269, 1.853 -0.1416 0.0323, 1.8445 -0.1414 0.077, 1.8741 -0.1559 0.0405, 1.8817 -0.1602 0.0431, 1.8747 -0.1621 0.086, 1.785 -0.2794 0.2318, 1.7579 -0.2663 0.2283, 1.7828 -0.2322 0.2142, 1.912 -0.1716 0.0506, 1.9154 -0.1727 0.0513, 1.9114 -0.1763 0.093, 1.9527 -0.177 0.0543, 1.9678 -0.1765 0.0539, 1.9694 -0.1807 0.0952, 1.9934 -0.1716 0.0505, 2.0022 -0.1692 0.0489, 2.0074 -0.1723 0.091, 2.1203 -0.2794 0.2318, 2.0964 -0.2896 0.2346, 2.0785 -0.2535 0.2194, 2.1095 -0.2394 0.2159, 2.1244 -0.2312 0.214, 2.1323 -0.2743 0.2303, 2.1496 -0.2652 0.228, 2.0315 -0.156 0.0405, 2.0325 -0.1555 0.0402, 2.0401 -0.1567 0.0836, 2.0402 -0.1506 0.0373, 2.0483 -0.1513 0.0812, 2.0166 -0.1636 0.0453, 2.023 -0.166 0.0879, 2.0523 -0.1664 0.1248, 2.0615 -0.1604 0.1228, 2.033 -0.1768 0.1284, 2.0685 -0.1841 0.1618, 2.0792 -0.1774 0.16, 1.9852 -0.1738 0.052, 1.9887 -0.1776 0.0936, 2.0152 -0.184 0.131, 2.046 -0.1957 0.165, 2.0879 -0.2088 0.1927, 2.1006 -0.2014 0.1909, 1.9939 -0.19 0.1333, 2.0253 -0.2037 0.1673, 2.0614 -0.2216 0.1958, 1.9502 -0.1771 0.0544, 1.9499 -0.1815 0.0956, 1.9718 -0.1935 0.1347, 2.0005 -0.2103 0.1693, 2.0372 -0.2304 0.198, 1.9328 -0.1759 0.0535, 1.9306 -0.1801 0.0949, 1.9495 -0.1944 0.135, 1.9749 -0.2143 0.1705, 2.0083 -0.2378 0.2, 2.0503 -0.2631 0.2219, 2.0641 -0.3 0.2376, 1.9274 -0.1928 0.1344, 1.949 -0.2153 0.1709, 1.9785 -0.2421 0.2012, 2.0169 -0.271 0.224, 2.0258 -0.3086 0.2402, 1.8979 -0.1673 0.0477, 1.8923 -0.1702 0.0899, 1.9055 -0.1885 0.1328, 1.9233 -0.2134 0.1703, 1.9484 -0.2432 0.2015, 1.9824 -0.2757 0.2253, 1.9865 -0.3136 0.2418, 1.8836 -0.1815 0.1301, 1.8979 -0.2087 0.1688, 1.9185 -0.2412 0.2009, 1.9477 -0.2769 0.2256, 1.947 -0.3149 0.2422, 1.8662 -0.1512 0.0377, 1.8582 -0.152 0.0815, 1.8637 -0.1724 0.1269, 1.8725 -0.2009 0.1665, 1.8889 -0.236 0.1995, 1.9133 -0.2747 0.225, 1.9078 -0.3126 0.2414, 1.8451 -0.1611 0.123, 1.8493 -0.1908 0.1636, 1.8593 -0.2274 0.1973, 1.879 -0.2691 0.2235, 1.8687 -0.3065 0.2396, 1.8397 -0.1294 0.0261, 1.8309 -0.1282 0.0718, 1.8297 -0.1493 0.1193, 1.8275 -0.1782 0.1602, 1.832 -0.2162 0.1944, 1.8447 -0.2598 0.221, 1.8294 -0.2965 0.2366, 1.8279 -0.1156 0.0199, 1.8191 -0.1137 0.0668, 1.8146 -0.1348 0.115, 1.8095 -0.165 0.1569, 1.8064 -0.2023 0.1911, 1.8129 -0.2475 0.2179, 1.7928 -0.2832 0.2328, 1.8016 -0.1189 0.1109, 1.7918 -0.1487 0.1533, 1.785 -0.1876 0.1879, 1.8104 -0.0871 0.0098, 1.8024 -0.0846 0.0587, 1.7922 -0.1046 0.1077, 1.7765 -0.131 0.1497, 1.7638 -0.1693 0.1843, 1.7575 -0.2158 0.2106, 1.7284 -0.2482 0.2238, 1.7835 -0.0877 0.1044, 1.7654 -0.115 0.1469, 1.7452 -0.1492 0.1808, 1.7321 -0.1953 0.2065, 1.6985 -0.2253 0.2186, 1.7992 -0.0546 0.0026, 1.7921 -0.0529 0.053, 1.7768 -0.0703 0.1018, 1.755 -0.096 0.1442, 1.7316 -0.131 0.1781, 1.7096 -0.1725 0.2025, 1.6717 -0.1996 0.2134, 1.6007 -0.0528 0.1974, 1.6512 -0.0473 0.1905, 1.6982 -0.0427 0.1708, 1.6174 -0.115 0.2015, 1.6647 -0.0997 0.1935, 1.7024 -0.0654 0.1718, 1.7387 -0.0392 0.1395, 1.6326 -0.1461 0.205, 1.6771 -0.1262 0.1961, 1.7089 -0.0866 0.1732, 1.742 -0.0585 0.1405, 1.7698 -0.037 0.0988, 1.6518 -0.1756 0.2093, 1.693 -0.1516 0.1993, 1.7188 -0.1091 0.1754, 1.7471 -0.0766 0.142, 1.7725 -0.0542 0.1, 1.7894 -0.0364 0.0515, 1.7963 -0.0373 0.0007, 2.064 -0.1309 0.0295, 2.0672 -0.1278 0.0285, 2.0733 -0.1287 0.0724, 2.089 -0.0984 0.0239, 2.0963 -0.0844 0.0228, 2.1011 -0.0854 0.0658, 2.2264 -0.1589 0.2145, 2.2213 -0.1711 0.2152, 2.1857 -0.1505 0.2004, 2.1046 -0.0604 0.0218, 2.1069 -0.0517 0.0216, 2.1116 -0.0524 0.0642, 2.2141 -0.0429 0.1955, 2.2536 -0.0465 0.2112, 2.1096 -0.0339 0.0214, 2.1142 -0.0342 0.0638, 2.1278 -0.0353 0.1042, 2.1022 -0.0692 0.0221, 2.1069 -0.0701 0.0648, 2.1251 -0.0549 0.1047, 2.1497 -0.0372 0.1407, 2.1203 -0.0739 0.1056, 2.1468 -0.0591 0.1413, 2.179 -0.0398 0.1716, 2.2313 -0.147 0.2139, 2.088 -0.1003 0.024, 2.0931 -0.1013 0.0674, 2.1143 -0.0903 0.1068, 2.1417 -0.0805 0.1423, 2.1758 -0.0649 0.1722, 2.078 -0.1152 0.026, 2.0834 -0.1162 0.0696, 2.1062 -0.1073 0.1086, 2.1354 -0.0988 0.1437, 2.1702 -0.0895 0.1733, 2.2106 -0.072 0.1961, 2.2496 -0.08 0.2116, 2.0964 -0.123 0.1111, 2.1267 -0.1178 0.1457, 2.1633 -0.1106 0.1747, 2.2044 -0.1004 0.1971, 2.2426 -0.1129 0.2125, 2.1901 -0.2226 0.2201, 2.1708 -0.2453 0.2236, 2.1588 -0.1946 0.2058, 2.1424 -0.214 0.2095, 2.116 -0.1867 0.1864, 2.2062 -0.1989 0.2175, 2.1727 -0.1744 0.2029, 2.1302 -0.1702 0.1825, 2.0929 -0.1647 0.1553, 2.1422 -0.1529 0.1795, 2.1056 -0.1504 0.1514, 2.0744 -0.1491 0.118, 2.2337 -0.1413 0.2136, 2.1966 -0.125 0.1984, 2.1537 -0.1325 0.1768, 2.1164 -0.1355 0.1484, 2.0863 -0.1363 0.1141, 2.0613 -0.1407 0.0763, 2.0544 -0.14 0.0323
            ]
        }
        coordIndex [
            0,1,2,-1,3,4,2,-1,2,4,5,-1,2,5,0,-1,4,3,6,-1,4,6,7,-1,7,6,8,-1,7,8,9,-1,9,8,10,-1,10,8,11,-1,10,11,12,-1,12,11,13,-1,12,13,14,-1,15,16,17,-1,18,19,20,-1,20,21,18,-1,18,21,22,-1,18,22,23,-1,23,22,24,-1,23,24,25,-1,25,26,23,-1,23,26,27,-1,23,27,28,-1,28,29,23,-1,23,29,30,-1,23,30,31,-1,31,32,23,-1,23,32,33,-1,23,33,34,-1,34,33,35,-1,34,35,17,-1,17,35,36,-1,17,36,15,-1,37,38,39,-1,39,40,37,-1,37,40,41,-1,37,41,42,-1,42,43,37,-1,37,43,44,-1,37,44,45,-1,45,46,37,-1,37,46,47,-1,37,47,48,-1,48,47,49,-1,48,49,50,-1,17,16,51,-1,51,52,17,-1,17,52,53,-1,17,53,54,-1,54,55,17,-1,17,55,56,-1,17,56,57,-1,57,56,58,-1,57,58,37,-1,37,58,59,-1,37,59,38,-1,60,61,62,-1,63,64,65,-1,66,67,68,-1,69,70,71,-1,72,73,74,-1,74,73,75,-1,76,77,78,-1,78,77,79,-1,70,76,71,-1,71,76,78,-1,71,78,80,-1,80,78,79,-1,80,79,81,-1,82,69,83,-1,83,69,71,-1,83,71,84,-1,84,71,80,-1,84,80,85,-1,85,80,81,-1,85,81,86,-1,64,82,65,-1,65,82,83,-1,65,83,87,-1,87,83,84,-1,87,84,88,-1,88,84,85,-1,88,85,89,-1,89,85,86,-1,89,86,90,-1,66,68,91,-1,92,63,93,-1,93,63,65,-1,93,65,94,-1,94,65,87,-1,94,87,95,-1,95,87,88,-1,95,88,96,-1,96,88,89,-1,96,89,72,-1,72,89,90,-1,72,90,73,-1,97,92,98,-1,98,92,93,-1,98,93,99,-1,99,93,94,-1,99,94,100,-1,100,94,95,-1,100,95,101,-1,101,95,96,-1,101,96,102,-1,102,96,72,-1,102,72,103,-1,103,72,74,-1,61,97,62,-1,62,97,98,-1,62,98,104,-1,104,98,99,-1,104,99,105,-1,105,99,100,-1,105,100,106,-1,106,100,101,-1,106,101,107,-1,107,101,102,-1,107,102,108,-1,108,102,103,-1,109,110,111,-1,111,110,112,-1,111,112,113,-1,114,109,115,-1,115,109,111,-1,115,111,116,-1,116,111,113,-1,116,113,117,-1,67,114,68,-1,68,114,115,-1,68,115,118,-1,118,115,116,-1,118,116,119,-1,119,116,117,-1,119,117,120,-1,121,91,122,-1,122,91,68,-1,122,68,123,-1,123,68,118,-1,123,118,124,-1,124,118,119,-1,124,119,125,-1,125,119,120,-1,125,120,126,-1,127,60,126,-1,126,60,62,-1,126,62,125,-1,125,62,104,-1,125,104,124,-1,124,104,105,-1,124,105,123,-1,123,105,106,-1,123,106,122,-1,122,106,107,-1,122,107,121,-1,121,107,108,-1,128,127,129,-1,129,127,126,-1,129,126,130,-1,130,126,120,-1,130,120,131,-1,131,120,117,-1,131,117,132,-1,132,117,113,-1,132,113,133,-1,133,113,112,-1,133,112,134,-1,134,112,110,-1,135,136,137,-1,138,139,140,-1,141,142,143,-1,144,145,146,-1,147,148,149,-1,150,151,152,-1,153,154,155,-1,156,157,158,-1,159,160,161,-1,162,163,164,-1,165,133,166,-1,166,133,134,-1,167,168,169,-1,169,168,128,-1,169,128,129,-1,170,167,171,-1,171,167,169,-1,171,169,172,-1,172,169,129,-1,172,129,130,-1,160,170,161,-1,161,170,171,-1,161,171,173,-1,173,171,172,-1,173,172,174,-1,174,172,130,-1,174,130,131,-1,175,159,176,-1,176,159,161,-1,176,161,177,-1,177,161,173,-1,177,173,178,-1,178,173,174,-1,178,174,179,-1,179,174,131,-1,179,131,132,-1,157,175,158,-1,158,175,176,-1,158,176,180,-1,180,176,177,-1,180,177,181,-1,181,177,178,-1,181,178,182,-1,182,178,179,-1,182,179,165,-1,165,179,132,-1,165,132,133,-1,183,156,184,-1,184,156,158,-1,184,158,185,-1,185,158,180,-1,185,180,186,-1,186,180,181,-1,186,181,187,-1,187,181,182,-1,187,182,164,-1,164,182,165,-1,164,165,162,-1,162,165,166,-1,188,183,189,-1,189,183,184,-1,189,184,190,-1,190,184,185,-1,190,185,191,-1,191,185,186,-1,191,186,192,-1,192,186,187,-1,192,187,193,-1,193,187,164,-1,193,164,194,-1,194,164,163,-1,154,188,155,-1,155,188,189,-1,155,189,195,-1,195,189,190,-1,195,190,196,-1,196,190,191,-1,196,191,197,-1,197,191,192,-1,197,192,198,-1,198,192,193,-1,198,193,199,-1,199,193,194,-1,200,153,201,-1,201,153,155,-1,201,155,202,-1,202,155,195,-1,202,195,203,-1,203,195,196,-1,203,196,204,-1,204,196,197,-1,204,197,205,-1,205,197,198,-1,205,198,206,-1,206,198,199,-1,148,200,149,-1,149,200,201,-1,149,201,207,-1,207,201,202,-1,207,202,208,-1,208,202,203,-1,208,203,209,-1,209,203,204,-1,209,204,210,-1,210,204,205,-1,210,205,211,-1,211,205,206,-1,212,147,213,-1,213,147,149,-1,213,149,214,-1,214,149,207,-1,214,207,215,-1,215,207,208,-1,215,208,216,-1,216,208,209,-1,216,209,217,-1,217,209,210,-1,217,210,218,-1,218,210,211,-1,145,212,146,-1,146,212,213,-1,146,213,219,-1,219,213,214,-1,219,214,220,-1,220,214,215,-1,220,215,221,-1,221,215,216,-1,221,216,222,-1,222,216,217,-1,222,217,223,-1,223,217,218,-1,224,144,225,-1,225,144,146,-1,225,146,226,-1,226,146,219,-1,226,219,227,-1,227,219,220,-1,227,220,228,-1,228,220,221,-1,228,221,229,-1,229,221,222,-1,229,222,230,-1,230,222,223,-1,231,224,232,-1,232,224,225,-1,232,225,233,-1,233,225,226,-1,233,226,234,-1,234,226,227,-1,234,227,235,-1,235,227,228,-1,235,228,236,-1,236,228,229,-1,236,229,237,-1,237,229,230,-1,142,231,143,-1,143,231,232,-1,143,232,238,-1,238,232,233,-1,238,233,239,-1,239,233,234,-1,239,234,240,-1,240,234,235,-1,240,235,152,-1,152,235,236,-1,152,236,150,-1,150,236,237,-1,241,141,242,-1,242,141,143,-1,242,143,243,-1,243,143,238,-1,243,238,244,-1,244,238,239,-1,244,239,245,-1,245,239,240,-1,245,240,246,-1,246,240,152,-1,246,152,247,-1,247,152,151,-1,136,241,137,-1,137,241,242,-1,137,242,248,-1,248,242,243,-1,248,243,249,-1,249,243,244,-1,249,244,250,-1,250,244,245,-1,250,245,251,-1,251,245,246,-1,251,246,252,-1,252,246,247,-1,253,135,254,-1,254,135,137,-1,254,137,255,-1,255,137,248,-1,255,248,256,-1,256,248,249,-1,256,249,257,-1,257,249,250,-1,257,250,258,-1,258,250,251,-1,258,251,259,-1,259,251,252,-1,139,260,140,-1,140,260,261,-1,140,261,262,-1,263,138,264,-1,264,138,140,-1,264,140,265,-1,265,140,262,-1,265,262,266,-1,267,263,268,-1,268,263,264,-1,268,264,269,-1,269,264,265,-1,269,265,270,-1,270,265,266,-1,270,266,271,-1,272,267,273,-1,273,267,268,-1,273,268,274,-1,274,268,269,-1,274,269,275,-1,275,269,270,-1,275,270,276,-1,276,270,271,-1,276,271,277,-1,278,253,277,-1,277,253,254,-1,277,254,276,-1,276,254,255,-1,276,255,275,-1,275,255,256,-1,275,256,274,-1,274,256,257,-1,274,257,273,-1,273,257,258,-1,273,258,272,-1,272,258,259,-1,279,278,280,-1,280,278,277,-1,280,277,281,-1,281,277,271,-1,281,271,282,-1,282,271,266,-1,282,266,283,-1,283,266,262,-1,283,262,284,-1,284,262,261,-1,284,261,285,-1,285,261,260,-1,286,287,288,-1,289,290,291,-1,292,293,294,-1,295,296,297,-1,298,299,300,-1,301,302,303,-1,303,302,304,-1,305,306,307,-1,307,306,308,-1,299,305,300,-1,300,305,307,-1,300,307,309,-1,309,307,308,-1,309,308,310,-1,311,298,312,-1,312,298,300,-1,312,300,313,-1,313,300,309,-1,313,309,314,-1,314,309,310,-1,314,310,315,-1,293,311,294,-1,294,311,312,-1,294,312,316,-1,316,312,313,-1,316,313,317,-1,317,313,314,-1,317,314,318,-1,318,314,315,-1,318,315,319,-1,320,292,321,-1,321,292,294,-1,321,294,322,-1,322,294,316,-1,322,316,323,-1,323,316,317,-1,323,317,324,-1,324,317,318,-1,324,318,301,-1,301,318,319,-1,301,319,302,-1,287,320,288,-1,288,320,321,-1,288,321,325,-1,325,321,322,-1,325,322,326,-1,326,322,323,-1,326,323,327,-1,327,323,324,-1,327,324,328,-1,328,324,301,-1,328,301,329,-1,329,301,303,-1,330,286,331,-1,331,286,288,-1,331,288,332,-1,332,288,325,-1,332,325,333,-1,333,325,326,-1,333,326,334,-1,334,326,327,-1,334,327,335,-1,335,327,328,-1,335,328,336,-1,336,328,329,-1,337,338,339,-1,339,338,340,-1,339,340,341,-1,290,337,291,-1,291,337,339,-1,291,339,342,-1,342,339,341,-1,342,341,343,-1,296,289,297,-1,297,289,291,-1,297,291,344,-1,344,291,342,-1,344,342,345,-1,345,342,343,-1,345,343,346,-1,347,295,348,-1,348,295,297,-1,348,297,349,-1,349,297,344,-1,349,344,350,-1,350,344,345,-1,350,345,351,-1,351,345,346,-1,351,346,352,-1,353,330,352,-1,352,330,331,-1,352,331,351,-1,351,331,332,-1,351,332,350,-1,350,332,333,-1,350,333,349,-1,349,333,334,-1,349,334,348,-1,348,334,335,-1,348,335,347,-1,347,335,336,-1,77,353,79,-1,79,353,352,-1,79,352,81,-1,81,352,346,-1,81,346,86,-1,86,346,343,-1,86,343,90,-1,90,343,341,-1,90,341,73,-1,73,341,340,-1,73,340,75,-1,75,340,338,-1,354,355,356,-1,357,358,359,-1,308,306,360,-1,310,308,361,-1,308,360,361,-1,361,360,362,-1,361,362,363,-1,362,364,363,-1,363,364,365,-1,363,365,366,-1,366,365,367,-1,366,367,368,-1,367,369,368,-1,368,369,370,-1,368,370,371,-1,371,370,372,-1,371,372,373,-1,372,374,373,-1,373,374,375,-1,373,375,376,-1,376,375,377,-1,376,377,378,-1,378,377,379,-1,378,379,380,-1,381,382,383,-1,383,382,384,-1,383,384,385,-1,385,384,386,-1,385,386,387,-1,387,386,388,-1,387,388,389,-1,389,388,390,-1,389,390,391,-1,391,390,392,-1,391,392,393,-1,393,392,394,-1,393,394,395,-1,395,394,396,-1,395,396,397,-1,397,396,398,-1,397,398,399,-1,399,398,400,-1,399,400,304,-1,379,401,380,-1,380,401,402,-1,380,402,403,-1,403,402,404,-1,403,404,405,-1,406,407,408,-1,408,407,409,-1,408,409,410,-1,410,409,405,-1,410,405,411,-1,411,405,404,-1,315,310,412,-1,412,310,361,-1,412,361,413,-1,413,361,363,-1,413,363,414,-1,414,363,366,-1,414,366,415,-1,415,366,368,-1,415,368,416,-1,416,368,371,-1,416,371,417,-1,417,371,373,-1,417,373,418,-1,418,373,376,-1,418,376,419,-1,419,376,378,-1,419,378,420,-1,420,378,380,-1,420,380,421,-1,421,380,403,-1,421,403,422,-1,422,403,405,-1,422,405,423,-1,423,405,409,-1,423,409,424,-1,424,409,407,-1,424,407,425,-1,319,315,426,-1,426,315,412,-1,426,412,427,-1,427,412,413,-1,427,413,428,-1,428,413,414,-1,428,414,429,-1,429,414,415,-1,429,415,430,-1,430,415,416,-1,430,416,431,-1,431,416,417,-1,431,417,432,-1,432,417,418,-1,432,418,433,-1,433,418,419,-1,433,419,434,-1,434,419,420,-1,434,420,435,-1,435,420,421,-1,435,421,436,-1,436,421,422,-1,436,422,437,-1,437,422,423,-1,437,423,438,-1,438,423,424,-1,438,424,439,-1,439,424,425,-1,439,425,440,-1,302,319,441,-1,441,319,426,-1,441,426,442,-1,442,426,427,-1,442,427,443,-1,443,427,428,-1,443,428,444,-1,444,428,429,-1,444,429,445,-1,445,429,430,-1,445,430,446,-1,446,430,431,-1,446,431,447,-1,447,431,432,-1,447,432,448,-1,448,432,433,-1,448,433,449,-1,449,433,434,-1,449,434,450,-1,450,434,435,-1,450,435,451,-1,451,435,436,-1,451,436,452,-1,452,436,437,-1,452,437,453,-1,453,437,438,-1,453,438,454,-1,454,438,439,-1,454,439,455,-1,455,439,440,-1,455,440,456,-1,304,302,399,-1,399,302,441,-1,399,441,397,-1,397,441,442,-1,397,442,395,-1,395,442,443,-1,395,443,393,-1,393,443,444,-1,393,444,391,-1,391,444,445,-1,391,445,389,-1,389,445,446,-1,389,446,387,-1,387,446,447,-1,387,447,385,-1,385,447,448,-1,385,448,383,-1,383,448,449,-1,383,449,381,-1,381,449,450,-1,381,450,457,-1,457,450,451,-1,457,451,458,-1,458,451,452,-1,458,452,459,-1,459,452,453,-1,459,453,460,-1,460,453,454,-1,460,454,461,-1,461,454,455,-1,461,455,462,-1,462,455,456,-1,462,456,463,-1,464,465,463,-1,463,465,466,-1,463,466,462,-1,462,466,467,-1,462,467,461,-1,461,467,468,-1,461,468,460,-1,460,468,469,-1,460,469,459,-1,459,469,470,-1,459,470,458,-1,458,470,471,-1,458,471,457,-1,457,471,472,-1,457,472,381,-1,381,472,473,-1,381,473,382,-1,474,464,475,-1,475,464,463,-1,475,463,476,-1,476,463,456,-1,476,456,477,-1,477,456,440,-1,477,440,478,-1,478,440,425,-1,478,425,479,-1,479,425,407,-1,479,407,480,-1,480,407,406,-1,355,481,356,-1,356,481,482,-1,356,482,483,-1,484,354,485,-1,485,354,356,-1,485,356,486,-1,486,356,483,-1,486,483,487,-1,358,484,359,-1,359,484,485,-1,359,485,488,-1,488,485,486,-1,488,486,489,-1,489,486,487,-1,489,487,490,-1,491,357,492,-1,492,357,359,-1,492,359,493,-1,493,359,488,-1,493,488,494,-1,494,488,489,-1,494,489,495,-1,495,489,490,-1,495,490,496,-1,497,474,496,-1,496,474,475,-1,496,475,495,-1,495,475,476,-1,495,476,494,-1,494,476,477,-1,494,477,493,-1,493,477,478,-1,493,478,492,-1,492,478,479,-1,492,479,491,-1,491,479,480,-1,285,497,284,-1,284,497,496,-1,284,496,283,-1,283,496,490,-1,283,490,282,-1,282,490,487,-1,282,487,281,-1,281,487,483,-1,281,483,280,-1,280,483,482,-1,280,482,279,-1,279,482,481,-1,498,499,500,-1,501,502,503,-1,504,505,506,-1,507,504,508,-1,504,506,508,-1,508,506,509,-1,508,509,510,-1,509,511,510,-1,510,511,512,-1,510,512,513,-1,513,512,514,-1,513,514,515,-1,514,516,515,-1,515,516,517,-1,515,517,518,-1,518,517,519,-1,518,519,520,-1,519,521,520,-1,520,521,522,-1,520,522,523,-1,523,522,524,-1,523,524,525,-1,525,524,526,-1,525,526,527,-1,528,529,530,-1,530,529,531,-1,530,531,532,-1,532,531,533,-1,532,533,534,-1,534,533,535,-1,534,535,536,-1,536,535,537,-1,536,537,538,-1,538,537,539,-1,538,539,540,-1,540,539,541,-1,540,541,542,-1,542,541,543,-1,542,543,544,-1,544,543,545,-1,544,545,546,-1,546,545,547,-1,546,547,548,-1,526,549,527,-1,527,549,550,-1,527,550,551,-1,551,550,552,-1,551,552,553,-1,554,555,556,-1,556,555,557,-1,556,557,558,-1,558,557,553,-1,558,553,559,-1,559,553,552,-1,560,507,561,-1,561,507,508,-1,561,508,562,-1,562,508,510,-1,562,510,563,-1,563,510,513,-1,563,513,564,-1,564,513,515,-1,564,515,565,-1,565,515,518,-1,565,518,566,-1,566,518,520,-1,566,520,567,-1,567,520,523,-1,567,523,568,-1,568,523,525,-1,568,525,569,-1,569,525,527,-1,569,527,570,-1,570,527,551,-1,570,551,571,-1,571,551,553,-1,571,553,572,-1,572,553,557,-1,572,557,573,-1,573,557,555,-1,573,555,574,-1,575,560,576,-1,576,560,561,-1,576,561,577,-1,577,561,562,-1,577,562,578,-1,578,562,563,-1,578,563,579,-1,579,563,564,-1,579,564,580,-1,580,564,565,-1,580,565,581,-1,581,565,566,-1,581,566,582,-1,582,566,567,-1,582,567,583,-1,583,567,568,-1,583,568,584,-1,584,568,569,-1,584,569,585,-1,585,569,570,-1,585,570,586,-1,586,570,571,-1,586,571,587,-1,587,571,572,-1,587,572,588,-1,588,572,573,-1,588,573,589,-1,589,573,574,-1,589,574,590,-1,591,575,592,-1,592,575,576,-1,592,576,593,-1,593,576,577,-1,593,577,594,-1,594,577,578,-1,594,578,595,-1,595,578,579,-1,595,579,596,-1,596,579,580,-1,596,580,597,-1,597,580,581,-1,597,581,598,-1,598,581,582,-1,598,582,599,-1,599,582,583,-1,599,583,600,-1,600,583,584,-1,600,584,601,-1,601,584,585,-1,601,585,602,-1,602,585,586,-1,602,586,603,-1,603,586,587,-1,603,587,604,-1,604,587,588,-1,604,588,605,-1,605,588,589,-1,605,589,606,-1,606,589,590,-1,606,590,607,-1,548,591,546,-1,546,591,592,-1,546,592,544,-1,544,592,593,-1,544,593,542,-1,542,593,594,-1,542,594,540,-1,540,594,595,-1,540,595,538,-1,538,595,596,-1,538,596,536,-1,536,596,597,-1,536,597,534,-1,534,597,598,-1,534,598,532,-1,532,598,599,-1,532,599,530,-1,530,599,600,-1,530,600,528,-1,528,600,601,-1,528,601,608,-1,608,601,602,-1,608,602,609,-1,609,602,603,-1,609,603,610,-1,610,603,604,-1,610,604,611,-1,611,604,605,-1,611,605,612,-1,612,605,606,-1,612,606,613,-1,613,606,607,-1,613,607,614,-1,615,616,614,-1,614,616,617,-1,614,617,613,-1,613,617,618,-1,613,618,612,-1,612,618,619,-1,612,619,611,-1,611,619,620,-1,611,620,610,-1,610,620,621,-1,610,621,609,-1,609,621,622,-1,609,622,608,-1,608,622,623,-1,608,623,528,-1,528,623,624,-1,528,624,529,-1,625,615,626,-1,626,615,614,-1,626,614,627,-1,627,614,607,-1,627,607,628,-1,628,607,590,-1,628,590,629,-1,629,590,574,-1,629,574,630,-1,630,574,555,-1,630,555,631,-1,631,555,554,-1,499,632,500,-1,500,632,633,-1,500,633,634,-1,635,498,636,-1,636,498,500,-1,636,500,637,-1,637,500,634,-1,637,634,638,-1,502,635,503,-1,503,635,636,-1,503,636,639,-1,639,636,637,-1,639,637,640,-1,640,637,638,-1,640,638,641,-1,642,501,643,-1,643,501,503,-1,643,503,644,-1,644,503,639,-1,644,639,645,-1,645,639,640,-1,645,640,646,-1,646,640,641,-1,646,641,647,-1,648,625,647,-1,647,625,626,-1,647,626,646,-1,646,626,627,-1,646,627,645,-1,645,627,628,-1,645,628,644,-1,644,628,629,-1,644,629,643,-1,643,629,630,-1,643,630,642,-1,642,630,631,-1,649,648,650,-1,650,648,647,-1,650,647,651,-1,651,647,641,-1,651,641,652,-1,652,641,638,-1,652,638,653,-1,653,638,634,-1,653,634,654,-1,654,634,633,-1,654,633,655,-1,655,633,632,-1,656,657,658,-1,659,660,661,-1,662,663,664,-1,665,666,667,-1,668,669,670,-1,671,591,672,-1,672,591,548,-1,673,505,674,-1,674,505,504,-1,669,673,670,-1,670,673,674,-1,670,674,675,-1,675,674,504,-1,675,504,507,-1,676,668,677,-1,677,668,670,-1,677,670,678,-1,678,670,675,-1,678,675,679,-1,679,675,507,-1,679,507,560,-1,663,676,664,-1,664,676,677,-1,664,677,680,-1,680,677,678,-1,680,678,681,-1,681,678,679,-1,681,679,682,-1,682,679,560,-1,682,560,575,-1,683,662,684,-1,684,662,664,-1,684,664,685,-1,685,664,680,-1,685,680,686,-1,686,680,681,-1,686,681,687,-1,687,681,682,-1,687,682,671,-1,671,682,575,-1,671,575,591,-1,657,683,658,-1,658,683,684,-1,658,684,688,-1,688,684,685,-1,688,685,689,-1,689,685,686,-1,689,686,690,-1,690,686,687,-1,690,687,691,-1,691,687,671,-1,691,671,692,-1,692,671,672,-1,693,656,694,-1,694,656,658,-1,694,658,695,-1,695,658,688,-1,695,688,696,-1,696,688,689,-1,696,689,697,-1,697,689,690,-1,697,690,698,-1,698,690,691,-1,698,691,699,-1,699,691,692,-1,700,701,702,-1,702,701,703,-1,702,703,704,-1,660,700,661,-1,661,700,702,-1,661,702,705,-1,705,702,704,-1,705,704,706,-1,666,659,667,-1,667,659,661,-1,667,661,707,-1,707,661,705,-1,707,705,708,-1,708,705,706,-1,708,706,709,-1,710,665,711,-1,711,665,667,-1,711,667,712,-1,712,667,707,-1,712,707,713,-1,713,707,708,-1,713,708,714,-1,714,708,709,-1,714,709,715,-1,716,693,715,-1,715,693,694,-1,715,694,714,-1,714,694,695,-1,714,695,713,-1,713,695,696,-1,713,696,712,-1,712,696,697,-1,712,697,711,-1,711,697,698,-1,711,698,710,-1,710,698,699,-1,717,716,718,-1,718,716,715,-1,718,715,719,-1,719,715,709,-1,719,709,720,-1,720,709,706,-1,720,706,721,-1,721,706,704,-1,721,704,722,-1,722,704,703,-1,722,703,723,-1,723,703,701,-1,724,725,726,-1,727,728,729,-1,730,731,732,-1,733,734,735,-1,736,737,738,-1,739,740,741,-1,742,743,744,-1,745,746,747,-1,748,749,750,-1,751,752,753,-1,754,755,756,-1,756,755,757,-1,758,759,760,-1,760,759,761,-1,760,761,762,-1,763,758,764,-1,764,758,760,-1,764,760,765,-1,765,760,762,-1,765,762,766,-1,749,763,750,-1,750,763,764,-1,750,764,767,-1,767,764,765,-1,767,765,768,-1,768,765,766,-1,768,766,769,-1,770,748,771,-1,771,748,750,-1,771,750,772,-1,772,750,767,-1,772,767,773,-1,773,767,768,-1,773,768,774,-1,774,768,769,-1,774,769,775,-1,746,770,747,-1,747,770,771,-1,747,771,776,-1,776,771,772,-1,776,772,777,-1,777,772,773,-1,777,773,778,-1,778,773,774,-1,778,774,754,-1,754,774,775,-1,754,775,755,-1,779,745,780,-1,780,745,747,-1,780,747,781,-1,781,747,776,-1,781,776,782,-1,782,776,777,-1,782,777,783,-1,783,777,778,-1,783,778,753,-1,753,778,754,-1,753,754,751,-1,751,754,756,-1,784,779,785,-1,785,779,780,-1,785,780,786,-1,786,780,781,-1,786,781,787,-1,787,781,782,-1,787,782,788,-1,788,782,783,-1,788,783,789,-1,789,783,753,-1,789,753,790,-1,790,753,752,-1,743,784,744,-1,744,784,785,-1,744,785,791,-1,791,785,786,-1,791,786,792,-1,792,786,787,-1,792,787,793,-1,793,787,788,-1,793,788,794,-1,794,788,789,-1,794,789,795,-1,795,789,790,-1,796,742,797,-1,797,742,744,-1,797,744,798,-1,798,744,791,-1,798,791,799,-1,799,791,792,-1,799,792,800,-1,800,792,793,-1,800,793,801,-1,801,793,794,-1,801,794,802,-1,802,794,795,-1,737,796,738,-1,738,796,797,-1,738,797,803,-1,803,797,798,-1,803,798,804,-1,804,798,799,-1,804,799,805,-1,805,799,800,-1,805,800,806,-1,806,800,801,-1,806,801,807,-1,807,801,802,-1,808,736,809,-1,809,736,738,-1,809,738,810,-1,810,738,803,-1,810,803,811,-1,811,803,804,-1,811,804,812,-1,812,804,805,-1,812,805,813,-1,813,805,806,-1,813,806,814,-1,814,806,807,-1,734,808,735,-1,735,808,809,-1,735,809,815,-1,815,809,810,-1,815,810,816,-1,816,810,811,-1,816,811,817,-1,817,811,812,-1,817,812,818,-1,818,812,813,-1,818,813,819,-1,819,813,814,-1,820,733,821,-1,821,733,735,-1,821,735,822,-1,822,735,815,-1,822,815,823,-1,823,815,816,-1,823,816,824,-1,824,816,817,-1,824,817,825,-1,825,817,818,-1,825,818,826,-1,826,818,819,-1,827,820,828,-1,828,820,821,-1,828,821,829,-1,829,821,822,-1,829,822,830,-1,830,822,823,-1,830,823,831,-1,831,823,824,-1,831,824,832,-1,832,824,825,-1,832,825,833,-1,833,825,826,-1,731,827,732,-1,732,827,828,-1,732,828,834,-1,834,828,829,-1,834,829,835,-1,835,829,830,-1,835,830,836,-1,836,830,831,-1,836,831,741,-1,741,831,832,-1,741,832,739,-1,739,832,833,-1,837,730,838,-1,838,730,732,-1,838,732,839,-1,839,732,834,-1,839,834,840,-1,840,834,835,-1,840,835,841,-1,841,835,836,-1,841,836,842,-1,842,836,741,-1,842,741,843,-1,843,741,740,-1,725,837,726,-1,726,837,838,-1,726,838,844,-1,844,838,839,-1,844,839,845,-1,845,839,840,-1,845,840,846,-1,846,840,841,-1,846,841,847,-1,847,841,842,-1,847,842,848,-1,848,842,843,-1,849,724,850,-1,850,724,726,-1,850,726,851,-1,851,726,844,-1,851,844,852,-1,852,844,845,-1,852,845,853,-1,853,845,846,-1,853,846,854,-1,854,846,847,-1,854,847,855,-1,855,847,848,-1,728,856,729,-1,729,856,857,-1,729,857,858,-1,859,727,860,-1,860,727,729,-1,860,729,861,-1,861,729,858,-1,861,858,862,-1,863,859,864,-1,864,859,860,-1,864,860,865,-1,865,860,861,-1,865,861,866,-1,866,861,862,-1,866,862,867,-1,868,863,869,-1,869,863,864,-1,869,864,870,-1,870,864,865,-1,870,865,871,-1,871,865,866,-1,871,866,872,-1,872,866,867,-1,872,867,873,-1,874,849,873,-1,873,849,850,-1,873,850,872,-1,872,850,851,-1,872,851,871,-1,871,851,852,-1,871,852,870,-1,870,852,853,-1,870,853,869,-1,869,853,854,-1,869,854,868,-1,868,854,855,-1,655,874,654,-1,654,874,873,-1,654,873,653,-1,653,873,867,-1,653,867,652,-1,652,867,862,-1,652,862,651,-1,651,862,858,-1,651,858,650,-1,650,858,857,-1,650,857,649,-1,649,857,856,-1,875,876,877,-1,878,879,880,-1,881,882,883,-1,884,885,886,-1,887,722,888,-1,888,722,723,-1,889,717,890,-1,890,717,718,-1,885,889,886,-1,886,889,890,-1,886,890,891,-1,891,890,718,-1,891,718,719,-1,892,884,893,-1,893,884,886,-1,893,886,894,-1,894,886,891,-1,894,891,895,-1,895,891,719,-1,895,719,720,-1,879,892,880,-1,880,892,893,-1,880,893,896,-1,896,893,894,-1,896,894,897,-1,897,894,895,-1,897,895,898,-1,898,895,720,-1,898,720,721,-1,881,883,899,-1,900,878,901,-1,901,878,880,-1,901,880,902,-1,902,880,896,-1,902,896,903,-1,903,896,897,-1,903,897,904,-1,904,897,898,-1,904,898,887,-1,887,898,721,-1,887,721,722,-1,905,900,906,-1,906,900,901,-1,906,901,907,-1,907,901,902,-1,907,902,908,-1,908,902,903,-1,908,903,909,-1,909,903,904,-1,909,904,910,-1,910,904,887,-1,910,887,911,-1,911,887,888,-1,876,905,877,-1,877,905,906,-1,877,906,912,-1,912,906,907,-1,912,907,913,-1,913,907,908,-1,913,908,914,-1,914,908,909,-1,914,909,915,-1,915,909,910,-1,915,910,916,-1,916,910,911,-1,917,918,919,-1,919,918,920,-1,919,920,921,-1,922,917,923,-1,923,917,919,-1,923,919,924,-1,924,919,921,-1,924,921,925,-1,882,922,883,-1,883,922,923,-1,883,923,926,-1,926,923,924,-1,926,924,927,-1,927,924,925,-1,927,925,928,-1,929,899,930,-1,930,899,883,-1,930,883,931,-1,931,883,926,-1,931,926,932,-1,932,926,927,-1,932,927,933,-1,933,927,928,-1,933,928,934,-1,935,875,934,-1,934,875,877,-1,934,877,933,-1,933,877,912,-1,933,912,932,-1,932,912,913,-1,932,913,931,-1,931,913,914,-1,931,914,930,-1,930,914,915,-1,930,915,929,-1,929,915,916,-1,761,935,762,-1,762,935,934,-1,762,934,766,-1,766,934,928,-1,766,928,769,-1,769,928,925,-1,769,925,775,-1,775,925,921,-1,775,921,755,-1,755,921,920,-1,755,920,757,-1,757,920,918,-1,
        ]
    }
}