#VRML V2.0 utf8
# 3D model generated by easyeda2kicad.py (https://github.com/uPesy/easyeda2kicad.py)

Shape{
    appearance Appearance {
        material  Material 	{
            diffuseColor 0.8509803921568627 0.8509803921568627 0.8509803921568627
            specularColor 0.4235294117647059 0.4235294117647059 0.4235294117647059
            ambientIntensity 0.851
            transparency 0.0
            shininess 0.5
        }
    }
    geometry IndexedFaceSet {
        ccw TRUE
        solid FALSE
        coord DEF co Coordinate {
            point [
                -0.3346 -1.2992 1.3799, 0.3346 -1.2992 1.3799, -0.3346 -1.2905 1.3799, 0.3346 -1.2905 1.3799, 0.3346 -1.2905 1.2815, 0.3346 -1.2992 1.2815, -0.3346 -1.2905 1.2815, -0.3346 -1.2992 1.2815, 0.3346 -1.3384 1.2763, 0.3346 -1.3639 1.3714, 0.3346 -1.375 1.2612, 0.3346 -1.4242 1.3464, 0.3346 -1.4064 1.2371, 0.3346 -1.476 1.3067, 0.3346 -1.4305 1.2057, 0.3346 -1.5157 1.2549, 0.3346 -1.4456 1.1692, 0.3346 -1.5407 1.1946, 0.3346 -1.4508 1.1299, 0.3346 -1.5492 1.1299, 0.3346 -1.4508 0.2441, 0.3346 -1.5492 0.2441, 0.3346 -1.298 1.3307, 0.3346 -1.2968 1.317, 0.3346 -1.2968 1.3444, -0.3346 -1.2968 1.317, -0.3346 -1.298 1.3307, -0.3346 -1.3639 1.3714, -0.3346 -1.2968 1.3444, -0.3346 -1.4508 0.2441, -0.3346 -1.5492 0.2441, -0.3346 -1.4508 1.1299, -0.3346 -1.5492 1.1299, -0.3346 -1.4456 1.1692, -0.3346 -1.5407 1.1946, -0.3346 -1.4305 1.2057, -0.3346 -1.5157 1.2549, -0.3346 -1.4064 1.2371, -0.3346 -1.476 1.3067, -0.3346 -1.375 1.2612, -0.3346 -1.4242 1.3464, -0.3346 -1.3384 1.2763, -0.0906 -1.5492 0.0, -0.0492 -1.5492 -1.378, 0.0492 -1.5492 -1.378, -0.0906 -1.5492 -1.122, 0.0906 -1.5492 -1.122, 0.0906 -1.5492 0.0, 0.0492 -1.4508 -1.378, -0.0492 -1.4508 -1.378, 0.0906 -1.4508 0.0, 0.0906 -1.4508 -1.122, -0.0906 -1.4508 -1.122, -0.0906 -1.4508 0.0
            ]
        }
        coordIndex [
            0,1,2,-1,2,1,3,-1,4,5,6,-1,6,5,7,-1,8,9,10,-1,10,9,11,-1,10,11,12,-1,12,11,13,-1,12,13,14,-1,14,13,15,-1,14,15,16,-1,16,15,17,-1,16,17,18,-1,18,17,19,-1,18,19,20,-1,20,19,21,-1,22,5,23,-1,23,5,4,-1,3,1,24,-1,24,1,9,-1,24,9,22,-1,22,9,8,-1,22,8,5,-1,25,6,7,-1,26,27,28,-1,28,27,0,-1,28,0,2,-1,29,30,31,-1,31,30,32,-1,31,32,33,-1,33,32,34,-1,33,34,35,-1,35,34,36,-1,35,36,37,-1,37,36,38,-1,37,38,39,-1,39,38,40,-1,39,40,41,-1,41,40,27,-1,41,27,7,-1,7,27,26,-1,7,26,25,-1,1,0,27,-1,1,27,9,-1,9,27,40,-1,9,40,11,-1,11,40,38,-1,11,38,13,-1,13,38,36,-1,13,36,15,-1,15,36,34,-1,15,34,17,-1,17,34,32,-1,17,32,19,-1,42,21,30,-1,30,21,19,-1,30,19,32,-1,43,44,45,-1,45,44,46,-1,45,46,42,-1,42,46,47,-1,42,47,21,-1,48,44,49,-1,49,44,43,-1,50,29,20,-1,20,29,31,-1,20,31,18,-1,48,49,51,-1,51,49,52,-1,51,52,50,-1,50,52,53,-1,50,53,29,-1,18,31,16,-1,16,31,33,-1,16,33,14,-1,14,33,35,-1,14,35,12,-1,12,35,37,-1,12,37,10,-1,10,37,39,-1,10,39,8,-1,8,39,41,-1,8,41,5,-1,5,41,7,-1,30,29,42,-1,42,29,53,-1,45,52,43,-1,43,52,49,-1,42,53,45,-1,45,53,52,-1,47,50,21,-1,21,50,20,-1,46,51,47,-1,47,51,50,-1,44,48,46,-1,46,48,51,-1,
        ]
    }
}
Shape{
    appearance Appearance {
        material  Material 	{
            diffuseColor 1.0 1.0 1.0
            specularColor 0.5019607843137255 0.5019607843137255 0.5019607843137255
            ambientIntensity 1.0
            transparency 0.0
            shininess 0.5
        }
    }
    geometry IndexedFaceSet {
        ccw TRUE
        solid FALSE
        coord DEF co Coordinate {
            point [
                -0.7087 -1.2968 1.317, -0.3346 -1.2968 1.317, -0.3346 -1.298 1.3307, -0.7087 -1.298 1.3307, -0.3346 -1.2968 1.3444, -0.7087 -1.2968 1.3444, -0.3346 1.2968 1.317, -0.7087 1.2968 1.317, -0.7087 1.298 1.3307, -0.3346 1.298 1.3307, -0.7087 1.2968 1.3444, -0.3346 1.2968 1.3444
            ]
        }
        coordIndex [
            0,1,2,-1,0,2,3,-1,3,2,4,-1,3,4,5,-1,6,7,8,-1,6,8,9,-1,9,8,10,-1,9,10,11,-1,
        ]
    }
}
Shape{
    appearance Appearance {
        material  Material 	{
            diffuseColor 0.8509803921568627 0.8509803921568627 0.8509803921568627
            specularColor 0.4235294117647059 0.4235294117647059 0.4235294117647059
            ambientIntensity 0.851
            transparency 0.0
            shininess 0.5
        }
    }
    geometry IndexedFaceSet {
        ccw TRUE
        solid FALSE
        coord DEF co Coordinate {
            point [
                0.7087 -1.2992 1.3799, 1.2598 -1.2992 1.3799, 0.7087 -1.2905 1.3799, 1.2598 -1.2905 1.3799, 1.2598 -1.2905 1.2815, 1.2598 -1.2992 1.2815, 0.7087 -1.2905 1.2815, 0.7087 -1.2992 1.2815, 1.2598 -1.3384 1.2763, 1.2598 -1.3639 1.3714, 1.2598 -1.375 1.2612, 1.2598 -1.4242 1.3464, 1.2598 -1.4064 1.2371, 1.2598 -1.476 1.3067, 1.2598 -1.4305 1.2057, 1.2598 -1.5157 1.2549, 1.2598 -1.4456 1.1692, 1.2598 -1.5407 1.1946, 1.2598 -1.4508 1.1299, 1.2598 -1.5492 1.1299, 1.2598 -1.4508 0.2441, 1.2598 -1.5492 0.2441, 1.2598 -1.298 1.3307, 1.2598 -1.2968 1.317, 1.2598 -1.2968 1.3444, 0.7087 -1.2968 1.317, 0.7087 -1.298 1.3307, 0.7087 -1.3639 1.3714, 0.7087 -1.2968 1.3444, 0.7087 -1.4508 0.6609, 0.7087 -1.5492 0.6609, 0.7087 -1.4508 1.1299, 0.7087 -1.5492 1.1299, 0.7087 -1.4456 1.1692, 0.7087 -1.5407 1.1946, 0.7087 -1.4305 1.2057, 0.7087 -1.5157 1.2549, 0.7087 -1.4064 1.2371, 0.7087 -1.476 1.3067, 0.7087 -1.375 1.2612, 0.7087 -1.4242 1.3464, 0.7087 -1.3384 1.2763, 0.5906 -1.5492 0.2441, 0.5906 -1.5492 0.4844, 0.5906 -1.4508 0.2441, 0.5906 -1.4508 0.4844, 0.9094 -1.5492 0.0, 0.9508 -1.5492 -1.378, 1.0492 -1.5492 -1.378, 0.9094 -1.5492 -1.122, 1.0906 -1.5492 -1.122, 1.0906 -1.5492 0.0, 0.9508 -1.4508 -1.378, 1.0492 -1.4508 -1.378, 1.0906 -1.4508 -1.122, 0.9094 -1.4508 -1.122, 1.0906 -1.4508 0.0, 0.9094 -1.4508 0.0
            ]
        }
        coordIndex [
            0,1,2,-1,2,1,3,-1,4,5,6,-1,6,5,7,-1,8,9,10,-1,10,9,11,-1,10,11,12,-1,12,11,13,-1,12,13,14,-1,14,13,15,-1,14,15,16,-1,16,15,17,-1,16,17,18,-1,18,17,19,-1,18,19,20,-1,20,19,21,-1,22,5,23,-1,23,5,4,-1,3,1,24,-1,24,1,9,-1,24,9,22,-1,22,9,8,-1,22,8,5,-1,25,6,7,-1,26,27,28,-1,28,27,0,-1,28,0,2,-1,29,30,31,-1,31,30,32,-1,31,32,33,-1,33,32,34,-1,33,34,35,-1,35,34,36,-1,35,36,37,-1,37,36,38,-1,37,38,39,-1,39,38,40,-1,39,40,41,-1,41,40,27,-1,41,27,7,-1,7,27,26,-1,7,26,25,-1,42,43,44,-1,44,43,45,-1,1,0,27,-1,1,27,9,-1,9,27,40,-1,9,40,11,-1,11,40,38,-1,11,38,13,-1,13,38,36,-1,13,36,15,-1,15,36,34,-1,15,34,17,-1,17,34,32,-1,17,32,19,-1,21,19,32,-1,42,46,43,-1,43,46,21,-1,43,21,30,-1,30,21,32,-1,47,48,49,-1,49,48,50,-1,49,50,46,-1,46,50,51,-1,46,51,21,-1,47,52,48,-1,48,52,53,-1,31,18,29,-1,29,18,20,-1,29,20,45,-1,53,52,54,-1,54,52,55,-1,54,55,56,-1,56,55,57,-1,56,57,20,-1,20,57,44,-1,20,44,45,-1,18,31,16,-1,16,31,33,-1,16,33,14,-1,14,33,35,-1,14,35,12,-1,12,35,37,-1,12,37,10,-1,10,37,39,-1,10,39,8,-1,8,39,41,-1,8,41,5,-1,5,41,7,-1,30,29,43,-1,43,29,45,-1,42,44,46,-1,46,44,57,-1,49,55,47,-1,47,55,52,-1,46,57,49,-1,49,57,55,-1,51,56,21,-1,21,56,20,-1,50,54,51,-1,51,54,56,-1,48,53,50,-1,50,53,54,-1,
        ]
    }
}
Shape{
    appearance Appearance {
        material  Material 	{
            diffuseColor 1.0 1.0 1.0
            specularColor 0.5019607843137255 0.5019607843137255 0.5019607843137255
            ambientIntensity 1.0
            transparency 0.0
            shininess 0.5
        }
    }
    geometry IndexedFaceSet {
        ccw TRUE
        solid FALSE
        coord DEF co Coordinate {
            point [
                0.3346 -1.2968 1.317, 0.7087 -1.2968 1.317, 0.7087 -1.298 1.3307, 0.3346 -1.298 1.3307, 0.7087 -1.2968 1.3444, 0.3346 -1.2968 1.3444, 0.7087 1.2968 1.317, 0.3346 1.2968 1.317, 0.3346 1.298 1.3307, 0.7087 1.298 1.3307, 0.3346 1.2968 1.3444, 0.7087 1.2968 1.3444
            ]
        }
        coordIndex [
            0,1,2,-1,0,2,3,-1,3,2,4,-1,3,4,5,-1,6,7,8,-1,6,8,9,-1,9,8,10,-1,9,10,11,-1,
        ]
    }
}
Shape{
    appearance Appearance {
        material  Material 	{
            diffuseColor 0.8509803921568627 0.8509803921568627 0.8509803921568627
            specularColor 0.4235294117647059 0.4235294117647059 0.4235294117647059
            ambientIntensity 0.851
            transparency 0.0
            shininess 0.5
        }
    }
    geometry IndexedFaceSet {
        ccw TRUE
        solid FALSE
        coord DEF co Coordinate {
            point [
                -1.2598 -1.2992 1.3799, -0.7087 -1.2992 1.3799, -1.2598 -1.2905 1.3799, -0.7087 -1.2905 1.3799, -0.7087 -1.2905 1.2815, -0.7087 -1.2992 1.2815, -1.2598 -1.2905 1.2815, -1.2598 -1.2992 1.2815, -1.2598 -1.2968 1.317, -1.2598 -1.298 1.3307, -1.2598 -1.3639 1.3714, -1.2598 -1.2968 1.3444, -1.2598 -1.4508 0.2441, -1.2598 -1.5492 0.2441, -1.2598 -1.4508 1.1299, -1.2598 -1.5492 1.1299, -1.2598 -1.4456 1.1692, -1.2598 -1.5407 1.1946, -1.2598 -1.4305 1.2057, -1.2598 -1.5157 1.2549, -1.2598 -1.4064 1.2371, -1.2598 -1.476 1.3067, -1.2598 -1.375 1.2612, -1.2598 -1.4242 1.3464, -1.2598 -1.3384 1.2763, -0.7087 -1.3384 1.2763, -0.7087 -1.3639 1.3714, -0.7087 -1.375 1.2612, -0.7087 -1.4242 1.3464, -0.7087 -1.4064 1.2371, -0.7087 -1.476 1.3067, -0.7087 -1.4305 1.2057, -0.7087 -1.5157 1.2549, -0.7087 -1.4456 1.1692, -0.7087 -1.5407 1.1946, -0.7087 -1.4508 1.1299, -0.7087 -1.5492 1.1299, -0.7087 -1.4508 0.6609, -0.7087 -1.5492 0.6609, -0.7087 -1.298 1.3307, -0.7087 -1.2968 1.317, -0.7087 -1.2968 1.3444, -0.5906 -1.5492 0.2441, -0.5906 -1.4508 0.2441, -0.5906 -1.5492 0.4844, -0.5906 -1.4508 0.4844, -1.0492 -1.5492 -1.378, -0.9508 -1.5492 -1.378, -1.0906 -1.5492 -1.122, -0.9094 -1.5492 -1.122, -1.0906 -1.5492 0.0, -0.9094 -1.5492 0.0, -1.0492 -1.4508 -1.378, -0.9508 -1.4508 -1.378, -0.9094 -1.4508 0.0, -0.9094 -1.4508 -1.122, -1.0906 -1.4508 -1.122, -1.0906 -1.4508 0.0
            ]
        }
        coordIndex [
            0,1,2,-1,2,1,3,-1,4,5,6,-1,6,5,7,-1,8,6,7,-1,9,10,11,-1,11,10,0,-1,11,0,2,-1,12,13,14,-1,14,13,15,-1,14,15,16,-1,16,15,17,-1,16,17,18,-1,18,17,19,-1,18,19,20,-1,20,19,21,-1,20,21,22,-1,22,21,23,-1,22,23,24,-1,24,23,10,-1,24,10,7,-1,7,10,9,-1,7,9,8,-1,25,26,27,-1,27,26,28,-1,27,28,29,-1,29,28,30,-1,29,30,31,-1,31,30,32,-1,31,32,33,-1,33,32,34,-1,33,34,35,-1,35,34,36,-1,35,36,37,-1,37,36,38,-1,39,5,40,-1,40,5,4,-1,3,1,41,-1,41,1,26,-1,41,26,39,-1,39,26,25,-1,39,25,5,-1,42,43,44,-1,44,43,45,-1,1,0,10,-1,1,10,26,-1,26,10,23,-1,26,23,28,-1,28,23,21,-1,28,21,30,-1,30,21,19,-1,30,19,32,-1,32,19,17,-1,32,17,34,-1,34,17,15,-1,34,15,36,-1,36,15,38,-1,38,15,13,-1,38,13,44,-1,46,47,48,-1,48,47,49,-1,48,49,50,-1,50,49,51,-1,50,51,13,-1,13,51,42,-1,13,42,44,-1,46,52,47,-1,47,52,53,-1,12,14,35,-1,43,54,45,-1,45,54,12,-1,45,12,37,-1,37,12,35,-1,53,52,55,-1,55,52,56,-1,55,56,54,-1,54,56,57,-1,54,57,12,-1,35,14,33,-1,33,14,16,-1,33,16,31,-1,31,16,18,-1,31,18,29,-1,29,18,20,-1,29,20,27,-1,27,20,22,-1,27,22,25,-1,25,22,24,-1,25,24,5,-1,5,24,7,-1,13,12,50,-1,50,12,57,-1,48,56,46,-1,46,56,52,-1,50,57,48,-1,48,57,56,-1,47,53,49,-1,49,53,55,-1,51,54,42,-1,42,54,43,-1,49,55,51,-1,51,55,54,-1,44,45,38,-1,38,45,37,-1,
        ]
    }
}
Shape{
    appearance Appearance {
        material  Material 	{
            diffuseColor 1.0 1.0 1.0
            specularColor 0.5019607843137255 0.5019607843137255 0.5019607843137255
            ambientIntensity 1.0
            transparency 0.0
            shininess 0.5
        }
    }
    geometry IndexedFaceSet {
        ccw TRUE
        solid FALSE
        coord DEF co Coordinate {
            point [
                1.2598 -1.2968 1.3444, 1.67 -1.2968 1.3444, 1.2598 -1.2905 1.3799, 1.5659 -1.1927 1.9349, 0.7087 -1.2905 1.3799, 0.3346 -1.2905 1.3799, 0.3346 -1.2968 1.3444, 0.7087 -1.2968 1.3444, -1.5659 -1.1927 1.9349, -1.67 -1.2968 1.3444, -1.2598 -1.2968 1.3444, -1.2598 -1.2905 1.3799, -0.7087 -1.2905 1.3799, -0.3346 -1.2905 1.3799, -0.3346 -1.2968 1.3444, -0.7087 -1.2968 1.3444, 0.7087 -1.2905 1.2815, 0.7087 -1.2968 1.317, 0.3346 -1.2968 1.317, 1.5659 -1.1927 0.7265, 1.67 -1.2968 1.317, 1.2598 -1.2968 1.317, 1.2598 -1.2905 1.2815, 0.3346 -1.2905 1.2815, -0.3346 -1.2968 1.317, -0.7087 -1.2968 1.317, -0.3346 -1.2905 1.2815, -0.7087 -1.2905 1.2815, -1.2598 -1.2968 1.317, -1.67 -1.2968 1.317, -1.2598 -1.2905 1.2815, -1.5659 -1.1927 0.7265, 0.7087 1.2905 1.3799, 0.7087 1.2968 1.3444, 0.3346 1.2968 1.3444, 1.5659 1.1927 1.9349, 1.67 1.2968 1.3444, 1.2598 1.2968 1.3444, -0.3346 1.2968 1.3444, -0.7087 1.2968 1.3444, -0.3346 1.2905 1.3799, -0.7087 1.2905 1.3799, 0.3346 1.2905 1.3799, 1.2598 1.2905 1.3799, -1.2598 1.2968 1.3444, -1.67 1.2968 1.3444, -1.2598 1.2905 1.3799, -1.5659 1.1927 1.9349, -1.5659 1.1927 0.7265, -1.67 1.2968 1.317, -1.2598 1.2968 1.317, -0.7087 1.2968 1.317, -0.3346 1.2968 1.317, -0.7087 1.2905 1.2815, -0.3346 1.2905 1.2815, -1.2598 1.2905 1.2815, 1.5659 1.1927 0.7265, 0.3346 1.2905 1.2815, 1.2598 1.2968 1.317, 1.67 1.2968 1.317, 1.2598 1.2905 1.2815, 0.7087 1.2905 1.2815, 0.7087 1.2968 1.317, 0.3346 1.2968 1.317, -1.2598 -1.298 1.3307, -1.67 -1.298 1.3307, -1.67 -1.2979 1.3322, 1.67 -1.298 1.3307, 1.2598 -1.298 1.3307, 1.67 -1.2979 1.3322, -1.67 1.298 1.3307, -1.2598 1.298 1.3307, 1.67 1.2979 1.3292, 1.67 1.298 1.3307, 1.2598 1.298 1.3307, 1.7129 0.1912 1.5411, 1.713 0.1873 1.5406, 1.713 0.2113 1.5406, 1.6853 0.2964 1.6977, 1.6859 0.2868 1.694, 1.6914 0.2868 1.663, 1.7476 -1.2193 1.3444, 1.7476 -0.8533 1.3444, 1.7196 -0.8533 1.5031, 1.6962 0.3427 1.636, 1.6914 0.354 1.663, 1.6962 0.3236 1.636, 1.6914 0.3236 1.663, 1.6962 0.2932 1.636, 1.6981 0.3427 1.6252, 1.7109 0.3449 1.5522, 1.713 0.354 1.5406, 1.7128 0.3449 1.5414, 1.713 0.3236 1.5406, 1.6981 0.3056 1.6252, 1.7034 0.3056 1.5949, 1.6981 0.3236 1.6252, 1.7034 0.3236 1.5949, 1.7034 0.34 1.5949, 1.7053 0.34 1.584, 1.7109 0.3236 1.5522, 1.7053 0.3236 1.584, 1.7109 0.3056 1.5522, 1.7053 0.3056 1.584, 1.7009 0.2678 1.609, 1.7009 0.2803 1.609, 1.713 0.2868 1.5406, 1.7099 0.2458 1.5582, 1.7109 0.2473 1.5526, 1.7109 0.2476 1.5526, 1.6914 0.2337 1.663, 1.7038 0.2337 1.5925, 1.7099 0.249 1.5581, 1.7105 0.2481 1.555, 1.713 0.2337 1.5406, 1.7094 0.2337 1.5607, 1.7009 0.2144 1.609, 1.6914 0.2113 1.663, 1.7009 0.2279 1.609, 1.7128 0.2413 1.5416, 1.713 0.2409 1.5406, 1.715 0.236 1.5293, 1.7196 0.2113 1.5031, 1.7183 0.2169 1.5105, 1.7164 0.2169 1.5211, 1.7162 0.2314 1.5225, 1.7157 0.2336 1.525, 1.7157 0.2337 1.525, 1.7181 0.2337 1.5117, 1.7184 0.2295 1.5101, 1.7196 0.2337 1.5031, 1.7185 0.2246 1.5096, 1.7184 0.222 1.5097, 1.7167 0.2237 1.5197, 1.7166 0.2267 1.5201, 1.7164 0.2294 1.5211, 1.7146 0.2491 1.5312, 1.7165 0.2437 1.5208, 1.7196 0.2868 1.5031, 1.713 0.2529 1.5406, 1.7174 0.2393 1.5155, 1.7175 0.2384 1.5148, 1.718 0.2342 1.5119, 1.6818 0.3892 1.7174, 1.6818 0.354 1.7174, 1.6864 0.399 1.6915, 1.6864 0.4127 1.6915, 1.6914 1.1631 1.663, 1.6696 1.1412 1.7869, 1.6697 0.3762 1.7861, 1.6696 0.354 1.7869, 1.6697 0.3629 1.7861, 1.6738 0.354 1.7631, 1.6864 0.3263 1.6915, 1.6864 0.34 1.6915, 1.6818 0.3492 1.7174, 1.6696 0.2337 1.7869, 1.6696 0.2113 1.7869, 1.6697 0.2224 1.7861, 1.6697 0.2113 1.7861, 1.6716 0.2224 1.7753, 1.6845 0.2246 1.7023, 1.6864 0.2246 1.6915, 1.6716 0.1853 1.7753, 1.677 0.1853 1.745, 1.6716 0.2113 1.7753, 1.677 0.2113 1.745, 1.677 0.2197 1.745, 1.6789 0.2197 1.7341, 1.6845 0.2113 1.7023, 1.6789 0.2113 1.7341, 1.6845 0.1853 1.7023, 1.6789 0.1853 1.7341, 1.6697 0.1729 1.7861, 1.6696 0.1673 1.7869, 1.6864 0.1729 1.6915, 1.7196 -1.1913 1.5031, 1.713 -0.8533 1.5406, 1.713 -1.1847 1.5406, 1.6914 -0.8533 1.663, 1.6914 -1.1631 1.663, 1.6696 -0.8533 1.7869, 1.6696 -1.1412 1.7869, 1.6543 -0.8533 1.8732, 1.6543 -1.126 1.8732, 1.7128 0.5194 1.5414, 1.7083 0.5096 1.5673, 1.7083 0.4696 1.5673, 1.713 1.1847 1.5406, 1.6962 0.4965 1.636, 1.7054 0.441 1.5839, 1.7073 0.4387 1.5728, 1.7128 0.4466 1.5414, 1.709 0.4339 1.563, 1.7105 0.4268 1.5547, 1.6962 0.4832 1.636, 1.7043 0.4413 1.5899, 1.702 0.4397 1.603, 1.6962 0.3905 1.636, 1.6964 0.4051 1.6344, 1.7118 0.4167 1.5476, 1.7125 0.4058 1.5434, 1.7128 0.3895 1.5414, 1.6984 0.4268 1.6235, 1.6989 0.4302 1.6202, 1.7004 0.4361 1.612, 1.6972 0.4167 1.6303, 1.7128 0.4603 1.5414, 1.7128 0.5331 1.5414, 1.7128 0.3631 1.5414, 1.6962 0.3631 1.636, 1.6701 0.1537 1.7839, 1.6696 0.1435 1.7868, 1.6696 0.1412 1.7869, 1.6864 0.2113 1.6915, 1.6914 0.1673 1.663, 1.6723 0.1537 1.7711, 1.6836 0.1537 1.7071, 1.6722 0.1526 1.7717, 1.6716 0.1429 1.7753, 1.6714 0.131 1.7767, 1.6714 0.1264 1.7765, 1.6717 0.1182 1.7747, 1.6723 0.1107 1.7711, 1.6732 0.1048 1.7662, 1.6857 0.1537 1.6954, 1.6858 0.152 1.6946, 1.6862 0.1109 1.6923, 1.6855 0.1018 1.6965, 1.6914 0.086 1.663, 1.6844 0.0941 1.7028, 1.6842 0.0933 1.7037, 1.6733 0.1042 1.7655, 1.6745 0.0996 1.7589, 1.6759 0.0963 1.7508, 1.6782 0.0948 1.7378, 1.679 0.0949 1.7334, 1.6844 0.1442 1.703, 1.6847 0.1333 1.701, 1.6847 0.1289 1.7008, 1.6806 0.0966 1.7242, 1.682 0.0998 1.7166, 1.683 0.1042 1.7108, 1.6834 0.1069 1.7082, 1.6846 0.1205 1.7017, 1.6842 0.1134 1.704, 1.6864 0.1417 1.6913, 1.6867 0.1271 1.6899, 1.6866 0.1213 1.6902, 1.6694 0.1309 1.7877, 1.6543 0.1673 1.8732, 1.6696 0.1242 1.7869, 1.6543 0.086 1.8732, 1.6696 0.086 1.7869, 1.6734 0.0887 1.7648, 1.6719 0.0956 1.7738, 1.6715 0.098 1.776, 1.6704 0.107 1.7822, 1.6697 0.117 1.7861, 1.6828 0.0875 1.7118, 1.6821 0.086 1.7156, 1.6914 0.0803 1.663, 1.6696 0.0803 1.7869, 1.6753 0.0841 1.7543, 1.6745 0.086 1.7588, 1.6811 0.0836 1.7217, 1.6784 0.0817 1.737, 1.6775 0.0819 1.742, 1.6789 0.3207 1.734, 1.6808 0.3183 1.7229, 1.6826 0.3136 1.7131, 1.684 0.3065 1.7048, 1.6696 0.2868 1.7869, 1.6701 0.2868 1.7839, 1.6696 0.3236 1.7869, 1.6707 0.2964 1.7804, 1.6739 0.3158 1.7621, 1.6755 0.3194 1.7531, 1.6778 0.321 1.74, 1.7128 0.2932 1.5414, 1.7128 0.3236 1.5414, 1.6719 0.3065 1.7736, 1.6725 0.3099 1.7703, 1.6697 0.2701 1.7861, 1.67 0.2848 1.7846, 1.686 0.2855 1.6935, 1.6864 0.2692 1.6915, 1.6864 0.2427 1.6915, 1.6697 0.2427 1.7861, 1.7077 0.0929 1.5705, 1.7071 0.0954 1.5738, 1.7038 0.097 1.5927, 1.7128 0.1334 1.5414, 1.713 0.1187 1.5406, 1.7128 0.1455 1.5414, 1.713 0.1673 1.5406, 1.7127 0.1003 1.5424, 1.713 0.086 1.5406, 1.713 0.1049 1.5406, 1.713 0.1051 1.5406, 1.7113 0.0924 1.5501, 1.7106 0.0909 1.5541, 1.7097 0.0903 1.5595, 1.7011 0.1332 1.6083, 1.7027 0.1638 1.5988, 1.7022 0.166 1.602, 1.7066 0.0992 1.577, 1.7061 0.1044 1.5795, 1.703 0.1041 1.5973, 1.7058 0.1131 1.5816, 1.7024 0.1236 1.6005, 1.7024 0.1195 1.6009, 1.7025 0.1116 1.6, 1.711 0.1334 1.5519, 1.711 0.1331 1.5519, 1.7118 0.13 1.5476, 1.7124 0.1261 1.544, 1.7122 0.0962 1.5451, 1.712 0.0949 1.5465, 1.7127 0.1237 1.5425, 1.713 0.1189 1.5406, 1.7093 0.0904 1.5613, 1.7085 0.0912 1.5663, 1.7009 0.1085 1.6091, 1.7007 0.1207 1.6105, 1.7008 0.1282 1.6098, 1.7018 0.097 1.6043, 1.7015 0.0995 1.6057, 1.7015 0.1371 1.606, 1.702 0.1403 1.603, 1.7034 0.1623 1.595, 1.7027 0.1428 1.5991, 1.7037 0.1446 1.5936, 1.7053 0.1334 1.5844, 1.7043 0.133 1.5896, 1.7036 0.1318 1.5938, 1.7032 0.1304 1.5963, 1.7064 0.1672 1.578, 1.7103 0.1618 1.556, 1.7064 0.1673 1.578, 1.7108 0.1666 1.5531, 1.7108 0.1673 1.5528, 1.706 0.1653 1.5801, 1.7056 0.1637 1.5825, 1.7052 0.1455 1.5849, 1.705 0.1624 1.5862, 1.7041 0.1619 1.5908, 1.7028 0.1285 1.5982, 1.7026 0.1264 1.5995, 1.7124 0.1618 1.5438, 1.7128 0.1673 1.5418, 1.7129 0.1691 1.5411, 1.713 0.1735 1.5406, 1.7131 0.1804 1.5398, 1.7196 0.1673 1.5031, 1.7196 0.086 1.5031, 1.7131 0.1121 1.5398, 1.7166 0.2193 1.5203, 1.7012 0.1735 1.6074, 1.7008 0.1802 1.6097, 1.7076 0.2041 1.571, 1.7082 0.2063 1.5677, 1.7032 0.2048 1.596, 1.7016 0.1696 1.6052, 1.702 0.1673 1.6032, 1.7088 0.2076 1.5642, 1.7096 0.2081 1.5598, 1.7104 0.2076 1.555, 1.7111 0.2061 1.5513, 1.7117 0.2038 1.5481, 1.7007 0.1886 1.6105, 1.7012 0.2048 1.6075, 1.7008 0.197 1.6098, 1.7122 0.2004 1.5452, 1.7125 0.1975 1.5435, 1.7024 0.1874 1.6009, 1.7024 0.1838 1.6007, 1.704 0.1743 1.5918, 1.7026 0.1806 1.5998, 1.7028 0.1779 1.5984, 1.7042 0.1744 1.5902, 1.7046 0.1748 1.5884, 1.7048 0.1757 1.5868, 1.7051 0.1769 1.5855, 1.7055 0.1811 1.5829, 1.7025 0.1951 1.6001, 1.7061 0.1886 1.5797, 1.7029 0.2019 1.5977, 1.7064 0.1932 1.5779, 1.7072 0.2012 1.5735, 1.7031 0.1761 1.5968, 1.7033 0.1751 1.5953, 1.7036 0.1745 1.5937, 1.7113 0.1742 1.5503, 1.7076 0.1801 1.5711, 1.707 0.1729 1.5744, 1.7114 0.1816 1.5495, 1.7114 0.1821 1.5495, 1.7082 0.188 1.5679, 1.7113 0.1883 1.5502, 1.7098 0.1958 1.5586, 1.7096 0.1957 1.5601, 1.7111 0.1914 1.5513, 1.711 0.1925 1.5519, 1.7108 0.1939 1.5532, 1.7105 0.1949 1.5547, 1.7102 0.1955 1.5564, 1.7092 0.1951 1.562, 1.7089 0.1942 1.5635, 1.7087 0.1927 1.5651, 1.6682 -0.1826 1.7947, 1.6696 -0.1713 1.7869, 1.6696 -0.0122 1.7869, 1.6714 -0.1561 1.7766, 1.6762 -0.1324 1.7492, 1.6914 -0.057 1.663, 1.6914 -0.0122 1.663, 1.6888 -0.063 1.6778, 1.6854 -0.077 1.6969, 1.6827 -0.0955 1.7123, 1.6808 -0.1192 1.7234, 1.681 -0.1158 1.7223, 1.6678 -0.3114 1.7969, 1.6658 -0.2797 1.8082, 1.6652 -0.249 1.8115, 1.6543 -0.0122 1.8732, 1.6659 -0.2165 1.8076, 1.6696 -0.3282 1.7869, 1.6698 -0.331 1.7853, 1.6842 -0.4717 1.704, 1.6805 -0.4553 1.7247, 1.6754 -0.4036 1.7538, 1.6748 -0.3767 1.757, 1.6722 -0.347 1.7718, 1.6749 -0.3689 1.7566, 1.6751 -0.361 1.7557, 1.6798 -0.4507 1.7291, 1.6771 -0.4289 1.7441, 1.7101 -0.4374 1.5568, 1.707 -0.4587 1.5747, 1.7122 -0.4127 1.545, 1.7031 -0.4743 1.5967, 1.6987 -0.4841 1.6217, 1.694 -0.4874 1.6481, 1.6929 -0.4872 1.6545, 1.6914 -0.4857 1.663, 1.6884 -0.4826 1.6798, 1.7127 -0.4041 1.5424, 1.713 -0.4032 1.5406, 1.7152 -0.3972 1.528, 1.7174 -0.387 1.5156, 1.7191 -0.3737 1.5057, 1.7196 -0.3109 1.5031, 1.7204 -0.3226 1.4987, 1.7476 -0.0122 1.3444, 1.7207 -0.3392 1.4967, 1.7207 -0.3418 1.4967, 1.7203 -0.3579 1.4992, 1.7196 -0.3674 1.5031, 1.713 -0.2751 1.5406, 1.713 -0.2752 1.5404, 1.7196 -0.0122 1.5031, 1.7157 -0.2833 1.5254, 1.7177 -0.2938 1.5138, 1.7194 -0.3074 1.5044, 1.706 -0.1879 1.5803, 1.7057 -0.1832 1.5821, 1.6989 -0.1752 1.6205, 1.7009 -0.2879 1.609, 1.6926 -0.1964 1.6561, 1.699 -0.2999 1.6197, 1.6977 -0.3144 1.6274, 1.7065 -0.1921 1.5774, 1.7043 -0.0633 1.59, 1.7076 -0.0768 1.5714, 1.713 -0.0122 1.5406, 1.6954 -0.0942 1.6405, 1.6931 -0.0974 1.6534, 1.6914 -0.1027 1.663, 1.6914 -0.4427 1.663, 1.6924 -0.0547 1.6572, 1.6963 -0.0516 1.6353, 1.7005 -0.0547 1.6112, 1.7056 -0.1779 1.5828, 1.7056 -0.1773 1.5827, 1.7056 -0.1752 1.5823, 1.6985 -0.4386 1.6226, 1.7009 -0.4305 1.6089, 1.7022 -0.3958 1.602, 1.7031 -0.4183 1.5965, 1.7047 -0.4034 1.5875, 1.6982 -0.3706 1.6242, 1.6999 -0.3845 1.6147, 1.6938 -0.4444 1.6494, 1.6956 -0.4435 1.639, 1.6972 -0.3555 1.6299, 1.6969 -0.3392 1.6319, 1.697 -0.3308 1.6314, 1.7103 -0.0954 1.5559, 1.7121 -0.1163 1.5458, 1.7129 -0.139 1.5411, 1.7092 -0.1991 1.5619, 1.7088 -0.1989 1.5646, 1.7077 -0.2708 1.5707, 1.7079 -0.1976 1.5697, 1.707 -0.1949 1.5743, 1.7027 -0.1078 1.599, 1.7008 -0.1003 1.6095, 1.6987 -0.0955 1.6215, 1.6964 -0.0939 1.6346, 1.7129 -0.1793 1.5411, 1.7128 -0.1831 1.5417, 1.7125 -0.1877 1.5434, 1.7119 -0.1921 1.5465, 1.7117 -0.1937 1.5481, 1.7109 -0.1967 1.5524, 1.7101 -0.1985 1.5569, 1.7101 -0.2712 1.557, 1.7089 -0.2708 1.564, 1.7057 -0.1738 1.5821, 1.7057 -0.1431 1.5821, 1.7053 -0.1308 1.5844, 1.7043 -0.1188 1.5899, 1.7029 -0.1087 1.5981, 1.68 -0.1674 1.7275, 1.6768 -0.1828 1.7456, 1.6837 -0.3398 1.7066, 1.6766 -0.1845 1.7472, 1.6743 -0.2037 1.7603, 1.68 -0.3294 1.7279, 1.6833 -0.3447 1.7092, 1.6823 -0.36 1.7147, 1.6911 -0.1038 1.665, 1.6895 -0.1117 1.6737, 1.6872 -0.1472 1.6871, 1.6882 -0.1223 1.681, 1.6874 -0.1342 1.6855, 1.6872 -0.1527 1.6871, 1.6839 -0.1568 1.7058, 1.6827 -0.4 1.7124, 1.6841 -0.4152 1.7044, 1.682 -0.3831 1.7163, 1.6859 -0.427 1.6941, 1.6883 -0.4365 1.6807, 1.6768 -0.3141 1.7459, 1.6728 -0.2251 1.7684, 1.6745 -0.2958 1.7591, 1.6723 -0.2483 1.7712, 1.6729 -0.2734 1.768, 1.6819 -0.376 1.7167, 1.6909 -0.4423 1.6657, 1.6435 -1.1151 1.9349, 1.6435 -0.8533 1.9349, 1.6435 -0.0122 1.9349, 1.6435 0.0803 1.9349, 1.6543 0.0803 1.8732, 1.6435 0.086 1.9349, 1.6435 0.1673 1.9349, 1.6435 0.2113 1.9349, 1.6543 0.2113 1.8732, 1.6435 0.2337 1.9349, 1.6543 0.2337 1.8732, 1.6435 0.2868 1.9349, 1.6543 0.2868 1.8732, 1.6435 0.3236 1.9349, 1.6543 0.3236 1.8732, 1.6435 0.354 1.9349, 1.6543 0.354 1.8732, 1.6435 1.1151 1.9349, 1.6543 1.126 1.8732, 1.6697 0.0395 1.7861, 1.6845 0.0395 1.7023, 1.6845 0.0778 1.7023, 1.6864 0.0271 1.6915, 1.6697 0.0271 1.7861, 1.6864 0.0778 1.6915, 1.7109 0.0788 1.5522, 1.7128 0.0788 1.5414, 1.713 0.0803 1.5406, 1.7128 0.0271 1.5414, 1.6981 0.0766 1.6252, 1.6962 0.0271 1.636, 1.6962 0.0766 1.636, 1.7053 0.0395 1.584, 1.7109 0.0395 1.5522, 1.7053 0.0739 1.584, 1.7034 0.0739 1.5949, 1.7034 0.0395 1.5949, 1.6981 0.0395 1.6252, 1.7196 0.3236 1.5031, 1.7196 0.354 1.5031, 1.7196 1.1913 1.5031, 1.7196 0.0803 1.5031, 1.7476 0.0803 1.3444, 1.7476 0.086 1.3444, 1.7476 0.1673 1.3444, 1.7476 0.2113 1.3444, 1.7476 0.2337 1.3444, 1.7476 0.2868 1.3444, 1.7476 0.3236 1.3444, 1.7476 0.354 1.3444, 1.7476 1.2193 1.3444, 1.5659 -1.1151 0.6614, -1.5659 -1.1151 0.6614, 1.5659 1.1151 0.6614, -1.5659 1.1151 0.6614, -1.1704 -0.8704 2.0, -1.2152 -0.8519 2.0, -1.5659 -1.1151 2.0, -0.9909 -0.8223 2.0, 1.5659 -1.1151 2.0, -0.9614 -0.7839 2.0, -0.9429 -0.7391 2.0, -1.0294 -0.8519 2.0, -1.0742 -0.8704 2.0, -1.1223 -0.8768 2.0, -1.2537 -0.8223 2.0, -1.2832 -0.7839 2.0, -1.3018 -0.7391 2.0, -1.2537 -0.5596 2.0, -1.2152 -0.5301 2.0, -1.5659 1.1151 2.0, -1.1704 -0.5115 2.0, -1.3081 -0.691 2.0, -1.3018 -0.6429 2.0, -1.2832 -0.5981 2.0, -1.1223 -0.5052 2.0, -1.0742 -0.5115 2.0, 1.5659 1.1151 2.0, -1.0294 -0.5301 2.0, -0.9909 -0.5596 2.0, -0.9614 -0.5981 2.0, -0.9429 -0.6429 2.0, -0.9365 -0.691 2.0, -1.7476 -1.2193 1.3444, -1.6435 -1.1151 1.9349, -1.7476 1.2193 1.3444, -1.6435 1.1151 1.9349, 1.7476 1.2193 1.317, 1.7476 -1.2193 1.317, 1.6435 1.1151 0.7265, 1.6435 -1.1151 0.7265, -1.7476 1.2193 1.317, -1.6435 1.1151 0.7265, -1.7476 -1.2193 1.317, -1.6435 -1.1151 0.7265
            ]
        }
        coordIndex [
            0,1,2,-1,2,1,3,-1,2,3,4,-1,5,6,7,-1,8,9,10,-1,10,11,8,-1,8,11,12,-1,8,12,3,-1,7,4,5,-1,5,4,3,-1,5,3,13,-1,13,3,12,-1,13,12,14,-1,14,12,15,-1,16,17,18,-1,19,20,21,-1,21,22,19,-1,19,22,16,-1,19,16,23,-1,23,16,18,-1,24,25,26,-1,26,25,27,-1,28,29,30,-1,30,29,31,-1,30,31,27,-1,27,31,19,-1,27,19,26,-1,26,19,23,-1,32,33,34,-1,35,36,37,-1,38,39,40,-1,40,39,41,-1,34,42,32,-1,32,42,35,-1,32,35,43,-1,43,35,37,-1,44,45,46,-1,46,45,47,-1,46,47,41,-1,41,47,35,-1,41,35,40,-1,40,35,42,-1,48,49,50,-1,51,52,53,-1,53,52,54,-1,50,55,48,-1,48,55,53,-1,48,53,56,-1,56,53,54,-1,56,54,57,-1,58,59,60,-1,60,59,56,-1,60,56,61,-1,61,56,57,-1,61,57,62,-1,62,57,63,-1,28,64,29,-1,29,64,65,-1,65,64,66,-1,66,64,10,-1,66,10,9,-1,20,67,21,-1,21,67,68,-1,68,67,0,-1,0,67,69,-1,0,69,1,-1,50,49,70,-1,50,70,71,-1,71,70,45,-1,71,45,44,-1,72,59,58,-1,72,58,73,-1,58,74,73,-1,73,74,37,-1,73,37,36,-1,75,76,77,-1,78,79,80,-1,81,82,83,-1,84,85,86,-1,86,85,87,-1,86,87,88,-1,84,89,85,-1,85,89,90,-1,85,90,91,-1,91,90,92,-1,91,92,93,-1,94,95,96,-1,96,95,97,-1,96,97,89,-1,89,97,98,-1,89,98,90,-1,90,98,99,-1,90,99,100,-1,100,99,101,-1,100,101,102,-1,102,101,103,-1,104,105,80,-1,80,105,106,-1,107,108,109,-1,80,110,104,-1,104,110,111,-1,104,111,112,-1,112,111,107,-1,112,107,113,-1,113,107,109,-1,114,115,77,-1,77,115,116,-1,77,116,117,-1,117,116,110,-1,110,116,118,-1,110,118,111,-1,119,115,120,-1,120,115,114,-1,120,114,121,-1,122,123,124,-1,125,126,114,-1,114,126,127,-1,114,127,121,-1,128,129,130,-1,130,129,131,-1,130,131,122,-1,122,131,132,-1,122,132,123,-1,133,134,114,-1,114,134,135,-1,114,135,125,-1,136,137,138,-1,136,138,139,-1,137,140,138,-1,138,140,141,-1,138,141,130,-1,130,141,142,-1,130,142,128,-1,143,144,145,-1,145,144,85,-1,145,85,146,-1,147,148,149,-1,149,148,150,-1,149,150,151,-1,151,150,152,-1,153,87,154,-1,154,87,85,-1,154,85,155,-1,155,85,144,-1,156,157,158,-1,158,157,159,-1,158,160,156,-1,156,160,161,-1,156,161,110,-1,110,161,162,-1,110,162,117,-1,163,164,165,-1,165,164,166,-1,165,166,160,-1,160,166,167,-1,160,167,161,-1,161,167,168,-1,161,168,169,-1,169,168,170,-1,169,170,171,-1,171,170,172,-1,159,157,173,-1,173,157,174,-1,173,174,175,-1,81,83,176,-1,176,83,177,-1,176,177,178,-1,178,177,179,-1,178,179,180,-1,180,179,181,-1,180,181,182,-1,182,181,183,-1,182,183,184,-1,185,186,187,-1,188,147,189,-1,190,191,192,-1,192,191,193,-1,192,193,194,-1,149,146,147,-1,147,146,85,-1,147,85,189,-1,189,85,195,-1,190,192,196,-1,196,192,195,-1,196,195,197,-1,198,199,85,-1,194,200,192,-1,192,200,201,-1,192,201,202,-1,203,204,195,-1,195,204,205,-1,195,205,197,-1,85,199,195,-1,195,199,206,-1,195,206,203,-1,187,207,185,-1,185,207,188,-1,185,188,208,-1,208,188,189,-1,207,192,188,-1,188,192,202,-1,188,202,91,-1,91,202,209,-1,91,209,85,-1,85,209,210,-1,85,210,198,-1,211,174,212,-1,212,174,213,-1,214,175,215,-1,215,175,174,-1,215,174,216,-1,216,174,211,-1,217,216,218,-1,218,219,217,-1,217,219,220,-1,217,220,221,-1,221,222,217,-1,217,222,223,-1,217,223,224,-1,216,217,215,-1,215,217,225,-1,215,225,226,-1,227,228,229,-1,229,228,230,-1,229,230,231,-1,224,232,217,-1,217,232,233,-1,217,233,234,-1,234,235,217,-1,217,235,236,-1,217,236,237,-1,237,236,238,-1,238,236,239,-1,239,236,240,-1,239,240,241,-1,241,242,239,-1,239,242,243,-1,239,243,244,-1,244,243,245,-1,226,246,215,-1,215,246,247,-1,215,247,229,-1,229,247,248,-1,229,248,227,-1,249,250,251,-1,251,250,252,-1,253,254,255,-1,255,256,253,-1,253,256,257,-1,253,257,258,-1,231,259,229,-1,229,259,260,-1,229,260,261,-1,262,263,253,-1,253,263,264,-1,253,264,254,-1,260,265,261,-1,261,265,266,-1,261,266,262,-1,262,266,267,-1,262,267,263,-1,268,269,87,-1,87,269,270,-1,87,270,271,-1,272,273,274,-1,274,273,275,-1,276,277,274,-1,274,277,278,-1,271,78,87,-1,87,78,80,-1,87,80,88,-1,88,80,106,-1,88,106,279,-1,279,106,93,-1,279,93,280,-1,280,93,92,-1,275,281,274,-1,274,281,282,-1,274,282,276,-1,152,150,153,-1,153,150,274,-1,153,274,87,-1,87,274,278,-1,87,278,268,-1,156,283,272,-1,272,283,284,-1,272,284,273,-1,79,285,80,-1,80,285,286,-1,80,286,110,-1,110,286,287,-1,110,287,156,-1,156,287,288,-1,156,288,283,-1,289,290,291,-1,292,293,294,-1,294,293,295,-1,296,297,298,-1,298,297,299,-1,300,301,297,-1,297,301,302,-1,303,304,305,-1,290,306,291,-1,291,306,307,-1,291,307,308,-1,308,307,309,-1,310,311,309,-1,309,311,312,-1,309,312,308,-1,313,314,292,-1,292,314,315,-1,292,315,316,-1,296,317,297,-1,297,317,318,-1,297,318,300,-1,316,319,292,-1,292,319,320,-1,292,320,293,-1,229,321,322,-1,323,324,229,-1,229,324,325,-1,289,291,322,-1,322,291,326,-1,322,326,229,-1,229,326,327,-1,229,327,323,-1,303,328,304,-1,304,328,329,-1,304,329,330,-1,330,329,331,-1,330,331,332,-1,333,334,309,-1,309,334,335,-1,309,335,336,-1,337,338,339,-1,339,338,340,-1,339,340,341,-1,342,343,344,-1,344,343,345,-1,344,345,332,-1,332,345,346,-1,332,346,330,-1,336,347,309,-1,309,347,348,-1,309,348,310,-1,337,342,338,-1,338,342,344,-1,338,344,349,-1,349,344,294,-1,349,294,350,-1,350,294,295,-1,350,295,351,-1,351,295,352,-1,353,352,354,-1,354,352,295,-1,354,295,355,-1,355,295,293,-1,355,293,356,-1,353,354,76,-1,76,354,122,-1,76,122,77,-1,77,122,124,-1,77,124,114,-1,114,124,357,-1,114,357,133,-1,358,359,215,-1,360,361,362,-1,358,215,363,-1,325,303,229,-1,229,303,305,-1,229,305,215,-1,215,305,364,-1,215,364,363,-1,365,366,77,-1,366,367,77,-1,77,367,368,-1,77,368,369,-1,359,370,215,-1,215,370,117,-1,215,117,214,-1,214,117,162,-1,361,365,362,-1,362,365,77,-1,362,77,371,-1,371,77,117,-1,371,117,372,-1,372,117,370,-1,369,373,77,-1,77,373,374,-1,77,374,75,-1,375,376,377,-1,377,376,378,-1,377,378,379,-1,377,380,375,-1,375,380,381,-1,375,381,382,-1,382,383,375,-1,375,383,384,-1,375,384,385,-1,385,384,386,-1,385,386,387,-1,387,386,388,-1,387,388,362,-1,362,388,389,-1,362,389,360,-1,390,391,379,-1,379,391,392,-1,379,392,377,-1,393,394,341,-1,341,394,395,-1,341,395,339,-1,393,396,394,-1,394,396,397,-1,394,397,398,-1,398,397,399,-1,398,400,401,-1,399,402,398,-1,398,402,403,-1,398,403,404,-1,404,405,398,-1,398,405,406,-1,398,406,400,-1,401,407,398,-1,398,407,408,-1,398,408,409,-1,410,411,412,-1,412,411,413,-1,412,413,414,-1,415,416,417,-1,417,416,412,-1,417,412,418,-1,418,412,419,-1,414,420,412,-1,412,420,421,-1,412,421,419,-1,422,423,183,-1,183,423,424,-1,183,424,425,-1,425,424,426,-1,422,183,427,-1,427,183,181,-1,427,181,428,-1,181,429,430,-1,181,431,428,-1,428,431,432,-1,428,432,433,-1,433,432,434,-1,433,434,435,-1,430,436,181,-1,181,436,437,-1,181,437,431,-1,438,439,177,-1,438,177,440,-1,439,441,177,-1,177,441,442,-1,177,442,179,-1,179,442,443,-1,443,444,179,-1,179,444,445,-1,179,445,181,-1,181,445,446,-1,181,446,429,-1,447,440,448,-1,448,440,177,-1,448,177,449,-1,449,177,83,-1,449,83,450,-1,450,83,451,-1,452,453,454,-1,453,455,454,-1,454,455,456,-1,454,456,82,-1,82,456,457,-1,82,457,83,-1,83,457,458,-1,83,458,451,-1,459,460,461,-1,460,462,461,-1,461,462,463,-1,461,463,464,-1,465,466,467,-1,468,469,470,-1,470,469,471,-1,465,467,472,-1,473,474,475,-1,476,477,469,-1,469,477,478,-1,469,478,479,-1,415,480,416,-1,416,480,481,-1,416,481,475,-1,475,481,482,-1,475,482,473,-1,466,483,467,-1,467,483,484,-1,467,484,485,-1,486,487,488,-1,488,487,489,-1,488,489,490,-1,491,479,492,-1,492,479,493,-1,492,493,488,-1,488,493,494,-1,488,494,486,-1,491,495,479,-1,479,495,496,-1,479,496,469,-1,469,496,497,-1,469,497,471,-1,474,498,475,-1,475,498,499,-1,475,499,500,-1,501,502,503,-1,503,502,504,-1,503,504,467,-1,467,504,505,-1,467,505,472,-1,506,507,467,-1,467,507,508,-1,467,508,469,-1,469,508,509,-1,469,509,476,-1,510,511,459,-1,511,512,459,-1,459,512,513,-1,459,513,514,-1,514,515,459,-1,459,515,516,-1,459,516,517,-1,517,516,501,-1,517,501,518,-1,518,501,503,-1,485,519,467,-1,467,519,520,-1,467,520,521,-1,521,522,467,-1,467,522,523,-1,467,523,506,-1,524,525,526,-1,525,527,526,-1,526,527,528,-1,526,528,529,-1,478,526,479,-1,479,526,530,-1,479,530,531,-1,532,533,534,-1,534,533,535,-1,534,535,536,-1,532,534,478,-1,478,534,537,-1,478,537,526,-1,526,537,538,-1,526,538,524,-1,539,540,541,-1,541,540,542,-1,541,542,543,-1,529,528,544,-1,544,528,545,-1,544,545,546,-1,546,545,547,-1,546,547,548,-1,531,549,479,-1,479,549,541,-1,479,541,550,-1,550,541,543,-1,551,184,552,-1,552,184,183,-1,552,183,553,-1,553,183,425,-1,553,425,554,-1,554,425,555,-1,554,555,556,-1,556,555,252,-1,556,252,557,-1,557,252,250,-1,557,250,558,-1,558,250,559,-1,558,559,560,-1,560,559,561,-1,560,561,562,-1,562,561,563,-1,562,563,564,-1,564,563,565,-1,564,565,566,-1,566,565,567,-1,566,567,568,-1,568,567,569,-1,249,213,250,-1,250,213,174,-1,250,174,559,-1,559,174,157,-1,559,157,561,-1,561,157,156,-1,561,156,563,-1,563,156,272,-1,563,272,565,-1,565,272,274,-1,565,274,567,-1,567,274,150,-1,567,150,569,-1,569,150,148,-1,426,410,425,-1,425,410,412,-1,425,412,555,-1,555,412,262,-1,555,262,252,-1,252,262,253,-1,252,253,251,-1,251,253,258,-1,570,571,572,-1,573,574,412,-1,412,574,570,-1,412,570,262,-1,262,570,572,-1,262,572,261,-1,261,572,575,-1,261,575,416,-1,416,575,573,-1,416,573,412,-1,576,577,578,-1,578,577,579,-1,578,579,475,-1,302,321,297,-1,297,321,229,-1,297,229,578,-1,578,229,261,-1,578,261,576,-1,576,261,580,-1,475,579,416,-1,416,579,581,-1,416,581,261,-1,261,581,582,-1,261,582,580,-1,583,584,585,-1,585,584,576,-1,585,576,586,-1,586,576,580,-1,586,580,587,-1,587,580,588,-1,105,139,106,-1,106,139,138,-1,106,138,93,-1,93,138,589,-1,93,589,91,-1,91,589,590,-1,91,590,188,-1,188,590,591,-1,356,299,355,-1,355,299,297,-1,355,297,592,-1,592,297,578,-1,592,578,461,-1,461,578,475,-1,461,475,459,-1,459,475,500,-1,459,500,510,-1,464,452,461,-1,461,452,454,-1,461,454,592,-1,592,454,593,-1,592,593,355,-1,355,593,594,-1,355,594,354,-1,354,594,595,-1,354,595,122,-1,122,595,596,-1,122,596,130,-1,130,596,597,-1,130,597,138,-1,138,597,598,-1,138,598,589,-1,589,598,599,-1,589,599,590,-1,590,599,600,-1,590,600,591,-1,591,600,601,-1,602,603,604,-1,604,603,605,-1,606,607,608,-1,609,610,611,-1,611,610,612,-1,609,613,610,-1,610,613,614,-1,610,614,608,-1,608,614,615,-1,608,615,606,-1,607,616,608,-1,608,616,617,-1,608,617,618,-1,619,620,621,-1,621,620,622,-1,618,623,608,-1,608,623,624,-1,608,624,621,-1,621,624,625,-1,621,625,619,-1,622,626,621,-1,621,626,627,-1,621,627,628,-1,628,627,629,-1,628,629,630,-1,630,631,628,-1,628,631,632,-1,628,632,610,-1,610,632,633,-1,610,633,612,-1,634,635,636,-1,636,635,637,-1,638,639,640,-1,640,639,641,-1,642,643,644,-1,644,643,645,-1,
        ]
    }
}
Shape{
    appearance Appearance {
        material  Material 	{
            diffuseColor 0.6470588235294118 0.6470588235294118 0.6470588235294118
            specularColor 0.3215686274509804 0.3215686274509804 0.3215686274509804
            ambientIntensity 0.6471
            transparency 0.0
            shininess 0.5
        }
    }
    geometry IndexedFaceSet {
        ccw TRUE
        solid FALSE
        coord DEF co Coordinate {
            point [
                -0.9365 -0.691 1.9606, -0.9365 -0.691 2.0, -0.9429 -0.6429 1.9606, -0.9429 -0.6429 2.0, -0.9614 -0.5981 1.9606, -0.9614 -0.5981 2.0, -0.9909 -0.5596 1.9606, -0.9909 -0.5596 2.0, -1.0294 -0.5301 1.9606, -1.0294 -0.5301 2.0, -1.0742 -0.5115 1.9606, -1.0742 -0.5115 2.0, -1.1223 -0.5052 1.9606, -1.1223 -0.5052 2.0, -1.1704 -0.5115 1.9606, -1.1704 -0.5115 2.0, -1.2152 -0.5301 1.9606, -1.2152 -0.5301 2.0, -1.2537 -0.5596 1.9606, -1.2537 -0.5596 2.0, -1.2832 -0.5981 1.9606, -1.2832 -0.5981 2.0, -1.3018 -0.6429 1.9606, -1.3018 -0.6429 2.0, -1.3081 -0.691 1.9606, -1.3081 -0.691 2.0, -1.3018 -0.7391 1.9606, -1.3018 -0.7391 2.0, -1.2832 -0.7839 1.9606, -1.2832 -0.7839 2.0, -1.2537 -0.8223 1.9606, -1.2537 -0.8223 2.0, -1.2152 -0.8519 1.9606, -1.2152 -0.8519 2.0, -1.1704 -0.8704 1.9606, -1.1704 -0.8704 2.0, -1.1223 -0.8768 1.9606, -1.1223 -0.8768 2.0, -1.0742 -0.8704 1.9606, -1.0742 -0.8704 2.0, -1.0294 -0.8519 1.9606, -1.0294 -0.8519 2.0, -0.9909 -0.8223 1.9606, -0.9909 -0.8223 2.0, -0.9614 -0.7839 1.9606, -0.9614 -0.7839 2.0, -0.9429 -0.7391 1.9606, -0.9429 -0.7391 2.0, -1.1223 -0.691 1.9606
            ]
        }
        coordIndex [
            0,1,2,-1,2,1,3,-1,2,3,4,-1,4,3,5,-1,4,5,6,-1,6,5,7,-1,6,7,8,-1,8,7,9,-1,8,9,10,-1,10,9,11,-1,10,11,12,-1,12,11,13,-1,12,13,14,-1,14,13,15,-1,14,15,16,-1,16,15,17,-1,16,17,18,-1,18,17,19,-1,18,19,20,-1,20,19,21,-1,20,21,22,-1,22,21,23,-1,22,23,24,-1,24,23,25,-1,24,25,26,-1,26,25,27,-1,26,27,28,-1,28,27,29,-1,28,29,30,-1,30,29,31,-1,30,31,32,-1,32,31,33,-1,32,33,34,-1,34,33,35,-1,34,35,36,-1,36,35,37,-1,36,37,38,-1,38,37,39,-1,38,39,40,-1,40,39,41,-1,40,41,42,-1,42,41,43,-1,42,43,44,-1,44,43,45,-1,44,45,46,-1,46,45,47,-1,46,47,0,-1,0,47,1,-1,44,46,48,-1,48,46,0,-1,48,0,2,-1,38,40,48,-1,48,40,42,-1,48,42,44,-1,32,34,48,-1,48,34,36,-1,48,36,38,-1,26,28,48,-1,48,28,30,-1,48,30,32,-1,20,22,48,-1,48,22,24,-1,48,24,26,-1,14,16,48,-1,48,16,18,-1,48,18,20,-1,8,10,48,-1,48,10,12,-1,48,12,14,-1,2,4,48,-1,48,4,6,-1,48,6,8,-1,
        ]
    }
}
Shape{
    appearance Appearance {
        material  Material 	{
            diffuseColor 1.0 1.0 1.0
            specularColor 0.5019607843137255 0.5019607843137255 0.5019607843137255
            ambientIntensity 1.0
            transparency 0.0
            shininess 0.5
        }
    }
    geometry IndexedFaceSet {
        ccw TRUE
        solid FALSE
        coord DEF co Coordinate {
            point [
                1.6382 -1.1151 1.9524, 1.6293 -1.1151 1.9679, 1.6277 -1.1292 1.9679, 1.629 -1.1151 1.9682, 1.6168 -1.1151 1.9814, 1.6155 -1.1264 1.9814, 1.6006 -1.123 1.9915, 1.5837 -1.1192 1.9979, 1.5824 -1.1231 1.9979, 1.5659 -1.1151 2.0, 1.5738 -1.1316 1.9979, 1.5773 -1.1294 1.9979, 1.57 -1.1329 1.9979, 1.5841 -1.1151 1.9979, 1.6407 -1.1322 1.9375, 1.6366 -1.1313 1.9519, 1.6403 -1.1348 1.9379, 1.6312 -1.1466 1.9519, 1.6199 -1.1692 1.9403, 1.6252 -1.1624 1.94, 1.6226 -1.1603 1.9519, 1.6323 -1.1532 1.9397, 1.6345 -1.1482 1.9392, 1.6132 -1.1744 1.94, 1.6111 -1.1718 1.9519, 1.604 -1.1815 1.9397, 1.5974 -1.1805 1.9519, 1.599 -1.1837 1.9392, 1.5856 -1.1895 1.9379, 1.5821 -1.1858 1.9519, 1.583 -1.1899 1.9375, 1.5659 -1.1876 1.9519, 1.5659 -1.1927 1.9349, 1.5659 -1.1333 1.9979, 1.6165 -1.1151 1.9815, 1.6014 -1.1151 1.9915, 1.6012 -1.1151 1.9916, 1.5842 -1.1151 1.9979, 1.5937 -1.1373 1.9915, 1.5881 -1.1429 1.9915, 1.5813 -1.1471 1.9915, 1.5738 -1.1498 1.9915, 1.5979 -1.1305 1.9915, 1.5802 -1.1265 1.9979, 1.5659 -1.1334 1.9979, 1.5659 -1.1505 1.9916, 1.5659 -1.1507 1.9915, 1.5659 -1.1657 1.9815, 1.6117 -1.1372 1.9814, 1.6057 -1.1468 1.9814, 1.5976 -1.1549 1.9814, 1.588 -1.161 1.9814, 1.5772 -1.1647 1.9814, 1.6231 -1.1426 1.9679, 1.6155 -1.1547 1.9679, 1.6055 -1.1647 1.9679, 1.5934 -1.1723 1.9679, 1.58 -1.177 1.9679, 1.6435 -1.1151 1.9349, 1.6384 -1.1151 1.9519, 1.5659 -1.166 1.9814, 1.5659 -1.1783 1.9682, 1.5659 -1.1785 1.9679, 1.5659 -1.1874 1.9524, 1.5659 1.1151 2.0, 1.6435 -0.8533 1.9349, 1.6435 -0.0122 1.9349, 1.6384 1.1151 1.9519, 1.6382 1.1151 1.9524, 1.6293 1.1151 1.9679, 1.629 1.1151 1.9682, 1.6168 1.1151 1.9814, 1.6165 1.1151 1.9815, 1.6014 1.1151 1.9915, 1.6012 1.1151 1.9916, 1.5842 1.1151 1.9979, 1.5841 1.1151 1.9979, 1.6435 0.0803 1.9349, 1.6435 0.086 1.9349, 1.6435 0.1673 1.9349, 1.6435 0.2113 1.9349, 1.6435 0.2337 1.9349, 1.6435 0.2868 1.9349, 1.6435 0.3236 1.9349, 1.6435 0.354 1.9349, 1.6435 1.1151 1.9349, -1.5659 -1.1151 2.0, -1.5659 -1.1333 1.9979, -1.5659 -1.1927 1.9349, -1.5659 -1.1876 1.9519, -1.5659 -1.1874 1.9524, -1.5659 -1.1785 1.9679, -1.5659 -1.1783 1.9682, -1.5659 -1.166 1.9814, -1.5659 -1.1657 1.9815, -1.5659 -1.1507 1.9915, -1.5659 -1.1505 1.9916, -1.5659 -1.1334 1.9979, 1.67 -1.2968 1.317, 1.5659 -1.1927 0.7265, 1.6779 -1.2955 1.3159, 1.5856 -1.1895 0.7236, 1.7364 -1.2574 1.3123, 1.7348 -1.2595 1.3122, 1.6199 -1.1692 0.7211, 1.7241 -1.2733 1.3117, 1.6042 -1.1814 0.7217, 1.7103 -1.284 1.3122, 1.604 -1.1815 0.7217, 1.7082 -1.2856 1.3123, 1.5858 -1.1894 0.7235, 1.6947 -1.2915 1.3136, 1.6897 -1.2937 1.3141, 1.6322 -1.1534 0.7217, 1.6323 -1.1532 0.7217, 1.7423 -1.2439 1.3136, 1.6402 -1.135 0.7235, 1.7445 -1.239 1.3141, 1.6403 -1.1348 0.7236, 1.7463 -1.2272 1.3159, 1.6435 -1.1151 0.7265, 1.7476 -1.2193 1.317, 1.743 -1.2424 1.3476, 1.7445 -1.239 1.3473, 1.6897 -1.2937 1.3473, 1.6761 -1.2958 1.3453, 1.67 -1.2968 1.3444, 1.6932 -1.2922 1.3476, 1.6945 -1.2916 1.3478, 1.7082 -1.2856 1.3491, 1.7424 -1.2437 1.3478, 1.7364 -1.2574 1.3491, 1.7303 -1.2653 1.3494, 1.7241 -1.2733 1.3498, 1.7161 -1.2795 1.3494, 1.7466 -1.2253 1.3453, 1.7476 -1.2193 1.3444, 1.7196 -1.1913 1.5031, 1.713 -1.1847 1.5406, 1.6914 -1.1631 1.663, 1.6696 -1.1412 1.7869, 1.6543 -1.126 1.8732, 1.5659 1.1783 1.9682, 1.5659 1.166 1.9814, 1.5791 1.1643 1.9814, 1.5751 1.1495 1.9915, 1.5706 1.1328 1.9979, 1.575 1.1309 1.9979, 1.5817 1.1243 1.9979, 1.5788 1.128 1.9979, 1.5836 1.1199 1.9979, 1.5659 1.1333 1.9979, 1.5847 1.1852 1.9519, 1.5858 1.1894 1.9379, 1.5856 1.1895 1.9379, 1.604 1.1815 1.9397, 1.6022 1.1779 1.9519, 1.6042 1.1814 1.9397, 1.6172 1.1664 1.9519, 1.6199 1.1692 1.9403, 1.6287 1.1514 1.9519, 1.6322 1.1534 1.9397, 1.6323 1.1532 1.9397, 1.636 1.1339 1.9519, 1.6402 1.135 1.9379, 1.6403 1.1348 1.9379, 1.5659 1.1657 1.9815, 1.5659 1.1507 1.9915, 1.5659 1.1505 1.9916, 1.5659 1.1334 1.9979, 1.5837 1.1459 1.9915, 1.591 1.1403 1.9915, 1.5967 1.1329 1.9915, 1.6002 1.1243 1.9915, 1.5913 1.1592 1.9814, 1.6019 1.1511 1.9814, 1.61 1.1406 1.9814, 1.615 1.1283 1.9814, 1.5659 1.1874 1.9524, 1.5659 1.1785 1.9679, 1.5823 1.1764 1.9679, 1.5976 1.1701 1.9679, 1.6108 1.16 1.9679, 1.6208 1.1468 1.9679, 1.6272 1.1315 1.9679, 1.5659 1.1876 1.9519, 1.5659 1.1927 1.9349, -1.5791 -1.1643 1.9814, -1.5751 -1.1495 1.9915, -1.5706 -1.1328 1.9979, -1.575 -1.1309 1.9979, -1.5817 -1.1243 1.9979, -1.5788 -1.128 1.9979, -1.5836 -1.1199 1.9979, -1.5847 -1.1852 1.9519, -1.5858 -1.1894 1.9379, -1.5856 -1.1895 1.9379, -1.604 -1.1815 1.9397, -1.6022 -1.1779 1.9519, -1.6042 -1.1814 1.9397, -1.6172 -1.1664 1.9519, -1.6199 -1.1692 1.9403, -1.6287 -1.1514 1.9519, -1.6322 -1.1534 1.9397, -1.6323 -1.1532 1.9397, -1.636 -1.1339 1.9519, -1.6402 -1.135 1.9379, -1.6403 -1.1348 1.9379, -1.6384 -1.1151 1.9519, -1.6435 -1.1151 1.9349, -1.5841 -1.1151 1.9979, -1.5837 -1.1459 1.9915, -1.591 -1.1403 1.9915, -1.5967 -1.1329 1.9915, -1.6002 -1.1243 1.9915, -1.5842 -1.1151 1.9979, -1.6012 -1.1151 1.9916, -1.6014 -1.1151 1.9915, -1.6165 -1.1151 1.9815, -1.5913 -1.1592 1.9814, -1.6019 -1.1511 1.9814, -1.61 -1.1406 1.9814, -1.615 -1.1283 1.9814, -1.5823 -1.1764 1.9679, -1.5976 -1.1701 1.9679, -1.6108 -1.16 1.9679, -1.6208 -1.1468 1.9679, -1.6272 -1.1315 1.9679, -1.6168 -1.1151 1.9814, -1.629 -1.1151 1.9682, -1.6293 -1.1151 1.9679, -1.6382 -1.1151 1.9524, 1.5659 -1.1783 0.6932, 1.5659 -1.166 0.6801, 1.5791 -1.1643 0.6801, 1.5751 -1.1495 0.6699, 1.5706 -1.1328 0.6636, 1.575 -1.1309 0.6636, 1.5659 -1.1151 0.6614, 1.5817 -1.1243 0.6636, 1.5788 -1.128 0.6636, 1.5836 -1.1199 0.6636, 1.5659 -1.1333 0.6636, 1.5847 -1.1852 0.7095, 1.6022 -1.1779 0.7095, 1.6172 -1.1664 0.7095, 1.6287 -1.1514 0.7095, 1.636 -1.1339 0.7095, 1.6384 -1.1151 0.7095, 1.5841 -1.1151 0.6636, 1.5659 -1.1657 0.6799, 1.5659 -1.1507 0.6699, 1.5659 -1.1505 0.6698, 1.5659 -1.1334 0.6636, 1.5837 -1.1459 0.6699, 1.591 -1.1403 0.6699, 1.5967 -1.1329 0.6699, 1.6002 -1.1243 0.6699, 1.5842 -1.1151 0.6636, 1.6012 -1.1151 0.6698, 1.6014 -1.1151 0.6699, 1.6165 -1.1151 0.6799, 1.5913 -1.1592 0.6801, 1.6019 -1.1511 0.6801, 1.61 -1.1406 0.6801, 1.615 -1.1283 0.6801, 1.5659 -1.1874 0.709, 1.5659 -1.1785 0.6935, 1.5823 -1.1764 0.6935, 1.5976 -1.1701 0.6935, 1.6108 -1.16 0.6935, 1.6208 -1.1468 0.6935, 1.6272 -1.1315 0.6935, 1.5659 -1.1876 0.7095, 1.6168 -1.1151 0.6801, 1.629 -1.1151 0.6932, 1.6293 -1.1151 0.6935, 1.6382 -1.1151 0.709, 1.7349 -1.2628 1.3206, 1.7335 -1.2654 1.324, 1.7354 -1.2609 1.3165, 1.7288 -1.2716 1.3284, 1.7257 -1.2749 1.329, 1.7315 -1.2684 1.3267, 1.7192 -1.2807 1.3267, 1.7162 -1.2827 1.324, 1.7224 -1.278 1.3284, 1.701 -1.2917 1.33, 1.7136 -1.2841 1.3206, 1.67 -1.298 1.3307, 1.67 -1.2979 1.3322, 1.6813 -1.2971 1.328, 1.6868 -1.2957 1.3394, 1.706 -1.2891 1.3368, 1.7118 -1.285 1.342, 1.7182 -1.2798 1.3453, 1.7246 -1.2738 1.3464, 1.7306 -1.2674 1.3453, 1.7358 -1.2611 1.342, 1.7399 -1.2552 1.3368, 1.7479 -1.2306 1.328, 1.7465 -1.236 1.3394, 1.7487 -1.2193 1.3322, 1.7488 -1.2193 1.3307, 1.6972 -1.2927 1.322, 1.7116 -1.2846 1.3165, 1.7425 -1.2502 1.33, 1.7435 -1.2464 1.322, -1.5659 -1.1151 0.6614, -1.5659 -1.1927 0.7265, -1.5659 -1.1876 0.7095, -1.5659 -1.1874 0.709, -1.5659 -1.1785 0.6935, -1.5659 -1.1783 0.6932, -1.5659 -1.166 0.6801, -1.5659 -1.1657 0.6799, -1.5659 -1.1507 0.6699, -1.5659 -1.1505 0.6698, -1.5659 -1.1334 0.6636, -1.5659 -1.1333 0.6636, 1.5659 1.1151 0.6614, 1.5841 1.1151 0.6636, 1.6435 1.1151 0.7265, 1.6384 1.1151 0.7095, 1.6382 1.1151 0.709, 1.6293 1.1151 0.6935, 1.629 1.1151 0.6932, 1.6168 1.1151 0.6801, 1.6165 1.1151 0.6799, 1.6014 1.1151 0.6699, 1.6012 1.1151 0.6698, 1.5842 1.1151 0.6636, 1.7476 1.2193 1.317, 1.7466 1.2253 1.3161, 1.6407 1.1322 0.724, 1.7445 1.239 1.3141, 1.6403 1.1348 0.7236, 1.743 1.2424 1.3138, 1.5856 1.1895 0.7236, 1.6897 1.2937 1.3141, 1.6932 1.2922 1.3138, 1.7424 1.2437 1.3136, 1.6345 1.1482 0.7222, 1.7364 1.2574 1.3123, 1.6323 1.1532 0.7217, 1.7303 1.2653 1.312, 1.6252 1.1624 0.7214, 1.7241 1.2733 1.3117, 1.6199 1.1692 0.7211, 1.7161 1.2795 1.312, 1.6132 1.1744 0.7214, 1.7082 1.2856 1.3123, 1.604 1.1815 0.7217, 1.599 1.1837 0.7222, 1.6945 1.2916 1.3136, 1.5659 1.1927 0.7265, 1.67 1.2968 1.317, 1.6761 1.2958 1.3161, 1.583 1.1899 0.724, 1.7488 1.2193 1.3307, 1.7476 1.2193 1.3444, 1.7476 0.354 1.3444, 1.7476 0.3236 1.3444, 1.7487 1.2193 1.3292, 1.7476 0.2868 1.3444, 1.7476 0.2337 1.3444, 1.7476 0.2113 1.3444, 1.7476 0.1673 1.3444, 1.7476 0.086 1.3444, 1.7476 0.0803 1.3444, 1.7476 -0.0122 1.3444, 1.7476 -0.8533 1.3444, 1.6543 1.126 1.8732, 1.6696 1.1412 1.7869, 1.6914 1.1631 1.663, 1.713 1.1847 1.5406, 1.7445 1.239 1.3473, 1.7196 1.1913 1.5031, 1.7463 1.2272 1.3456, 1.7423 1.2439 1.3478, 1.7364 1.2574 1.3491, 1.7348 1.2595 1.3492, 1.7241 1.2733 1.3498, 1.7103 1.284 1.3492, 1.7082 1.2856 1.3491, 1.6947 1.2915 1.3478, 1.67 1.2968 1.3444, 1.6779 1.2955 1.3456, 1.6897 1.2937 1.3473, -1.5659 1.1151 2.0, -1.5659 1.1927 1.9349, -1.5659 1.1876 1.9519, -1.5659 1.1874 1.9524, -1.5659 1.1785 1.9679, -1.5659 1.1783 1.9682, -1.5659 1.166 1.9814, -1.5659 1.1657 1.9815, -1.5659 1.1507 1.9915, -1.5659 1.1505 1.9916, -1.5659 1.1334 1.9979, -1.5659 1.1333 1.9979, -1.5841 1.1151 1.9979, -1.6435 1.1151 1.9349, -1.6384 1.1151 1.9519, -1.6382 1.1151 1.9524, -1.6293 1.1151 1.9679, -1.629 1.1151 1.9682, -1.6168 1.1151 1.9814, -1.6165 1.1151 1.9815, -1.6014 1.1151 1.9915, -1.6012 1.1151 1.9916, -1.5842 1.1151 1.9979, -1.67 -1.2968 1.3444, -1.6761 -1.2958 1.3453, -1.6897 -1.2937 1.3473, -1.6932 -1.2922 1.3476, -1.6945 -1.2916 1.3478, -1.7082 -1.2856 1.3491, -1.7161 -1.2795 1.3494, -1.7241 -1.2733 1.3498, -1.7303 -1.2653 1.3494, -1.7364 -1.2574 1.3491, -1.7424 -1.2437 1.3478, -1.743 -1.2424 1.3476, -1.7445 -1.239 1.3473, -1.7466 -1.2253 1.3453, -1.7476 -1.2193 1.3444, -1.6199 -1.1692 0.7211, -1.6042 -1.1814 0.7217, -1.7082 -1.2856 1.3123, -1.604 -1.1815 0.7217, -1.6947 -1.2915 1.3136, -1.5858 -1.1894 0.7235, -1.6897 -1.2937 1.3141, -1.5856 -1.1895 0.7236, -1.6779 -1.2955 1.3159, -1.67 -1.2968 1.317, -1.7103 -1.284 1.3122, -1.7241 -1.2733 1.3117, -1.6322 -1.1534 0.7217, -1.7348 -1.2595 1.3122, -1.6323 -1.1532 0.7217, -1.7364 -1.2574 1.3123, -1.6402 -1.135 0.7235, -1.7423 -1.2439 1.3136, -1.6403 -1.1348 0.7236, -1.7476 -1.2193 1.317, -1.6435 -1.1151 0.7265, -1.7463 -1.2272 1.3159, -1.7445 -1.239 1.3141, -1.629 -1.1151 0.6932, -1.6168 -1.1151 0.6801, -1.615 -1.1283 0.6801, -1.6002 -1.1243 0.6699, -1.5836 -1.1199 0.6636, -1.5817 -1.1243 0.6636, -1.575 -1.1309 0.6636, -1.5788 -1.128 0.6636, -1.5706 -1.1328 0.6636, -1.5841 -1.1151 0.6636, -1.636 -1.1339 0.7095, -1.6287 -1.1514 0.7095, -1.6172 -1.1664 0.7095, -1.6022 -1.1779 0.7095, -1.5847 -1.1852 0.7095, -1.6165 -1.1151 0.6799, -1.6014 -1.1151 0.6699, -1.6012 -1.1151 0.6698, -1.5842 -1.1151 0.6636, -1.5967 -1.1329 0.6699, -1.591 -1.1403 0.6699, -1.5837 -1.1459 0.6699, -1.5751 -1.1495 0.6699, -1.61 -1.1406 0.6801, -1.6019 -1.1511 0.6801, -1.5913 -1.1592 0.6801, -1.5791 -1.1643 0.6801, -1.6382 -1.1151 0.709, -1.6293 -1.1151 0.6935, -1.6272 -1.1315 0.6935, -1.6208 -1.1468 0.6935, -1.6108 -1.16 0.6935, -1.5976 -1.1701 0.6935, -1.5823 -1.1764 0.6935, -1.6384 -1.1151 0.7095, 1.6277 1.1292 0.6935, 1.6155 1.1264 0.6801, 1.6006 1.123 0.6699, 1.5837 1.1192 0.6636, 1.5824 1.1231 0.6636, 1.5738 1.1316 0.6636, 1.5773 1.1294 0.6636, 1.57 1.1329 0.6636, 1.6366 1.1313 0.7095, 1.6312 1.1466 0.7095, 1.6226 1.1603 0.7095, 1.6111 1.1718 0.7095, 1.5974 1.1805 0.7095, 1.5821 1.1858 0.7095, 1.5659 1.1876 0.7095, 1.5659 1.1333 0.6636, 1.5937 1.1373 0.6699, 1.5881 1.1429 0.6699, 1.5813 1.1471 0.6699, 1.5738 1.1498 0.6699, 1.5979 1.1305 0.6699, 1.5802 1.1265 0.6636, 1.5659 1.1334 0.6636, 1.5659 1.1505 0.6698, 1.5659 1.1507 0.6699, 1.5659 1.1657 0.6799, 1.6117 1.1372 0.6801, 1.6057 1.1468 0.6801, 1.5976 1.1549 0.6801, 1.588 1.161 0.6801, 1.5772 1.1647 0.6801, 1.6231 1.1426 0.6935, 1.6155 1.1547 0.6935, 1.6055 1.1647 0.6935, 1.5934 1.1723 0.6935, 1.58 1.177 0.6935, 1.5659 1.166 0.6801, 1.5659 1.1783 0.6932, 1.5659 1.1785 0.6935, 1.5659 1.1874 0.709, 1.7349 1.2628 1.3409, 1.7335 1.2654 1.3374, 1.7354 1.2609 1.3449, 1.7288 1.2716 1.333, 1.7257 1.2749 1.3324, 1.7315 1.2684 1.3347, 1.7192 1.2807 1.3347, 1.7162 1.2827 1.3374, 1.7224 1.278 1.333, 1.701 1.2917 1.3315, 1.7136 1.2841 1.3409, 1.67 1.298 1.3307, 1.67 1.2979 1.3292, 1.6813 1.2971 1.3334, 1.6868 1.2957 1.322, 1.706 1.2891 1.3247, 1.7118 1.285 1.3194, 1.7182 1.2798 1.3161, 1.7246 1.2738 1.315, 1.7306 1.2674 1.3161, 1.7358 1.2611 1.3194, 1.7399 1.2552 1.3247, 1.7479 1.2306 1.3334, 1.7465 1.236 1.322, 1.6972 1.2927 1.3394, 1.7116 1.2846 1.3449, 1.7425 1.2502 1.3315, 1.7435 1.2464 1.3394, -1.615 1.1283 1.9814, -1.6002 1.1243 1.9915, -1.5836 1.1199 1.9979, -1.5817 1.1243 1.9979, -1.575 1.1309 1.9979, -1.5788 1.128 1.9979, -1.5706 1.1328 1.9979, -1.636 1.1339 1.9519, -1.6402 1.135 1.9379, -1.6403 1.1348 1.9379, -1.6323 1.1532 1.9397, -1.6287 1.1514 1.9519, -1.6322 1.1534 1.9397, -1.6172 1.1664 1.9519, -1.6199 1.1692 1.9403, -1.6022 1.1779 1.9519, -1.6042 1.1814 1.9397, -1.604 1.1815 1.9397, -1.5847 1.1852 1.9519, -1.5858 1.1894 1.9379, -1.5856 1.1895 1.9379, -1.5967 1.1329 1.9915, -1.591 1.1403 1.9915, -1.5837 1.1459 1.9915, -1.5751 1.1495 1.9915, -1.61 1.1406 1.9814, -1.6019 1.1511 1.9814, -1.5913 1.1592 1.9814, -1.5791 1.1643 1.9814, -1.6272 1.1315 1.9679, -1.6208 1.1468 1.9679, -1.6108 1.16 1.9679, -1.5976 1.1701 1.9679, -1.5823 1.1764 1.9679, -1.7136 -1.2841 1.3206, -1.7162 -1.2827 1.324, -1.7116 -1.2846 1.3165, -1.7224 -1.278 1.3284, -1.7257 -1.2749 1.329, -1.7192 -1.2807 1.3267, -1.7315 -1.2684 1.3267, -1.7335 -1.2654 1.324, -1.7288 -1.2716 1.3284, -1.7425 -1.2502 1.33, -1.7349 -1.2628 1.3206, -1.7488 -1.2193 1.3307, -1.7487 -1.2193 1.3322, -1.7479 -1.2306 1.328, -1.7465 -1.236 1.3394, -1.7399 -1.2552 1.3368, -1.7358 -1.2611 1.342, -1.7306 -1.2674 1.3453, -1.7246 -1.2738 1.3464, -1.7182 -1.2798 1.3453, -1.7118 -1.285 1.342, -1.706 -1.2891 1.3368, -1.6813 -1.2971 1.328, -1.6868 -1.2957 1.3394, -1.67 -1.2979 1.3322, -1.67 -1.298 1.3307, -1.7435 -1.2464 1.322, -1.7354 -1.2609 1.3165, -1.701 -1.2917 1.33, -1.6972 -1.2927 1.322, -1.5659 1.1151 0.6614, -1.6435 1.1151 0.7265, -1.6384 1.1151 0.7095, -1.6382 1.1151 0.709, -1.6293 1.1151 0.6935, -1.629 1.1151 0.6932, -1.6168 1.1151 0.6801, -1.6165 1.1151 0.6799, -1.6014 1.1151 0.6699, -1.6012 1.1151 0.6698, -1.5842 1.1151 0.6636, -1.5841 1.1151 0.6636, -1.5659 1.1333 0.6636, -1.5659 1.1927 0.7265, -1.5659 1.1876 0.7095, -1.5659 1.1874 0.709, -1.5659 1.1785 0.6935, -1.5659 1.1783 0.6932, -1.5659 1.166 0.6801, -1.5659 1.1657 0.6799, -1.5659 1.1507 0.6699, -1.5659 1.1505 0.6698, -1.5659 1.1334 0.6636, -1.7448 1.2368 1.347, -1.7459 1.2302 1.346, -1.746 1.2291 1.3458, -1.7468 1.2241 1.3451, -1.7476 1.2193 1.3444, -1.7445 1.239 1.3473, -1.7388 1.2518 1.3486, -1.738 1.2538 1.3488, -1.7241 1.2733 1.3498, -1.7255 1.2714 1.3497, -1.7364 1.2574 1.3491, -1.7093 1.2847 1.3492, -1.7082 1.2856 1.3491, -1.705 1.287 1.3488, -1.6904 1.2934 1.3474, -1.6897 1.2937 1.3473, -1.67 1.2968 1.3444, -1.7476 1.2193 1.317, -1.7488 1.2193 1.3307, -1.5791 1.1643 0.6801, -1.5751 1.1495 0.6699, -1.5706 1.1328 0.6636, -1.575 1.1309 0.6636, -1.5817 1.1243 0.6636, -1.5788 1.128 0.6636, -1.5836 1.1199 0.6636, -1.5847 1.1852 0.7095, -1.5858 1.1894 0.7235, -1.5856 1.1895 0.7236, -1.604 1.1815 0.7217, -1.6022 1.1779 0.7095, -1.6042 1.1814 0.7217, -1.6172 1.1664 0.7095, -1.6199 1.1692 0.7211, -1.6287 1.1514 0.7095, -1.6322 1.1534 0.7217, -1.6323 1.1532 0.7217, -1.636 1.1339 0.7095, -1.6402 1.135 0.7235, -1.6403 1.1348 0.7236, -1.5837 1.1459 0.6699, -1.591 1.1403 0.6699, -1.5967 1.1329 0.6699, -1.6002 1.1243 0.6699, -1.5913 1.1592 0.6801, -1.6019 1.1511 0.6801, -1.61 1.1406 0.6801, -1.615 1.1283 0.6801, -1.5823 1.1764 0.6935, -1.5976 1.1701 0.6935, -1.6108 1.16 0.6935, -1.6208 1.1468 0.6935, -1.6272 1.1315 0.6935, -1.7461 1.2337 1.3451, -1.7461 1.2369 1.3409, -1.7461 1.2369 1.3205, -1.7461 1.2337 1.3163, -1.7461 1.2389 1.3254, -1.746 1.2291 1.3156, -1.7468 1.2241 1.3163, -1.7459 1.2302 1.3154, -1.7448 1.2368 1.3144, -1.7445 1.239 1.3141, -1.7388 1.2518 1.3128, -1.7382 1.2573 1.3205, -1.7257 1.273 1.3163, -1.7364 1.2574 1.3123, -1.738 1.2538 1.3126, -1.7094 1.2851 1.3131, -1.7241 1.2733 1.3117, -1.7255 1.2714 1.3117, -1.705 1.287 1.3126, -1.7082 1.2856 1.3123, -1.7093 1.2847 1.3122, -1.67 1.298 1.3307, -1.67 1.2968 1.317, -1.6897 1.2937 1.3141, -1.6904 1.2953 1.3307, -1.7094 1.2874 1.3307, -1.7094 1.2851 1.3484, -1.7257 1.273 1.3451, -1.7382 1.2573 1.3409, -1.7461 1.2389 1.336, -1.6904 1.2934 1.3141, -1.7257 1.2749 1.3307, -1.7382 1.2586 1.3307, -1.7461 1.2396 1.3307
            ]
        }
        coordIndex [
            0,1,2,-1,3,4,5,-1,6,7,8,-1,9,10,11,-1,12,10,9,-1,8,7,9,-1,13,9,7,-1,14,15,16,-1,16,15,17,-1,18,19,20,-1,20,19,21,-1,20,21,17,-1,17,21,22,-1,17,22,16,-1,18,20,23,-1,23,20,24,-1,23,24,25,-1,25,24,26,-1,25,26,27,-1,27,26,28,-1,28,26,29,-1,28,29,30,-1,30,29,31,-1,30,31,32,-1,33,12,9,-1,34,35,6,-1,6,35,36,-1,6,36,7,-1,7,36,37,-1,7,37,13,-1,38,11,39,-1,39,11,10,-1,39,10,40,-1,40,10,12,-1,40,12,41,-1,4,34,5,-1,5,34,6,-1,5,6,42,-1,42,6,8,-1,42,8,43,-1,43,8,9,-1,33,44,12,-1,12,44,45,-1,12,45,41,-1,41,45,46,-1,41,46,47,-1,48,38,49,-1,49,38,39,-1,49,39,50,-1,50,39,40,-1,50,40,51,-1,51,40,41,-1,51,41,52,-1,52,41,47,-1,2,48,53,-1,53,48,49,-1,53,49,54,-1,54,49,50,-1,54,50,55,-1,55,50,51,-1,55,51,56,-1,56,51,52,-1,56,52,57,-1,1,3,2,-1,2,3,5,-1,2,5,48,-1,48,5,42,-1,48,42,38,-1,38,42,43,-1,38,43,11,-1,11,43,9,-1,14,58,15,-1,15,58,59,-1,15,59,0,-1,47,60,52,-1,52,60,61,-1,52,61,57,-1,57,61,62,-1,57,62,63,-1,0,2,15,-1,15,2,53,-1,15,53,17,-1,17,53,54,-1,17,54,20,-1,20,54,55,-1,20,55,24,-1,24,55,56,-1,24,56,26,-1,26,56,57,-1,26,57,29,-1,29,57,63,-1,29,63,31,-1,64,9,13,-1,59,58,65,-1,65,66,59,-1,59,66,67,-1,59,67,0,-1,0,67,68,-1,0,68,1,-1,1,68,69,-1,1,69,3,-1,3,69,70,-1,3,70,4,-1,4,70,71,-1,4,71,34,-1,34,71,72,-1,34,72,35,-1,35,72,73,-1,35,73,36,-1,36,73,74,-1,36,74,37,-1,37,74,75,-1,37,75,13,-1,13,75,76,-1,13,76,64,-1,66,77,67,-1,67,77,78,-1,67,78,79,-1,79,80,67,-1,67,80,81,-1,67,81,82,-1,82,83,67,-1,67,83,84,-1,67,84,85,-1,9,86,87,-1,88,32,89,-1,89,32,31,-1,89,31,90,-1,90,31,63,-1,90,63,91,-1,91,63,62,-1,91,62,92,-1,92,62,61,-1,92,61,93,-1,93,61,60,-1,93,60,94,-1,94,60,47,-1,94,47,95,-1,95,47,46,-1,95,46,96,-1,96,46,45,-1,96,45,97,-1,97,45,44,-1,97,44,87,-1,87,44,33,-1,87,33,9,-1,98,99,100,-1,100,99,101,-1,102,103,104,-1,104,103,105,-1,104,105,106,-1,106,105,107,-1,106,107,108,-1,108,107,109,-1,108,109,110,-1,110,109,111,-1,110,111,101,-1,101,111,112,-1,101,112,100,-1,104,113,102,-1,102,113,114,-1,102,114,115,-1,115,114,116,-1,115,116,117,-1,117,116,118,-1,117,118,119,-1,119,118,120,-1,119,120,121,-1,122,123,16,-1,124,28,125,-1,125,28,30,-1,125,30,126,-1,126,30,32,-1,124,127,28,-1,28,127,128,-1,28,128,27,-1,27,128,129,-1,122,16,130,-1,130,16,22,-1,130,22,131,-1,131,22,21,-1,131,21,132,-1,132,21,19,-1,132,19,133,-1,133,19,18,-1,133,18,134,-1,134,18,23,-1,134,23,129,-1,129,23,25,-1,129,25,27,-1,135,136,137,-1,137,138,135,-1,135,138,139,-1,135,139,140,-1,140,141,135,-1,135,141,58,-1,135,58,123,-1,123,58,14,-1,123,14,16,-1,142,143,144,-1,145,146,147,-1,64,148,149,-1,150,148,64,-1,147,146,64,-1,151,64,146,-1,152,153,154,-1,153,152,155,-1,155,152,156,-1,155,156,157,-1,157,156,158,-1,157,158,159,-1,159,158,160,-1,159,160,161,-1,161,160,162,-1,162,160,163,-1,162,163,164,-1,164,163,165,-1,165,163,67,-1,165,67,85,-1,76,150,64,-1,166,167,145,-1,145,167,168,-1,145,168,146,-1,146,168,169,-1,146,169,151,-1,170,149,171,-1,171,149,148,-1,171,148,172,-1,172,148,150,-1,172,150,173,-1,76,75,150,-1,150,75,74,-1,150,74,173,-1,173,74,73,-1,173,73,72,-1,144,170,174,-1,174,170,171,-1,174,171,175,-1,175,171,172,-1,175,172,176,-1,176,172,173,-1,176,173,177,-1,177,173,72,-1,178,179,180,-1,180,179,142,-1,142,144,180,-1,180,144,174,-1,180,174,181,-1,181,174,175,-1,181,175,182,-1,182,175,176,-1,182,176,183,-1,183,176,177,-1,183,177,184,-1,143,166,144,-1,144,166,145,-1,144,145,170,-1,170,145,147,-1,170,147,149,-1,149,147,64,-1,178,152,185,-1,185,152,154,-1,185,154,186,-1,72,71,177,-1,177,71,70,-1,177,70,184,-1,184,70,69,-1,184,69,68,-1,178,180,152,-1,152,180,181,-1,152,181,156,-1,156,181,182,-1,156,182,158,-1,158,182,183,-1,158,183,160,-1,160,183,184,-1,160,184,163,-1,163,184,68,-1,163,68,67,-1,92,93,187,-1,188,189,190,-1,86,191,192,-1,193,191,86,-1,190,189,86,-1,87,86,189,-1,194,195,196,-1,195,194,197,-1,197,194,198,-1,197,198,199,-1,199,198,200,-1,199,200,201,-1,201,200,202,-1,201,202,203,-1,203,202,204,-1,204,202,205,-1,204,205,206,-1,206,205,207,-1,207,205,208,-1,207,208,209,-1,210,193,86,-1,94,95,188,-1,188,95,96,-1,188,96,189,-1,189,96,97,-1,189,97,87,-1,211,192,212,-1,212,192,191,-1,212,191,213,-1,213,191,193,-1,213,193,214,-1,210,215,193,-1,193,215,216,-1,193,216,214,-1,214,216,217,-1,214,217,218,-1,187,211,219,-1,219,211,212,-1,219,212,220,-1,220,212,213,-1,220,213,221,-1,221,213,214,-1,221,214,222,-1,222,214,218,-1,90,91,223,-1,223,91,92,-1,92,187,223,-1,223,187,219,-1,223,219,224,-1,224,219,220,-1,224,220,225,-1,225,220,221,-1,225,221,226,-1,226,221,222,-1,226,222,227,-1,93,94,187,-1,187,94,188,-1,187,188,211,-1,211,188,190,-1,211,190,192,-1,192,190,86,-1,90,194,89,-1,89,194,196,-1,89,196,88,-1,218,228,222,-1,222,228,229,-1,222,229,227,-1,227,229,230,-1,227,230,231,-1,90,223,194,-1,194,223,224,-1,194,224,198,-1,198,224,225,-1,198,225,200,-1,200,225,226,-1,200,226,202,-1,202,226,227,-1,202,227,205,-1,205,227,231,-1,205,231,208,-1,232,233,234,-1,235,236,237,-1,238,239,240,-1,241,239,238,-1,237,236,238,-1,242,238,236,-1,243,110,101,-1,110,243,108,-1,108,243,244,-1,108,244,106,-1,106,244,245,-1,106,245,104,-1,104,245,246,-1,104,246,113,-1,113,246,114,-1,114,246,247,-1,114,247,116,-1,116,247,118,-1,118,247,248,-1,118,248,120,-1,249,241,238,-1,250,251,235,-1,235,251,252,-1,235,252,236,-1,236,252,253,-1,236,253,242,-1,254,240,255,-1,255,240,239,-1,255,239,256,-1,256,239,241,-1,256,241,257,-1,249,258,241,-1,241,258,259,-1,241,259,257,-1,257,259,260,-1,257,260,261,-1,234,254,262,-1,262,254,255,-1,262,255,263,-1,263,255,256,-1,263,256,264,-1,264,256,257,-1,264,257,265,-1,265,257,261,-1,266,267,268,-1,268,267,232,-1,232,234,268,-1,268,234,262,-1,268,262,269,-1,269,262,263,-1,269,263,270,-1,270,263,264,-1,270,264,271,-1,271,264,265,-1,271,265,272,-1,233,250,234,-1,234,250,235,-1,234,235,254,-1,254,235,237,-1,254,237,240,-1,240,237,238,-1,266,243,273,-1,273,243,101,-1,273,101,99,-1,261,274,265,-1,265,274,275,-1,265,275,272,-1,272,275,276,-1,272,276,277,-1,266,268,243,-1,243,268,269,-1,243,269,244,-1,244,269,270,-1,244,270,245,-1,245,270,271,-1,245,271,246,-1,246,271,272,-1,246,272,247,-1,247,272,277,-1,247,277,248,-1,105,278,279,-1,280,278,105,-1,105,281,282,-1,283,281,105,-1,279,283,105,-1,105,284,285,-1,286,284,105,-1,282,286,105,-1,287,288,285,-1,285,288,105,-1,289,98,100,-1,126,290,125,-1,125,290,291,-1,124,292,127,-1,127,292,287,-1,127,287,128,-1,287,293,128,-1,128,293,294,-1,128,294,129,-1,129,294,295,-1,129,295,134,-1,134,295,296,-1,134,296,133,-1,133,296,297,-1,133,297,132,-1,132,297,298,-1,132,298,131,-1,131,298,299,-1,131,299,130,-1,300,135,301,-1,301,135,123,-1,301,123,122,-1,136,135,302,-1,302,135,300,-1,302,300,303,-1,303,300,119,-1,303,119,121,-1,304,111,305,-1,305,111,109,-1,305,109,107,-1,287,285,293,-1,293,285,284,-1,293,284,294,-1,294,284,286,-1,294,286,295,-1,295,286,282,-1,295,282,296,-1,296,282,281,-1,296,281,297,-1,297,281,283,-1,297,283,298,-1,298,283,279,-1,298,279,299,-1,299,279,278,-1,299,278,306,-1,306,278,280,-1,306,280,307,-1,290,289,291,-1,291,289,100,-1,291,100,304,-1,304,100,112,-1,304,112,111,-1,124,125,292,-1,292,125,291,-1,292,291,287,-1,287,291,304,-1,287,304,288,-1,288,304,305,-1,288,305,105,-1,107,105,305,-1,105,103,280,-1,280,103,102,-1,280,102,307,-1,307,102,115,-1,307,115,117,-1,130,299,122,-1,122,299,306,-1,122,306,301,-1,301,306,307,-1,301,307,300,-1,300,307,117,-1,300,117,119,-1,308,238,242,-1,99,309,273,-1,273,309,310,-1,273,310,266,-1,266,310,311,-1,266,311,267,-1,267,311,312,-1,267,312,232,-1,232,312,313,-1,232,313,233,-1,233,313,314,-1,233,314,250,-1,250,314,315,-1,250,315,251,-1,251,315,316,-1,251,316,252,-1,252,316,317,-1,252,317,253,-1,253,317,318,-1,253,318,242,-1,242,318,319,-1,242,319,308,-1,238,320,321,-1,322,120,323,-1,323,120,248,-1,323,248,324,-1,324,248,277,-1,324,277,325,-1,325,277,276,-1,325,276,326,-1,326,276,275,-1,326,275,327,-1,327,275,274,-1,327,274,328,-1,328,274,261,-1,328,261,329,-1,329,261,260,-1,329,260,330,-1,330,260,259,-1,330,259,331,-1,331,259,258,-1,331,258,321,-1,321,258,249,-1,321,249,238,-1,332,322,333,-1,333,322,334,-1,333,334,335,-1,335,334,336,-1,335,336,337,-1,338,339,340,-1,337,336,341,-1,341,336,342,-1,341,342,343,-1,343,342,344,-1,343,344,345,-1,345,344,346,-1,345,346,347,-1,347,346,348,-1,347,348,349,-1,349,348,350,-1,349,350,351,-1,351,350,352,-1,351,352,353,-1,338,340,353,-1,353,340,354,-1,353,354,351,-1,355,356,357,-1,339,338,357,-1,357,338,358,-1,357,358,355,-1,359,360,361,-1,361,362,359,-1,359,362,303,-1,359,303,363,-1,363,303,121,-1,363,121,332,-1,362,364,303,-1,303,364,365,-1,303,365,366,-1,366,367,303,-1,303,367,368,-1,303,368,369,-1,369,370,303,-1,303,370,371,-1,303,371,302,-1,302,371,136,-1,85,372,165,-1,165,372,373,-1,374,375,376,-1,376,375,377,-1,376,377,378,-1,378,377,360,-1,373,374,165,-1,165,374,376,-1,165,376,164,-1,164,376,379,-1,164,379,162,-1,162,379,380,-1,162,380,161,-1,161,380,381,-1,161,381,159,-1,159,381,382,-1,159,382,157,-1,157,382,383,-1,157,383,155,-1,155,383,384,-1,155,384,153,-1,153,384,385,-1,153,385,154,-1,386,186,387,-1,387,186,154,-1,387,154,388,-1,388,154,385,-1,389,64,151,-1,186,390,185,-1,185,390,391,-1,185,391,178,-1,178,391,392,-1,178,392,179,-1,179,392,393,-1,179,393,142,-1,142,393,394,-1,142,394,143,-1,143,394,395,-1,143,395,166,-1,166,395,396,-1,166,396,167,-1,167,396,397,-1,167,397,168,-1,168,397,398,-1,168,398,169,-1,169,398,399,-1,169,399,151,-1,151,399,400,-1,151,400,389,-1,86,389,401,-1,402,209,403,-1,403,209,208,-1,403,208,404,-1,404,208,231,-1,404,231,405,-1,405,231,230,-1,405,230,406,-1,406,230,229,-1,406,229,407,-1,407,229,228,-1,407,228,408,-1,408,228,218,-1,408,218,409,-1,409,218,217,-1,409,217,410,-1,410,217,216,-1,410,216,411,-1,411,216,215,-1,411,215,401,-1,401,215,210,-1,401,210,86,-1,412,88,413,-1,413,88,196,-1,413,196,414,-1,414,196,415,-1,415,196,195,-1,415,195,416,-1,416,195,197,-1,416,197,417,-1,417,197,418,-1,418,197,199,-1,418,199,419,-1,419,199,201,-1,419,201,420,-1,420,201,203,-1,420,203,421,-1,421,203,204,-1,421,204,422,-1,422,204,206,-1,422,206,423,-1,423,206,207,-1,423,207,424,-1,424,207,425,-1,425,207,209,-1,425,209,426,-1,427,428,429,-1,429,428,430,-1,429,430,431,-1,431,430,432,-1,431,432,433,-1,433,432,434,-1,433,434,435,-1,435,434,309,-1,435,309,436,-1,429,437,427,-1,427,437,438,-1,427,438,439,-1,439,438,440,-1,439,440,441,-1,441,440,442,-1,441,442,443,-1,443,442,444,-1,443,444,445,-1,446,447,448,-1,448,447,445,-1,448,445,449,-1,449,445,444,-1,450,451,452,-1,453,454,455,-1,308,456,457,-1,458,456,308,-1,455,454,308,-1,459,308,454,-1,460,443,445,-1,443,460,441,-1,441,460,461,-1,441,461,439,-1,439,461,462,-1,439,462,427,-1,427,462,463,-1,427,463,428,-1,428,463,430,-1,430,463,464,-1,430,464,432,-1,432,464,434,-1,434,464,310,-1,434,310,309,-1,319,458,308,-1,465,466,453,-1,453,466,467,-1,453,467,454,-1,454,467,468,-1,454,468,459,-1,469,457,470,-1,470,457,456,-1,470,456,471,-1,471,456,458,-1,471,458,472,-1,319,318,458,-1,458,318,317,-1,458,317,472,-1,472,317,316,-1,472,316,315,-1,452,469,473,-1,473,469,470,-1,473,470,474,-1,474,470,471,-1,474,471,475,-1,475,471,472,-1,475,472,476,-1,476,472,315,-1,477,478,479,-1,479,478,450,-1,450,452,479,-1,479,452,473,-1,479,473,480,-1,480,473,474,-1,480,474,481,-1,481,474,475,-1,481,475,482,-1,482,475,476,-1,482,476,483,-1,451,465,452,-1,452,465,453,-1,452,453,469,-1,469,453,455,-1,469,455,457,-1,457,455,308,-1,477,460,484,-1,484,460,445,-1,484,445,447,-1,315,314,476,-1,476,314,313,-1,476,313,483,-1,483,313,312,-1,483,312,311,-1,477,479,460,-1,460,479,480,-1,460,480,461,-1,461,480,481,-1,461,481,462,-1,462,481,482,-1,462,482,463,-1,463,482,483,-1,463,483,464,-1,464,483,311,-1,464,311,310,-1,324,325,485,-1,326,327,486,-1,487,488,489,-1,320,490,491,-1,492,490,320,-1,489,488,320,-1,321,320,488,-1,334,493,336,-1,336,493,494,-1,336,494,342,-1,342,494,344,-1,344,494,495,-1,344,495,346,-1,346,495,348,-1,348,495,496,-1,348,496,350,-1,350,496,352,-1,352,496,497,-1,352,497,353,-1,353,497,338,-1,338,497,498,-1,338,498,358,-1,358,498,499,-1,358,499,355,-1,500,492,320,-1,328,329,487,-1,487,329,330,-1,487,330,488,-1,488,330,331,-1,488,331,321,-1,501,491,502,-1,502,491,490,-1,502,490,503,-1,503,490,492,-1,503,492,504,-1,327,328,486,-1,486,328,487,-1,486,487,505,-1,505,487,489,-1,505,489,506,-1,506,489,320,-1,500,507,492,-1,492,507,508,-1,492,508,504,-1,504,508,509,-1,504,509,510,-1,511,501,512,-1,512,501,502,-1,512,502,513,-1,513,502,503,-1,513,503,514,-1,514,503,504,-1,514,504,515,-1,515,504,510,-1,485,511,516,-1,516,511,512,-1,516,512,517,-1,517,512,513,-1,517,513,518,-1,518,513,514,-1,518,514,519,-1,519,514,515,-1,519,515,520,-1,325,326,485,-1,485,326,486,-1,485,486,511,-1,511,486,505,-1,511,505,501,-1,501,505,506,-1,501,506,491,-1,491,506,320,-1,334,322,493,-1,493,322,323,-1,493,323,324,-1,510,521,515,-1,515,521,522,-1,515,522,520,-1,520,522,523,-1,520,523,524,-1,324,485,493,-1,493,485,516,-1,493,516,494,-1,494,516,517,-1,494,517,495,-1,495,517,518,-1,495,518,496,-1,496,518,519,-1,496,519,497,-1,497,519,520,-1,497,520,498,-1,498,520,524,-1,498,524,499,-1,382,525,526,-1,527,525,382,-1,382,528,529,-1,530,528,382,-1,526,530,382,-1,382,531,532,-1,533,531,382,-1,529,533,382,-1,534,535,532,-1,532,535,382,-1,536,386,387,-1,356,537,357,-1,357,537,538,-1,339,539,340,-1,340,539,534,-1,340,534,354,-1,534,540,354,-1,354,540,541,-1,354,541,351,-1,351,541,542,-1,351,542,349,-1,349,542,543,-1,349,543,347,-1,347,543,544,-1,347,544,345,-1,345,544,545,-1,345,545,343,-1,343,545,546,-1,343,546,341,-1,547,333,548,-1,548,333,335,-1,548,335,337,-1,332,333,363,-1,363,333,547,-1,363,547,359,-1,359,547,378,-1,359,378,360,-1,549,385,550,-1,550,385,384,-1,550,384,383,-1,534,532,540,-1,540,532,531,-1,540,531,541,-1,541,531,533,-1,541,533,542,-1,542,533,529,-1,542,529,543,-1,543,529,528,-1,543,528,544,-1,544,528,530,-1,544,530,545,-1,545,530,526,-1,545,526,546,-1,546,526,525,-1,546,525,551,-1,551,525,527,-1,551,527,552,-1,537,536,538,-1,538,536,387,-1,538,387,549,-1,549,387,388,-1,549,388,385,-1,339,357,539,-1,539,357,538,-1,539,538,534,-1,534,538,549,-1,534,549,535,-1,535,549,550,-1,535,550,382,-1,383,382,550,-1,382,381,527,-1,527,381,380,-1,527,380,552,-1,552,380,379,-1,552,379,376,-1,341,546,337,-1,337,546,551,-1,337,551,548,-1,548,551,552,-1,548,552,547,-1,547,552,376,-1,547,376,378,-1,406,407,553,-1,554,555,556,-1,389,557,558,-1,559,557,389,-1,556,555,389,-1,401,389,555,-1,560,561,562,-1,561,560,563,-1,563,560,564,-1,563,564,565,-1,565,564,566,-1,565,566,567,-1,567,566,568,-1,567,568,569,-1,569,568,570,-1,570,568,571,-1,570,571,572,-1,572,571,573,-1,573,571,391,-1,573,391,390,-1,400,559,389,-1,408,409,554,-1,554,409,410,-1,554,410,555,-1,555,410,411,-1,555,411,401,-1,574,558,575,-1,575,558,557,-1,575,557,576,-1,576,557,559,-1,576,559,577,-1,400,399,559,-1,559,399,398,-1,559,398,577,-1,577,398,397,-1,577,397,396,-1,553,574,578,-1,578,574,575,-1,578,575,579,-1,579,575,576,-1,579,576,580,-1,580,576,577,-1,580,577,581,-1,581,577,396,-1,404,405,582,-1,582,405,406,-1,406,553,582,-1,582,553,578,-1,582,578,583,-1,583,578,579,-1,583,579,584,-1,584,579,580,-1,584,580,585,-1,585,580,581,-1,585,581,586,-1,407,408,553,-1,553,408,554,-1,553,554,574,-1,574,554,556,-1,574,556,558,-1,558,556,389,-1,404,560,403,-1,403,560,562,-1,403,562,402,-1,396,395,581,-1,581,395,394,-1,581,394,586,-1,586,394,393,-1,586,393,392,-1,404,582,560,-1,560,582,583,-1,560,583,564,-1,564,583,584,-1,564,584,566,-1,566,584,585,-1,566,585,568,-1,568,585,586,-1,568,586,571,-1,571,586,392,-1,571,392,391,-1,438,587,588,-1,589,587,438,-1,438,590,591,-1,592,590,438,-1,588,592,438,-1,438,593,594,-1,595,593,438,-1,591,595,438,-1,596,597,594,-1,594,597,438,-1,598,446,448,-1,426,599,425,-1,425,599,600,-1,424,601,423,-1,423,601,596,-1,423,596,422,-1,596,602,422,-1,422,602,603,-1,422,603,421,-1,421,603,604,-1,421,604,420,-1,420,604,605,-1,420,605,419,-1,419,605,606,-1,419,606,418,-1,418,606,607,-1,418,607,417,-1,417,607,608,-1,417,608,416,-1,609,413,610,-1,610,413,414,-1,610,414,415,-1,412,413,611,-1,611,413,609,-1,611,609,612,-1,612,609,435,-1,612,435,436,-1,613,444,614,-1,614,444,442,-1,614,442,440,-1,596,594,602,-1,602,594,593,-1,602,593,603,-1,603,593,595,-1,603,595,604,-1,604,595,591,-1,604,591,605,-1,605,591,590,-1,605,590,606,-1,606,590,592,-1,606,592,607,-1,607,592,588,-1,607,588,608,-1,608,588,587,-1,608,587,615,-1,615,587,589,-1,615,589,616,-1,599,598,600,-1,600,598,448,-1,600,448,613,-1,613,448,449,-1,613,449,444,-1,424,425,601,-1,601,425,600,-1,601,600,596,-1,596,600,613,-1,596,613,597,-1,597,613,614,-1,597,614,438,-1,440,438,614,-1,438,437,589,-1,589,437,429,-1,589,429,616,-1,616,429,431,-1,616,431,433,-1,416,608,415,-1,415,608,615,-1,415,615,610,-1,610,615,616,-1,610,616,609,-1,609,616,433,-1,609,433,435,-1,617,308,459,-1,447,618,484,-1,484,618,619,-1,484,619,477,-1,477,619,620,-1,477,620,478,-1,478,620,621,-1,478,621,450,-1,450,621,622,-1,450,622,451,-1,451,622,623,-1,451,623,465,-1,465,623,624,-1,465,624,466,-1,466,624,625,-1,466,625,467,-1,467,625,626,-1,467,626,468,-1,468,626,627,-1,468,627,459,-1,459,627,628,-1,459,628,617,-1,320,617,629,-1,630,355,631,-1,631,355,499,-1,631,499,632,-1,632,499,524,-1,632,524,633,-1,633,524,523,-1,633,523,634,-1,634,523,522,-1,634,522,635,-1,635,522,521,-1,635,521,636,-1,636,521,510,-1,636,510,637,-1,637,510,509,-1,637,509,638,-1,638,509,508,-1,638,508,639,-1,639,508,507,-1,639,507,629,-1,629,507,500,-1,629,500,320,-1,402,640,641,-1,641,642,402,-1,402,642,643,-1,402,643,644,-1,640,402,645,-1,645,402,562,-1,645,562,646,-1,646,562,647,-1,647,562,561,-1,647,561,563,-1,648,649,563,-1,563,649,650,-1,563,650,647,-1,563,565,648,-1,648,565,567,-1,648,567,651,-1,651,567,569,-1,651,569,652,-1,652,569,570,-1,652,570,653,-1,653,570,572,-1,653,572,654,-1,654,572,655,-1,572,573,655,-1,655,573,390,-1,655,390,656,-1,446,598,657,-1,657,598,658,-1,658,598,644,-1,644,598,599,-1,644,599,426,-1,634,635,659,-1,660,661,662,-1,617,663,664,-1,665,663,617,-1,662,661,617,-1,629,617,661,-1,666,667,668,-1,667,666,669,-1,669,666,670,-1,669,670,671,-1,671,670,672,-1,671,672,673,-1,673,672,674,-1,673,674,675,-1,675,674,676,-1,676,674,677,-1,676,677,678,-1,678,677,679,-1,679,677,619,-1,679,619,618,-1,628,665,617,-1,636,637,660,-1,660,637,638,-1,660,638,661,-1,661,638,639,-1,661,639,629,-1,680,664,681,-1,681,664,663,-1,681,663,682,-1,682,663,665,-1,682,665,683,-1,628,627,665,-1,665,627,626,-1,665,626,683,-1,683,626,625,-1,683,625,624,-1,659,680,684,-1,684,680,681,-1,684,681,685,-1,685,681,682,-1,685,682,686,-1,686,682,683,-1,686,683,687,-1,687,683,624,-1,632,633,688,-1,688,633,634,-1,634,659,688,-1,688,659,684,-1,688,684,689,-1,689,684,685,-1,689,685,690,-1,690,685,686,-1,690,686,691,-1,691,686,687,-1,691,687,692,-1,635,636,659,-1,659,636,660,-1,659,660,680,-1,680,660,662,-1,680,662,664,-1,664,662,617,-1,632,666,631,-1,631,666,668,-1,631,668,630,-1,624,623,687,-1,687,623,622,-1,687,622,692,-1,692,622,621,-1,692,621,620,-1,632,688,666,-1,666,688,689,-1,666,689,670,-1,670,689,690,-1,670,690,672,-1,672,690,691,-1,672,691,674,-1,674,691,692,-1,674,692,677,-1,677,692,620,-1,677,620,619,-1,658,693,694,-1,658,695,696,-1,697,695,658,-1,643,658,644,-1,642,641,658,-1,698,699,658,-1,658,699,657,-1,700,698,658,-1,701,696,702,-1,702,696,695,-1,702,695,703,-1,703,695,697,-1,703,697,704,-1,701,700,696,-1,696,700,658,-1,705,706,704,-1,704,706,707,-1,704,707,703,-1,708,709,705,-1,705,709,710,-1,705,710,706,-1,711,712,708,-1,708,712,713,-1,708,713,709,-1,714,715,716,-1,716,717,714,-1,714,717,655,-1,714,655,656,-1,718,653,717,-1,717,653,654,-1,717,654,655,-1,719,651,652,-1,651,719,648,-1,648,719,720,-1,648,720,649,-1,649,720,650,-1,650,720,721,-1,650,721,647,-1,647,721,646,-1,646,721,722,-1,646,722,694,-1,694,722,658,-1,658,641,693,-1,693,641,640,-1,693,640,694,-1,694,640,645,-1,694,645,646,-1,643,642,658,-1,716,723,717,-1,717,723,711,-1,717,711,718,-1,718,711,708,-1,718,708,724,-1,724,708,705,-1,724,705,725,-1,725,705,704,-1,725,704,726,-1,726,704,697,-1,726,697,658,-1,652,653,719,-1,719,653,718,-1,719,718,720,-1,720,718,724,-1,720,724,721,-1,721,724,725,-1,721,725,722,-1,722,725,726,-1,722,726,658,-1,700,679,698,-1,698,679,618,-1,698,618,699,-1,699,618,657,-1,700,701,679,-1,679,701,702,-1,679,702,678,-1,678,702,703,-1,678,703,676,-1,703,707,676,-1,676,707,706,-1,676,706,675,-1,675,706,710,-1,675,710,673,-1,673,710,709,-1,673,709,671,-1,671,709,713,-1,671,713,669,-1,713,712,669,-1,669,712,711,-1,669,711,667,-1,667,711,723,-1,667,723,668,-1,723,716,668,-1,668,716,715,-1,668,715,630,-1,
        ]
    }
}
Shape{
    appearance Appearance {
        material  Material 	{
            diffuseColor 0.0 0.0 0.0
            specularColor 0.0 0.0 0.0
            ambientIntensity 0.0
            transparency 0.0
            shininess 0.5
        }
    }
    geometry IndexedFaceSet {
        ccw TRUE
        solid FALSE
        coord DEF co Coordinate {
            point [
                1.6849 0.0778 1.7024, 1.6868 0.0778 1.6916, 1.6845 0.0778 1.7023, 1.6864 0.0778 1.6915, 1.6849 0.0395 1.7024, 1.6845 0.0395 1.7023, 1.6701 0.0395 1.7862, 1.6697 0.0395 1.7861, 1.6701 0.0271 1.7862, 1.6697 0.0271 1.7861, 1.6868 0.0271 1.6916, 1.6864 0.0271 1.6915, 1.687 0.1271 1.69, 1.6867 0.1271 1.6899, 1.6864 0.1417 1.6913, 1.6868 0.1417 1.6914, 1.6858 0.152 1.6946, 1.6862 0.152 1.6947, 1.6857 0.1537 1.6954, 1.6861 0.1537 1.6955, 1.684 0.1537 1.7072, 1.6836 0.1537 1.7071, 1.6844 0.1442 1.703, 1.6847 0.1442 1.703, 1.6847 0.1333 1.701, 1.6851 0.1333 1.701, 1.6847 0.1289 1.7008, 1.6851 0.1289 1.7009, 1.6846 0.1205 1.7017, 1.685 0.1205 1.7017, 1.6842 0.1134 1.704, 1.6846 0.1134 1.7041, 1.6834 0.1069 1.7082, 1.6838 0.1069 1.7083, 1.683 0.1042 1.7108, 1.6834 0.1042 1.7108, 1.682 0.0998 1.7166, 1.6823 0.0998 1.7167, 1.6806 0.0966 1.7242, 1.681 0.0966 1.7242, 1.679 0.0949 1.7334, 1.6794 0.0949 1.7335, 1.6782 0.0948 1.7378, 1.6786 0.0948 1.7378, 1.6759 0.0963 1.7508, 1.6763 0.0963 1.7508, 1.6745 0.0996 1.7589, 1.6749 0.0996 1.759, 1.6733 0.1042 1.7655, 1.6737 0.1042 1.7656, 1.6732 0.1048 1.7662, 1.6736 0.1048 1.7663, 1.6723 0.1107 1.7711, 1.6727 0.1107 1.7712, 1.6717 0.1182 1.7747, 1.6721 0.1182 1.7748, 1.6714 0.1264 1.7765, 1.6718 0.1264 1.7766, 1.6714 0.131 1.7767, 1.6717 0.131 1.7768, 1.6716 0.1429 1.7753, 1.672 0.1429 1.7754, 1.6722 0.1526 1.7717, 1.6726 0.1526 1.7717, 1.6723 0.1537 1.7711, 1.6727 0.1537 1.7712, 1.6705 0.1537 1.7839, 1.6701 0.1537 1.7839, 1.6694 0.1309 1.7877, 1.6698 0.1309 1.7878, 1.6696 0.1412 1.7869, 1.67 0.1435 1.7868, 1.6696 0.1435 1.7868, 1.6696 0.1242 1.7869, 1.6701 0.117 1.7862, 1.6697 0.117 1.7861, 1.6704 0.107 1.7822, 1.6708 0.107 1.7823, 1.6715 0.098 1.776, 1.6719 0.098 1.7761, 1.6719 0.0956 1.7738, 1.6723 0.0956 1.7739, 1.6734 0.0887 1.7648, 1.6738 0.0887 1.7649, 1.6745 0.086 1.7588, 1.6757 0.0841 1.7544, 1.6753 0.0841 1.7543, 1.6775 0.0819 1.742, 1.6779 0.0819 1.7421, 1.6784 0.0817 1.737, 1.6787 0.0817 1.7371, 1.6811 0.0836 1.7217, 1.6815 0.0836 1.7217, 1.6821 0.086 1.7156, 1.6832 0.0875 1.7118, 1.6828 0.0875 1.7118, 1.6842 0.0933 1.7037, 1.6846 0.0933 1.7038, 1.6844 0.0941 1.7028, 1.6848 0.0941 1.7029, 1.6855 0.1018 1.6965, 1.6859 0.1018 1.6966, 1.6862 0.1109 1.6923, 1.6866 0.1109 1.6924, 1.6866 0.1213 1.6902, 1.687 0.1213 1.6903, 1.6849 0.2246 1.7024, 1.6868 0.2246 1.6916, 1.6845 0.2246 1.7023, 1.6864 0.2246 1.6915, 1.6845 0.1853 1.7023, 1.6849 0.1853 1.7024, 1.6845 0.2113 1.7023, 1.6793 0.1853 1.7342, 1.6789 0.1853 1.7341, 1.6789 0.2197 1.7341, 1.6793 0.2197 1.7342, 1.6789 0.2113 1.7341, 1.6773 0.2197 1.745, 1.677 0.2197 1.745, 1.677 0.1853 1.745, 1.6773 0.1853 1.745, 1.677 0.2113 1.745, 1.672 0.1853 1.7753, 1.6716 0.1853 1.7753, 1.6716 0.2224 1.7753, 1.672 0.2224 1.7753, 1.6716 0.2113 1.7753, 1.6701 0.2224 1.7862, 1.6697 0.2224 1.7861, 1.6697 0.1729 1.7861, 1.6701 0.1729 1.7862, 1.6697 0.2113 1.7861, 1.6868 0.1729 1.6916, 1.6864 0.1729 1.6915, 1.6864 0.2113 1.6915, 1.6844 0.3065 1.7048, 1.6833 0.2965 1.7112, 1.6857 0.2964 1.6978, 1.6841 0.2903 1.707, 1.6864 0.2855 1.6935, 1.6846 0.2824 1.7039, 1.6868 0.2692 1.6916, 1.6849 0.2691 1.7024, 1.6868 0.2427 1.6916, 1.6849 0.2551 1.7024, 1.6701 0.2427 1.7862, 1.672 0.2551 1.7753, 1.6701 0.2701 1.7862, 1.672 0.2697 1.7753, 1.672 0.2707 1.7753, 1.6704 0.2848 1.7846, 1.6723 0.283 1.7738, 1.6711 0.2964 1.7804, 1.6728 0.2911 1.7706, 1.6723 0.3065 1.7737, 1.6736 0.2974 1.7664, 1.6729 0.3099 1.7704, 1.674 0.3001 1.7638, 1.6743 0.3158 1.7622, 1.675 0.3038 1.7585, 1.6759 0.3194 1.7531, 1.6762 0.3065 1.7516, 1.6782 0.321 1.7401, 1.6783 0.3079 1.7398, 1.6793 0.3207 1.7341, 1.6794 0.3075 1.7332, 1.6812 0.3183 1.723, 1.6809 0.3056 1.7247, 1.683 0.3136 1.7132, 1.6822 0.3022 1.7177, 1.6831 0.2977 1.7122, 1.6864 0.2692 1.6915, 1.6864 0.2427 1.6915, 1.684 0.3065 1.7048, 1.686 0.2855 1.6935, 1.6859 0.2868 1.694, 1.6853 0.2964 1.6977, 1.6826 0.3136 1.7131, 1.6808 0.3183 1.7229, 1.6789 0.3207 1.734, 1.6778 0.321 1.74, 1.6755 0.3194 1.7531, 1.6739 0.3158 1.7621, 1.6725 0.3099 1.7703, 1.6719 0.3065 1.7736, 1.6697 0.2701 1.7861, 1.6707 0.2964 1.7804, 1.6701 0.2868 1.7839, 1.67 0.2848 1.7846, 1.6697 0.2427 1.7861, 1.6716 0.2697 1.7753, 1.6716 0.2551 1.7753, 1.6845 0.2551 1.7023, 1.6845 0.2691 1.7023, 1.6827 0.2977 1.7122, 1.6829 0.2965 1.7111, 1.6837 0.2903 1.7069, 1.6842 0.2824 1.7039, 1.6779 0.3079 1.7397, 1.679 0.3075 1.7332, 1.6805 0.3056 1.7246, 1.6818 0.3022 1.7177, 1.6732 0.2974 1.7664, 1.6736 0.3001 1.7637, 1.6746 0.3038 1.7584, 1.6758 0.3065 1.7515, 1.6716 0.2707 1.7753, 1.6719 0.283 1.7737, 1.6724 0.2911 1.7706
            ]
        }
        coordIndex [
            0,1,2,-1,2,1,3,-1,4,0,5,-1,5,0,2,-1,6,4,7,-1,7,4,5,-1,8,6,9,-1,9,6,7,-1,10,8,11,-1,11,8,9,-1,1,10,3,-1,3,10,11,-1,6,8,4,-1,4,8,10,-1,4,10,0,-1,0,10,1,-1,12,13,14,-1,12,14,15,-1,15,14,16,-1,15,16,17,-1,17,16,18,-1,17,18,19,-1,20,19,21,-1,21,19,18,-1,20,21,22,-1,20,22,23,-1,23,22,24,-1,23,24,25,-1,25,24,26,-1,25,26,27,-1,27,26,28,-1,27,28,29,-1,29,28,30,-1,29,30,31,-1,31,30,32,-1,31,32,33,-1,33,32,34,-1,33,34,35,-1,35,34,36,-1,35,36,37,-1,37,36,38,-1,37,38,39,-1,39,38,40,-1,39,40,41,-1,41,40,42,-1,41,42,43,-1,43,42,44,-1,43,44,45,-1,45,44,46,-1,45,46,47,-1,47,46,48,-1,47,48,49,-1,49,48,50,-1,49,50,51,-1,51,50,52,-1,51,52,53,-1,53,52,54,-1,53,54,55,-1,55,54,56,-1,55,56,57,-1,57,56,58,-1,57,58,59,-1,59,58,60,-1,59,60,61,-1,61,60,62,-1,61,62,63,-1,63,62,64,-1,63,64,65,-1,66,65,67,-1,67,65,64,-1,68,69,70,-1,70,69,71,-1,70,71,72,-1,72,71,66,-1,72,66,67,-1,69,68,73,-1,69,73,74,-1,73,75,74,-1,74,75,76,-1,74,76,77,-1,77,76,78,-1,77,78,79,-1,79,78,80,-1,79,80,81,-1,81,80,82,-1,81,82,83,-1,83,82,84,-1,83,84,85,-1,84,86,85,-1,85,86,87,-1,85,87,88,-1,88,87,89,-1,88,89,90,-1,90,89,91,-1,90,91,92,-1,92,91,93,-1,92,93,94,-1,93,95,94,-1,94,95,96,-1,94,96,97,-1,97,96,98,-1,97,98,99,-1,99,98,100,-1,99,100,101,-1,101,100,102,-1,101,102,103,-1,103,102,104,-1,103,104,105,-1,105,104,13,-1,105,13,12,-1,53,55,74,-1,45,47,83,-1,83,47,81,-1,74,55,69,-1,90,43,88,-1,88,43,45,-1,88,45,85,-1,85,45,83,-1,55,57,69,-1,69,57,59,-1,69,59,71,-1,71,59,61,-1,71,61,66,-1,66,61,63,-1,66,63,65,-1,19,20,17,-1,17,20,23,-1,17,23,15,-1,15,23,25,-1,15,25,12,-1,12,25,27,-1,12,27,105,-1,105,27,29,-1,105,29,103,-1,103,29,31,-1,103,31,101,-1,101,31,33,-1,101,33,99,-1,99,33,35,-1,99,35,97,-1,97,35,37,-1,97,37,94,-1,94,37,92,-1,92,37,39,-1,92,39,90,-1,90,39,41,-1,90,41,43,-1,47,49,81,-1,81,49,51,-1,81,51,79,-1,79,51,53,-1,79,53,77,-1,77,53,74,-1,106,107,108,-1,108,107,109,-1,110,111,112,-1,112,111,106,-1,112,106,108,-1,113,111,114,-1,114,111,110,-1,115,116,117,-1,117,116,113,-1,117,113,114,-1,118,116,119,-1,119,116,115,-1,120,121,122,-1,122,121,118,-1,122,118,119,-1,123,121,124,-1,124,121,120,-1,125,126,127,-1,127,126,123,-1,127,123,124,-1,128,126,129,-1,129,126,125,-1,130,131,132,-1,132,131,128,-1,132,128,129,-1,133,131,134,-1,134,131,130,-1,109,107,135,-1,135,107,133,-1,135,133,134,-1,133,107,106,-1,106,111,133,-1,133,111,113,-1,133,113,131,-1,126,128,123,-1,123,128,131,-1,123,131,121,-1,121,131,113,-1,121,113,118,-1,118,113,116,-1,136,137,138,-1,138,137,139,-1,138,139,140,-1,140,139,141,-1,140,141,142,-1,142,141,143,-1,142,143,144,-1,144,143,145,-1,144,145,146,-1,146,145,147,-1,146,147,148,-1,147,149,148,-1,148,149,150,-1,148,150,151,-1,151,150,152,-1,151,152,153,-1,153,152,154,-1,153,154,155,-1,155,154,156,-1,155,156,157,-1,157,156,158,-1,157,158,159,-1,159,158,160,-1,159,160,161,-1,161,160,162,-1,161,162,163,-1,163,162,164,-1,163,164,165,-1,165,164,166,-1,165,166,167,-1,167,166,168,-1,167,168,169,-1,169,168,170,-1,169,170,136,-1,136,170,171,-1,136,171,137,-1,142,144,172,-1,172,144,173,-1,174,136,138,-1,142,172,175,-1,142,175,140,-1,140,175,176,-1,140,176,138,-1,138,176,177,-1,138,177,174,-1,136,174,178,-1,136,178,169,-1,169,178,179,-1,169,179,167,-1,167,179,180,-1,167,180,165,-1,165,180,181,-1,165,181,163,-1,163,181,182,-1,163,182,161,-1,161,182,183,-1,161,183,159,-1,159,183,184,-1,159,184,157,-1,157,184,185,-1,157,185,155,-1,186,148,151,-1,155,185,187,-1,155,187,153,-1,153,187,188,-1,153,188,151,-1,151,188,189,-1,151,189,186,-1,146,148,190,-1,190,148,186,-1,144,146,173,-1,173,146,190,-1,149,147,191,-1,191,147,192,-1,147,145,192,-1,192,145,193,-1,145,143,193,-1,193,143,194,-1,171,195,196,-1,171,196,137,-1,137,196,197,-1,137,197,139,-1,139,197,198,-1,139,198,141,-1,141,198,194,-1,141,194,143,-1,164,199,200,-1,164,200,166,-1,166,200,201,-1,166,201,168,-1,168,201,202,-1,168,202,170,-1,170,202,195,-1,170,195,171,-1,156,203,204,-1,156,204,158,-1,158,204,205,-1,158,205,160,-1,160,205,206,-1,160,206,162,-1,162,206,199,-1,162,199,164,-1,149,191,207,-1,149,207,150,-1,150,207,208,-1,150,208,152,-1,152,208,209,-1,152,209,154,-1,154,209,203,-1,154,203,156,-1,
        ]
    }
}
Shape{
    appearance Appearance {
        material  Material 	{
            diffuseColor 1.0 1.0 1.0
            specularColor 0.5019607843137255 0.5019607843137255 0.5019607843137255
            ambientIntensity 1.0
            transparency 0.0
            shininess 0.5
        }
    }
    geometry IndexedFaceSet {
        ccw TRUE
        solid FALSE
        coord DEF co Coordinate {
            point [
                1.6837 0.2903 1.7069, 1.6829 0.2965 1.7111, 1.6716 0.2707 1.7753, 1.6716 0.2551 1.7753, 1.6845 0.2551 1.7023, 1.6716 0.2697 1.7753, 1.6845 0.2691 1.7023, 1.6842 0.2824 1.7039, 1.6827 0.2977 1.7122, 1.6818 0.3022 1.7177, 1.6805 0.3056 1.7246, 1.6779 0.3079 1.7397, 1.6732 0.2974 1.7664, 1.6724 0.2911 1.7706, 1.6758 0.3065 1.7515, 1.6746 0.3038 1.7584, 1.6736 0.3001 1.7637, 1.679 0.3075 1.7332, 1.6719 0.283 1.7737
            ]
        }
        coordIndex [
            0,1,2,-1,3,4,5,-1,5,4,6,-1,5,6,2,-1,2,6,7,-1,2,7,0,-1,1,8,2,-1,2,8,9,-1,2,9,10,-1,11,12,13,-1,14,15,11,-1,11,15,16,-1,11,16,12,-1,10,17,2,-1,2,17,11,-1,2,11,18,-1,18,11,13,-1,
        ]
    }
}
Shape{
    appearance Appearance {
        material  Material 	{
            diffuseColor 0.0 0.0 0.0
            specularColor 0.0 0.0 0.0
            ambientIntensity 0.0
            transparency 0.0
            shininess 0.5
        }
    }
    geometry IndexedFaceSet {
        ccw TRUE
        solid FALSE
        coord DEF co Coordinate {
            point [
                1.6803 0.3532 1.7282, 1.6822 0.3492 1.7175, 1.6803 0.3854 1.7282, 1.6822 0.3892 1.7175, 1.6734 0.3675 1.7675, 1.6701 0.3629 1.7862, 1.6868 0.3263 1.6916, 1.6868 0.34 1.6916, 1.6729 0.3684 1.7703, 1.6722 0.3691 1.7741, 1.6701 0.3762 1.7862, 1.6722 0.3694 1.7741, 1.6729 0.3702 1.7701, 1.6734 0.3709 1.7675, 1.6868 0.4127 1.6916, 1.6868 0.399 1.6916, 1.6697 0.3762 1.7861, 1.6864 0.4127 1.6915, 1.6697 0.3629 1.7861, 1.6864 0.3263 1.6915, 1.6738 0.354 1.7631, 1.6864 0.34 1.6915, 1.6818 0.3492 1.7174, 1.6818 0.3892 1.7174, 1.6818 0.354 1.7174, 1.6864 0.399 1.6915, 1.6799 0.3532 1.7281, 1.6799 0.3854 1.7281, 1.673 0.3709 1.7674, 1.6718 0.3694 1.7741, 1.6725 0.3702 1.77, 1.6718 0.3691 1.7741, 1.673 0.3675 1.7674, 1.6725 0.3684 1.7702
            ]
        }
        coordIndex [
            0,1,2,-1,2,1,3,-1,4,5,0,-1,0,5,6,-1,0,6,1,-1,1,6,7,-1,4,8,5,-1,5,8,9,-1,5,9,10,-1,10,9,11,-1,10,11,12,-1,12,13,10,-1,10,13,2,-1,10,2,14,-1,14,2,3,-1,14,3,15,-1,10,14,16,-1,16,14,17,-1,5,10,18,-1,18,10,16,-1,19,6,20,-1,20,6,5,-1,20,5,18,-1,7,6,21,-1,21,6,19,-1,1,7,22,-1,22,7,21,-1,23,3,24,-1,24,3,1,-1,24,1,22,-1,15,3,25,-1,25,3,23,-1,14,15,17,-1,17,15,25,-1,0,2,26,-1,26,2,27,-1,2,13,27,-1,27,13,28,-1,11,29,30,-1,11,30,12,-1,12,30,28,-1,12,28,13,-1,11,9,29,-1,29,9,31,-1,4,32,33,-1,4,33,8,-1,8,33,31,-1,8,31,9,-1,4,0,32,-1,32,0,26,-1,
        ]
    }
}
Shape{
    appearance Appearance {
        material  Material 	{
            diffuseColor 1.0 1.0 1.0
            specularColor 0.5019607843137255 0.5019607843137255 0.5019607843137255
            ambientIntensity 1.0
            transparency 0.0
            shininess 0.5
        }
    }
    geometry IndexedFaceSet {
        ccw TRUE
        solid FALSE
        coord DEF co Coordinate {
            point [
                1.6718 0.3694 1.7741, 1.6718 0.3691 1.7741, 1.6725 0.3702 1.77, 1.6725 0.3684 1.7702, 1.673 0.3709 1.7674, 1.673 0.3675 1.7674, 1.6799 0.3854 1.7281, 1.6799 0.3532 1.7281
            ]
        }
        coordIndex [
            0,1,2,-1,2,1,3,-1,2,3,4,-1,4,3,5,-1,4,5,6,-1,6,5,7,-1,
        ]
    }
}
Shape{
    appearance Appearance {
        material  Material 	{
            diffuseColor 0.0 0.0 0.0
            specularColor 0.0 0.0 0.0
            ambientIntensity 0.0
            transparency 0.0
            shininess 0.5
        }
    }
    geometry IndexedFaceSet {
        ccw TRUE
        solid FALSE
        coord DEF co Coordinate {
            point [
                1.7113 0.0788 1.5523, 1.7132 0.0788 1.5415, 1.7109 0.0788 1.5522, 1.7128 0.0788 1.5414, 1.7113 0.0395 1.5523, 1.7109 0.0395 1.5522, 1.7057 0.0395 1.5841, 1.7053 0.0395 1.584, 1.7057 0.0739 1.5841, 1.7053 0.0739 1.584, 1.7038 0.0739 1.5949, 1.7034 0.0739 1.5949, 1.7038 0.0395 1.5949, 1.7034 0.0395 1.5949, 1.6985 0.0395 1.6252, 1.6981 0.0395 1.6252, 1.6985 0.0766 1.6252, 1.6981 0.0766 1.6252, 1.6966 0.0766 1.6361, 1.6962 0.0766 1.636, 1.6966 0.0271 1.6361, 1.6962 0.0271 1.636, 1.7132 0.0271 1.5415, 1.7128 0.0271 1.5414, 1.7114 0.1331 1.5519, 1.7114 0.1334 1.5519, 1.7095 0.1327 1.5628, 1.7085 0.1334 1.5681, 1.7056 0.1455 1.585, 1.7084 0.1334 1.5689, 1.7073 0.1334 1.5754, 1.7132 0.1334 1.5415, 1.7132 0.1455 1.5415, 1.7095 0.1026 1.5624, 1.7091 0.1032 1.5651, 1.7081 0.0929 1.5705, 1.7102 0.1309 1.5586, 1.7108 0.1283 1.5551, 1.7122 0.13 1.5476, 1.7111 0.1268 1.5537, 1.7128 0.1261 1.544, 1.7115 0.1234 1.5514, 1.713 0.1237 1.5426, 1.7117 0.1197 1.5501, 1.7134 0.1189 1.5407, 1.7118 0.1152 1.5496, 1.7135 0.1121 1.5399, 1.7117 0.1111 1.5501, 1.7134 0.1049 1.5407, 1.7115 0.1084 1.551, 1.7131 0.1003 1.5424, 1.7113 0.106 1.5527, 1.7126 0.0962 1.5452, 1.7111 0.105 1.5537, 1.7075 0.0954 1.5739, 1.7087 0.1043 1.5673, 1.707 0.0992 1.577, 1.7084 0.1057 1.5691, 1.7065 0.1044 1.5796, 1.7082 0.1072 1.5702, 1.7079 0.1099 1.5715, 1.7062 0.1131 1.5816, 1.7076 0.1174 1.5733, 1.7057 0.1334 1.5844, 1.7088 0.0912 1.5664, 1.7097 0.0904 1.5614, 1.7099 0.1025 1.5605, 1.71 0.0903 1.5596, 1.7104 0.1028 1.5578, 1.711 0.0909 1.5542, 1.7107 0.1036 1.5557, 1.7117 0.0924 1.5502, 1.7123 0.0949 1.5465, 1.7022 0.097 1.6043, 1.7042 0.097 1.5928, 1.7019 0.0995 1.6057, 1.7034 0.1041 1.5973, 1.7013 0.1085 1.6092, 1.7029 0.1116 1.6001, 1.701 0.1207 1.6106, 1.7027 0.1195 1.601, 1.7012 0.1282 1.6099, 1.7028 0.1236 1.6006, 1.7014 0.1332 1.6084, 1.703 0.1264 1.5996, 1.7018 0.1371 1.6061, 1.7032 0.1285 1.5982, 1.7024 0.1403 1.603, 1.7036 0.1304 1.5963, 1.7031 0.1428 1.5991, 1.704 0.1318 1.5939, 1.704 0.1446 1.5936, 1.7047 0.133 1.5897, 1.7007 0.1207 1.6105, 1.7009 0.1085 1.6091, 1.7015 0.0995 1.6057, 1.7018 0.097 1.6043, 1.7038 0.097 1.5927, 1.703 0.1041 1.5973, 1.7025 0.1116 1.6, 1.7024 0.1195 1.6009, 1.7024 0.1236 1.6005, 1.7026 0.1264 1.5995, 1.7028 0.1285 1.5982, 1.7032 0.1304 1.5963, 1.7036 0.1318 1.5938, 1.7043 0.133 1.5896, 1.7053 0.1334 1.5844, 1.7058 0.1131 1.5816, 1.7061 0.1044 1.5795, 1.7066 0.0992 1.577, 1.7071 0.0954 1.5738, 1.7077 0.0929 1.5705, 1.7085 0.0912 1.5663, 1.7093 0.0904 1.5613, 1.7097 0.0903 1.5595, 1.7106 0.0909 1.5541, 1.7113 0.0924 1.5501, 1.712 0.0949 1.5465, 1.7122 0.0962 1.5451, 1.7131 0.1121 1.5398, 1.713 0.1051 1.5406, 1.713 0.1049 1.5406, 1.7127 0.1003 1.5424, 1.713 0.1187 1.5406, 1.713 0.1189 1.5406, 1.7127 0.1237 1.5425, 1.7124 0.1261 1.544, 1.7118 0.13 1.5476, 1.711 0.1331 1.5519, 1.711 0.1334 1.5519, 1.7128 0.1334 1.5414, 1.7128 0.1455 1.5414, 1.7052 0.1455 1.5849, 1.7037 0.1446 1.5936, 1.7027 0.1428 1.5991, 1.702 0.1403 1.603, 1.7015 0.1371 1.606, 1.7011 0.1332 1.6083, 1.7008 0.1282 1.6098, 1.708 0.1057 1.569, 1.7078 0.1072 1.5701, 1.7075 0.1099 1.5715, 1.7072 0.1174 1.5732, 1.7095 0.1025 1.5605, 1.7092 0.1026 1.5624, 1.7087 0.1032 1.5651, 1.7083 0.1043 1.5673, 1.7109 0.106 1.5526, 1.7107 0.105 1.5536, 1.7103 0.1036 1.5556, 1.71 0.1028 1.5578, 1.7114 0.1152 1.5495, 1.7113 0.1111 1.55, 1.7112 0.1084 1.551, 1.7104 0.1283 1.5551, 1.7107 0.1268 1.5536, 1.7111 0.1234 1.5513, 1.7113 0.1197 1.55, 1.708 0.1334 1.5688, 1.7082 0.1334 1.5681, 1.7091 0.1327 1.5628, 1.7098 0.1309 1.5585, 1.7069 0.1334 1.5753
            ]
        }
        coordIndex [
            0,1,2,-1,2,1,3,-1,4,0,5,-1,5,0,2,-1,6,4,7,-1,7,4,5,-1,8,6,9,-1,9,6,7,-1,10,8,11,-1,11,8,9,-1,12,10,13,-1,13,10,11,-1,14,12,15,-1,15,12,13,-1,16,14,17,-1,17,14,15,-1,18,16,19,-1,19,16,17,-1,20,18,21,-1,21,18,19,-1,22,20,23,-1,23,20,21,-1,1,22,3,-1,3,22,23,-1,22,1,0,-1,0,4,22,-1,22,4,6,-1,22,6,20,-1,16,18,14,-1,14,18,20,-1,14,20,12,-1,12,20,6,-1,12,6,10,-1,10,6,8,-1,24,25,26,-1,27,28,29,-1,29,28,30,-1,31,32,25,-1,25,32,28,-1,25,28,26,-1,26,28,27,-1,33,34,35,-1,26,36,24,-1,24,36,37,-1,24,37,38,-1,38,37,39,-1,38,39,40,-1,40,39,41,-1,40,41,42,-1,42,41,43,-1,42,43,44,-1,44,43,45,-1,44,45,46,-1,46,45,47,-1,46,47,48,-1,48,47,49,-1,48,49,50,-1,50,49,51,-1,50,51,52,-1,52,51,53,-1,35,34,54,-1,54,34,55,-1,54,55,56,-1,56,55,57,-1,56,57,58,-1,57,59,58,-1,58,59,60,-1,58,60,61,-1,61,60,62,-1,61,62,63,-1,35,64,33,-1,33,64,65,-1,33,65,66,-1,66,65,67,-1,66,67,68,-1,68,67,69,-1,68,69,70,-1,70,69,71,-1,70,71,53,-1,53,71,72,-1,53,72,52,-1,73,74,75,-1,75,74,76,-1,75,76,77,-1,77,76,78,-1,77,78,79,-1,79,78,80,-1,79,80,81,-1,81,80,82,-1,81,82,83,-1,83,82,84,-1,83,84,85,-1,85,84,86,-1,85,86,87,-1,87,86,88,-1,87,88,89,-1,89,88,90,-1,89,90,91,-1,91,90,92,-1,91,92,28,-1,28,92,63,-1,28,63,30,-1,30,63,62,-1,79,93,94,-1,79,94,77,-1,77,94,95,-1,77,95,75,-1,75,95,96,-1,75,96,73,-1,74,73,97,-1,97,73,96,-1,74,97,98,-1,74,98,76,-1,76,98,99,-1,76,99,78,-1,78,99,100,-1,78,100,80,-1,80,100,101,-1,80,101,82,-1,82,101,102,-1,82,102,84,-1,84,102,103,-1,84,103,86,-1,86,103,104,-1,86,104,88,-1,88,104,105,-1,88,105,90,-1,90,105,106,-1,90,106,92,-1,92,106,107,-1,92,107,63,-1,61,63,108,-1,108,63,107,-1,61,108,109,-1,61,109,58,-1,58,109,110,-1,58,110,56,-1,56,110,111,-1,56,111,54,-1,54,111,112,-1,54,112,35,-1,35,112,113,-1,35,113,64,-1,64,113,114,-1,64,114,65,-1,65,114,115,-1,65,115,67,-1,67,115,116,-1,67,116,69,-1,69,116,117,-1,69,117,71,-1,71,117,118,-1,71,118,72,-1,72,118,119,-1,72,119,52,-1,120,46,121,-1,121,46,48,-1,121,48,122,-1,122,48,50,-1,122,50,123,-1,123,50,52,-1,123,52,119,-1,46,120,44,-1,44,120,124,-1,124,125,44,-1,44,125,126,-1,44,126,42,-1,42,126,127,-1,42,127,40,-1,40,127,128,-1,40,128,38,-1,38,128,129,-1,38,129,24,-1,25,24,130,-1,130,24,129,-1,31,25,131,-1,131,25,130,-1,32,31,132,-1,132,31,131,-1,28,32,133,-1,133,32,132,-1,28,133,134,-1,28,134,91,-1,91,134,135,-1,91,135,89,-1,89,135,136,-1,89,136,87,-1,87,136,137,-1,87,137,85,-1,85,137,138,-1,85,138,83,-1,83,138,139,-1,83,139,81,-1,81,139,93,-1,81,93,79,-1,57,140,141,-1,57,141,59,-1,59,141,142,-1,59,142,60,-1,60,142,143,-1,60,143,62,-1,66,144,145,-1,66,145,33,-1,33,145,146,-1,33,146,34,-1,34,146,147,-1,34,147,55,-1,55,147,140,-1,55,140,57,-1,51,148,149,-1,51,149,53,-1,53,149,150,-1,53,150,70,-1,70,150,151,-1,70,151,68,-1,68,151,144,-1,68,144,66,-1,45,152,153,-1,45,153,47,-1,47,153,154,-1,47,154,49,-1,49,154,148,-1,49,148,51,-1,37,155,156,-1,37,156,39,-1,39,156,157,-1,39,157,41,-1,41,157,158,-1,41,158,43,-1,43,158,152,-1,43,152,45,-1,29,159,160,-1,29,160,27,-1,27,160,161,-1,27,161,26,-1,26,161,162,-1,26,162,36,-1,36,162,155,-1,36,155,37,-1,29,30,159,-1,159,30,163,-1,30,62,163,-1,163,62,143,-1,
        ]
    }
}
Shape{
    appearance Appearance {
        material  Material 	{
            diffuseColor 1.0 1.0 1.0
            specularColor 0.5019607843137255 0.5019607843137255 0.5019607843137255
            ambientIntensity 1.0
            transparency 0.0
            shininess 0.5
        }
    }
    geometry IndexedFaceSet {
        ccw TRUE
        solid FALSE
        coord DEF co Coordinate {
            point [
                1.7082 0.1334 1.5681, 1.708 0.1334 1.5688, 1.708 0.1057 1.569, 1.7069 0.1334 1.5753, 1.7072 0.1174 1.5732, 1.7075 0.1099 1.5715, 1.7078 0.1072 1.5701, 1.7091 0.1327 1.5628, 1.7083 0.1043 1.5673, 1.7098 0.1309 1.5585, 1.7107 0.105 1.5536, 1.7109 0.106 1.5526, 1.7107 0.1268 1.5536, 1.7103 0.1036 1.5556, 1.7111 0.1234 1.5513, 1.7113 0.1197 1.55, 1.7114 0.1152 1.5495, 1.7087 0.1032 1.5651, 1.7092 0.1026 1.5624, 1.7104 0.1283 1.5551, 1.7095 0.1025 1.5605, 1.71 0.1028 1.5578, 1.7112 0.1084 1.551, 1.7113 0.1111 1.55
            ]
        }
        coordIndex [
            0,1,2,-1,1,3,4,-1,4,5,1,-1,1,5,6,-1,1,6,2,-1,0,2,7,-1,7,2,8,-1,7,8,9,-1,10,11,12,-1,10,12,13,-1,14,12,15,-1,15,12,16,-1,8,17,9,-1,9,17,18,-1,9,18,19,-1,19,18,20,-1,19,20,12,-1,12,20,21,-1,12,21,13,-1,11,22,12,-1,12,22,23,-1,12,23,16,-1,
        ]
    }
}
Shape{
    appearance Appearance {
        material  Material 	{
            diffuseColor 0.0 0.0 0.0
            specularColor 0.0 0.0 0.0
            ambientIntensity 0.0
            transparency 0.0
            shininess 0.5
        }
    }
    geometry IndexedFaceSet {
        ccw TRUE
        solid FALSE
        coord DEF co Coordinate {
            point [
                1.7118 0.1816 1.5496, 1.7114 0.1816 1.5495, 1.7113 0.1742 1.5503, 1.7108 0.1673 1.5528, 1.7112 0.1666 1.5531, 1.7117 0.1742 1.5504, 1.7108 0.1666 1.5531, 1.7103 0.1618 1.556, 1.7107 0.1618 1.5561, 1.7128 0.1618 1.5438, 1.7124 0.1618 1.5438, 1.7133 0.1691 1.5412, 1.7128 0.1673 1.5418, 1.7131 0.1804 1.5398, 1.7135 0.1804 1.5399, 1.713 0.1735 1.5406, 1.7129 0.1691 1.5411, 1.7133 0.1912 1.5411, 1.713 0.1873 1.5406, 1.7129 0.1912 1.5411, 1.7125 0.1975 1.5435, 1.7129 0.1975 1.5435, 1.7122 0.2004 1.5452, 1.7126 0.2004 1.5453, 1.7117 0.2038 1.5481, 1.712 0.2038 1.5482, 1.7111 0.2061 1.5513, 1.7115 0.2061 1.5513, 1.7104 0.2076 1.555, 1.7108 0.2076 1.5551, 1.7096 0.2081 1.5598, 1.71 0.2081 1.5599, 1.7088 0.2076 1.5642, 1.7092 0.2076 1.5643, 1.7082 0.2063 1.5677, 1.7086 0.2063 1.5678, 1.7076 0.2041 1.571, 1.708 0.2041 1.571, 1.7072 0.2012 1.5735, 1.7076 0.2012 1.5736, 1.7064 0.1932 1.5779, 1.7068 0.1932 1.5779, 1.7061 0.1886 1.5797, 1.7065 0.1886 1.5798, 1.7055 0.1811 1.5829, 1.7059 0.1811 1.583, 1.7051 0.1769 1.5855, 1.7055 0.1769 1.5856, 1.7048 0.1757 1.5868, 1.7052 0.1757 1.5869, 1.7046 0.1748 1.5884, 1.7049 0.1748 1.5885, 1.7042 0.1744 1.5902, 1.7046 0.1744 1.5903, 1.704 0.1743 1.5918, 1.7043 0.1743 1.5919, 1.7036 0.1745 1.5937, 1.704 0.1745 1.5938, 1.7033 0.1751 1.5953, 1.7037 0.1751 1.5954, 1.7031 0.1761 1.5968, 1.7035 0.1761 1.5969, 1.7028 0.1779 1.5984, 1.7032 0.1779 1.5985, 1.7026 0.1806 1.5998, 1.7029 0.1806 1.5999, 1.7024 0.1838 1.6007, 1.7028 0.1838 1.6007, 1.7024 0.1874 1.6009, 1.7027 0.1874 1.601, 1.7025 0.1951 1.6001, 1.7029 0.1951 1.6002, 1.7029 0.2019 1.5977, 1.7033 0.2019 1.5977, 1.7032 0.2048 1.596, 1.7036 0.2048 1.5961, 1.7016 0.2048 1.6076, 1.7012 0.2048 1.6075, 1.7008 0.197 1.6098, 1.7012 0.197 1.6099, 1.7007 0.1886 1.6105, 1.701 0.1886 1.6106, 1.7008 0.1802 1.6097, 1.7012 0.1802 1.6098, 1.7012 0.1735 1.6074, 1.7016 0.1735 1.6075, 1.7016 0.1696 1.6052, 1.702 0.1696 1.6052, 1.7026 0.166 1.6021, 1.702 0.1673 1.6032, 1.7022 0.166 1.602, 1.7027 0.1638 1.5988, 1.7031 0.1638 1.5989, 1.7034 0.1623 1.595, 1.7038 0.1623 1.5951, 1.7041 0.1619 1.5908, 1.7045 0.1619 1.5908, 1.705 0.1624 1.5862, 1.7053 0.1624 1.5862, 1.7056 0.1637 1.5825, 1.706 0.1637 1.5826, 1.706 0.1653 1.5801, 1.7064 0.1653 1.5801, 1.7076 0.1801 1.5711, 1.708 0.1801 1.5712, 1.7074 0.1729 1.5744, 1.7064 0.1672 1.578, 1.7068 0.1672 1.5781, 1.7064 0.1673 1.578, 1.707 0.1729 1.5744, 1.7082 0.188 1.5679, 1.7086 0.188 1.5679, 1.7087 0.1927 1.5651, 1.7091 0.1927 1.5651, 1.7089 0.1942 1.5635, 1.7093 0.1942 1.5636, 1.7092 0.1951 1.562, 1.7096 0.1951 1.562, 1.7096 0.1957 1.5601, 1.7099 0.1957 1.5602, 1.7098 0.1958 1.5586, 1.7102 0.1958 1.5587, 1.7102 0.1955 1.5564, 1.7106 0.1955 1.5564, 1.7105 0.1949 1.5547, 1.7109 0.1949 1.5548, 1.7108 0.1939 1.5532, 1.7112 0.1939 1.5532, 1.711 0.1925 1.5519, 1.7114 0.1925 1.552, 1.7111 0.1914 1.5513, 1.7115 0.1914 1.5514, 1.7113 0.1883 1.5502, 1.7117 0.1883 1.5502, 1.7114 0.1821 1.5495, 1.7118 0.1821 1.5496, 1.7013 0.2678 1.6091, 1.7013 0.2803 1.6091, 1.7009 0.2678 1.609, 1.7009 0.2803 1.609, 1.7103 0.249 1.5582, 1.7099 0.249 1.5581, 1.7105 0.2481 1.555, 1.7108 0.2481 1.555, 1.7109 0.2476 1.5526, 1.7113 0.2476 1.5527, 1.7113 0.2473 1.5527, 1.7109 0.2473 1.5526, 1.7103 0.2458 1.5583, 1.7099 0.2458 1.5582, 1.7009 0.2279 1.609, 1.7013 0.2279 1.6091, 1.7038 0.2337 1.5925, 1.7013 0.2144 1.6091, 1.7009 0.2144 1.609, 1.7128 0.2413 1.5416, 1.7132 0.2413 1.5416, 1.7094 0.2337 1.5607, 1.715 0.236 1.5293, 1.7154 0.236 1.5293, 1.713 0.2409 1.5406, 1.7157 0.2337 1.525, 1.7161 0.2336 1.525, 1.7157 0.2336 1.525, 1.7162 0.2314 1.5225, 1.7166 0.2314 1.5226, 1.7164 0.2294 1.5211, 1.7168 0.2294 1.5212, 1.7166 0.2267 1.5201, 1.717 0.2267 1.5202, 1.7167 0.2237 1.5197, 1.7171 0.2237 1.5198, 1.7166 0.2193 1.5203, 1.717 0.2193 1.5204, 1.7164 0.2169 1.5211, 1.7168 0.2169 1.5212, 1.7187 0.2169 1.5106, 1.7183 0.2169 1.5105, 1.7184 0.222 1.5097, 1.7188 0.222 1.5097, 1.7185 0.2246 1.5096, 1.7188 0.2246 1.5096, 1.7184 0.2295 1.5101, 1.7181 0.2337 1.5117, 1.7184 0.2342 1.512, 1.7188 0.2295 1.5102, 1.718 0.2342 1.5119, 1.7175 0.2384 1.5148, 1.7179 0.2384 1.5149, 1.7174 0.2393 1.5155, 1.7178 0.2393 1.5156, 1.7165 0.2437 1.5208, 1.7169 0.2437 1.5208, 1.7146 0.2491 1.5312, 1.715 0.2491 1.5313, 1.713 0.2529 1.5406, 1.7113 0.3449 1.5523, 1.7132 0.3449 1.5415, 1.7109 0.3449 1.5522, 1.7128 0.3449 1.5414, 1.7109 0.3056 1.5522, 1.7113 0.3056 1.5523, 1.7109 0.3236 1.5522, 1.7057 0.3056 1.5841, 1.7053 0.3056 1.584, 1.7053 0.34 1.584, 1.7057 0.34 1.5841, 1.7053 0.3236 1.584, 1.7038 0.34 1.5949, 1.7034 0.34 1.5949, 1.7034 0.3056 1.5949, 1.7038 0.3056 1.5949, 1.7034 0.3236 1.5949, 1.6985 0.3056 1.6252, 1.6981 0.3056 1.6252, 1.6981 0.3427 1.6252, 1.6985 0.3427 1.6252, 1.6981 0.3236 1.6252, 1.6966 0.3427 1.6361, 1.6962 0.3427 1.636, 1.6962 0.2932 1.636, 1.6966 0.2932 1.6361, 1.6962 0.3236 1.636, 1.7132 0.2932 1.5415, 1.7128 0.2932 1.5414, 1.7128 0.3236 1.5414, 1.7109 0.4268 1.5547, 1.7098 0.4169 1.5611, 1.7121 0.4167 1.5476, 1.7105 0.4107 1.5569, 1.7129 0.4058 1.5434, 1.7111 0.4027 1.5538, 1.7132 0.3895 1.5415, 1.7113 0.3894 1.5523, 1.7132 0.3631 1.5415, 1.7113 0.3755 1.5523, 1.6966 0.3631 1.6361, 1.6985 0.3755 1.6252, 1.6966 0.3905 1.6361, 1.6985 0.39 1.6252, 1.6985 0.391 1.6252, 1.6968 0.4051 1.6345, 1.6987 0.4033 1.6236, 1.6976 0.4167 1.6303, 1.6993 0.4115 1.6205, 1.6988 0.4268 1.6236, 1.7 0.4177 1.6163, 1.6993 0.4302 1.6203, 1.7005 0.4204 1.6137, 1.7008 0.4361 1.612, 1.7014 0.4241 1.6084, 1.7024 0.4397 1.603, 1.7027 0.4268 1.6015, 1.7047 0.4413 1.59, 1.7047 0.4282 1.5897, 1.7057 0.441 1.584, 1.7059 0.4279 1.5831, 1.7077 0.4387 1.5729, 1.7074 0.4259 1.5746, 1.7094 0.4339 1.5631, 1.7086 0.4225 1.5676, 1.7096 0.418 1.5621, 1.7128 0.3895 1.5414, 1.7128 0.3631 1.5414, 1.7125 0.4058 1.5434, 1.7118 0.4167 1.5476, 1.7105 0.4268 1.5547, 1.709 0.4339 1.563, 1.7073 0.4387 1.5728, 1.7054 0.441 1.5839, 1.7043 0.4413 1.5899, 1.702 0.4397 1.603, 1.7004 0.4361 1.612, 1.6989 0.4302 1.6202, 1.6984 0.4268 1.6235, 1.6972 0.4167 1.6303, 1.6964 0.4051 1.6344, 1.6962 0.3905 1.636, 1.6962 0.3631 1.636, 1.6981 0.39 1.6252, 1.6981 0.3755 1.6252, 1.7109 0.3755 1.5522, 1.7109 0.3894 1.5522, 1.7092 0.418 1.5621, 1.7094 0.4169 1.561, 1.7101 0.4107 1.5568, 1.7107 0.4027 1.5538, 1.7044 0.4282 1.5896, 1.7055 0.4279 1.5831, 1.707 0.4259 1.5745, 1.7082 0.4225 1.5676, 1.6997 0.4177 1.6162, 1.7001 0.4204 1.6136, 1.701 0.4241 1.6083, 1.7023 0.4268 1.6014, 1.6981 0.391 1.6251, 1.6984 0.4033 1.6236, 1.6989 0.4115 1.6205
            ]
        }
        coordIndex [
            0,1,2,-1,3,4,2,-1,2,4,5,-1,2,5,0,-1,3,6,4,-1,4,6,7,-1,4,7,8,-1,9,8,10,-1,10,8,7,-1,11,9,12,-1,12,9,10,-1,13,14,15,-1,15,14,11,-1,15,11,16,-1,16,11,12,-1,17,14,18,-1,18,14,13,-1,18,19,17,-1,17,19,20,-1,17,20,21,-1,21,20,22,-1,21,22,23,-1,23,22,24,-1,23,24,25,-1,25,24,26,-1,25,26,27,-1,27,26,28,-1,27,28,29,-1,29,28,30,-1,29,30,31,-1,31,30,32,-1,31,32,33,-1,33,32,34,-1,33,34,35,-1,35,34,36,-1,35,36,37,-1,37,36,38,-1,37,38,39,-1,39,38,40,-1,39,40,41,-1,41,40,42,-1,41,42,43,-1,43,42,44,-1,43,44,45,-1,45,44,46,-1,45,46,47,-1,47,46,48,-1,47,48,49,-1,49,48,50,-1,49,50,51,-1,51,50,52,-1,51,52,53,-1,53,52,54,-1,53,54,55,-1,55,54,56,-1,55,56,57,-1,57,56,58,-1,57,58,59,-1,59,58,60,-1,59,60,61,-1,61,60,62,-1,61,62,63,-1,63,62,64,-1,63,64,65,-1,65,64,66,-1,65,66,67,-1,67,66,68,-1,67,68,69,-1,69,68,70,-1,69,70,71,-1,71,70,72,-1,71,72,73,-1,73,72,74,-1,73,74,75,-1,76,75,77,-1,77,75,74,-1,76,77,78,-1,76,78,79,-1,79,78,80,-1,79,80,81,-1,81,80,82,-1,81,82,83,-1,83,82,84,-1,83,84,85,-1,85,84,86,-1,85,86,87,-1,88,87,89,-1,89,87,86,-1,89,90,88,-1,88,90,91,-1,88,91,92,-1,92,91,93,-1,92,93,94,-1,94,93,95,-1,94,95,96,-1,96,95,97,-1,96,97,98,-1,98,97,99,-1,98,99,100,-1,100,99,101,-1,100,101,102,-1,103,104,105,-1,102,101,106,-1,102,106,107,-1,107,106,108,-1,107,108,105,-1,105,108,109,-1,105,109,103,-1,104,103,110,-1,104,110,111,-1,111,110,112,-1,111,112,113,-1,113,112,114,-1,113,114,115,-1,115,114,116,-1,115,116,117,-1,117,116,118,-1,117,118,119,-1,119,118,120,-1,119,120,121,-1,121,120,122,-1,121,122,123,-1,123,122,124,-1,123,124,125,-1,125,124,126,-1,125,126,127,-1,127,126,128,-1,127,128,129,-1,129,128,130,-1,129,130,131,-1,131,130,132,-1,131,132,133,-1,133,132,134,-1,133,134,135,-1,135,134,1,-1,135,1,0,-1,61,63,85,-1,85,63,83,-1,111,43,104,-1,104,43,45,-1,21,23,127,-1,127,23,25,-1,127,25,125,-1,125,25,27,-1,125,27,123,-1,123,27,29,-1,123,29,121,-1,121,29,31,-1,121,31,119,-1,119,31,33,-1,119,33,117,-1,117,33,35,-1,117,35,115,-1,115,35,37,-1,115,37,113,-1,113,37,39,-1,113,39,111,-1,111,39,41,-1,111,41,43,-1,14,0,11,-1,11,0,5,-1,11,5,9,-1,9,5,4,-1,9,4,8,-1,63,65,83,-1,83,65,67,-1,83,67,81,-1,81,67,69,-1,81,69,79,-1,79,69,71,-1,79,71,76,-1,76,71,73,-1,76,73,75,-1,127,129,21,-1,21,129,131,-1,21,131,17,-1,17,131,133,-1,17,133,14,-1,14,133,135,-1,14,135,0,-1,85,87,61,-1,61,87,88,-1,61,88,59,-1,59,88,92,-1,59,92,57,-1,57,92,94,-1,57,94,55,-1,55,94,96,-1,55,96,53,-1,53,96,98,-1,53,98,51,-1,51,98,100,-1,51,100,49,-1,49,100,102,-1,49,102,47,-1,47,102,107,-1,47,107,45,-1,45,107,105,-1,45,105,104,-1,136,137,138,-1,138,137,139,-1,140,136,141,-1,141,136,138,-1,140,141,142,-1,140,142,143,-1,143,142,144,-1,143,144,145,-1,146,145,147,-1,147,145,144,-1,148,146,149,-1,149,146,147,-1,150,151,152,-1,152,151,148,-1,152,148,149,-1,153,151,154,-1,154,151,150,-1,155,156,157,-1,157,156,153,-1,157,153,154,-1,158,159,160,-1,160,159,156,-1,160,156,155,-1,158,161,159,-1,159,161,162,-1,161,163,162,-1,162,163,164,-1,162,164,165,-1,165,164,166,-1,165,166,167,-1,167,166,168,-1,167,168,169,-1,169,168,170,-1,169,170,171,-1,171,170,172,-1,171,172,173,-1,173,172,174,-1,173,174,175,-1,176,175,177,-1,177,175,174,-1,176,177,178,-1,176,178,179,-1,179,178,180,-1,179,180,181,-1,181,180,182,-1,183,184,182,-1,182,184,185,-1,182,185,181,-1,183,186,184,-1,184,186,187,-1,184,187,188,-1,188,187,189,-1,188,189,190,-1,190,189,191,-1,190,191,192,-1,192,191,193,-1,192,193,194,-1,139,137,195,-1,195,137,194,-1,195,194,193,-1,143,145,194,-1,137,136,194,-1,194,136,140,-1,194,140,143,-1,151,153,148,-1,148,153,156,-1,148,156,146,-1,175,176,173,-1,173,176,179,-1,173,179,171,-1,171,179,181,-1,171,181,169,-1,169,181,185,-1,169,185,167,-1,167,185,184,-1,167,184,165,-1,145,146,194,-1,194,146,156,-1,194,156,192,-1,156,159,192,-1,192,159,162,-1,192,162,190,-1,190,162,165,-1,190,165,188,-1,188,165,184,-1,196,197,198,-1,198,197,199,-1,200,201,202,-1,202,201,196,-1,202,196,198,-1,203,201,204,-1,204,201,200,-1,205,206,207,-1,207,206,203,-1,207,203,204,-1,208,206,209,-1,209,206,205,-1,210,211,212,-1,212,211,208,-1,212,208,209,-1,213,211,214,-1,214,211,210,-1,215,216,217,-1,217,216,213,-1,217,213,214,-1,218,216,219,-1,219,216,215,-1,220,221,222,-1,222,221,218,-1,222,218,219,-1,223,221,224,-1,224,221,220,-1,199,197,225,-1,225,197,223,-1,225,223,224,-1,223,197,196,-1,196,201,223,-1,223,201,203,-1,223,203,221,-1,216,218,213,-1,213,218,221,-1,213,221,211,-1,211,221,203,-1,211,203,208,-1,208,203,206,-1,226,227,228,-1,228,227,229,-1,228,229,230,-1,230,229,231,-1,230,231,232,-1,232,231,233,-1,232,233,234,-1,234,233,235,-1,234,235,236,-1,236,235,237,-1,236,237,238,-1,237,239,238,-1,238,239,240,-1,238,240,241,-1,241,240,242,-1,241,242,243,-1,243,242,244,-1,243,244,245,-1,245,244,246,-1,245,246,247,-1,247,246,248,-1,247,248,249,-1,249,248,250,-1,249,250,251,-1,251,250,252,-1,251,252,253,-1,253,252,254,-1,253,254,255,-1,255,254,256,-1,255,256,257,-1,257,256,258,-1,257,258,259,-1,259,258,260,-1,259,260,226,-1,226,260,261,-1,226,261,227,-1,232,234,262,-1,262,234,263,-1,232,262,264,-1,232,264,230,-1,230,264,265,-1,230,265,228,-1,228,265,266,-1,228,266,226,-1,226,266,267,-1,226,267,259,-1,259,267,268,-1,259,268,257,-1,257,268,269,-1,257,269,255,-1,255,269,270,-1,255,270,253,-1,253,270,271,-1,253,271,251,-1,251,271,272,-1,251,272,249,-1,249,272,273,-1,249,273,247,-1,247,273,274,-1,247,274,245,-1,245,274,275,-1,245,275,243,-1,243,275,276,-1,243,276,241,-1,241,276,277,-1,241,277,238,-1,236,238,278,-1,278,238,277,-1,234,236,263,-1,263,236,278,-1,239,237,279,-1,279,237,280,-1,237,235,280,-1,280,235,281,-1,235,233,281,-1,281,233,282,-1,261,283,284,-1,261,284,227,-1,227,284,285,-1,227,285,229,-1,229,285,286,-1,229,286,231,-1,231,286,282,-1,231,282,233,-1,254,287,288,-1,254,288,256,-1,256,288,289,-1,256,289,258,-1,258,289,290,-1,258,290,260,-1,260,290,283,-1,260,283,261,-1,246,291,292,-1,246,292,248,-1,248,292,293,-1,248,293,250,-1,250,293,294,-1,250,294,252,-1,252,294,287,-1,252,287,254,-1,239,279,295,-1,239,295,240,-1,240,295,296,-1,240,296,242,-1,242,296,297,-1,242,297,244,-1,244,297,291,-1,244,291,246,-1,
        ]
    }
}
Shape{
    appearance Appearance {
        material  Material 	{
            diffuseColor 1.0 1.0 1.0
            specularColor 0.5019607843137255 0.5019607843137255 0.5019607843137255
            ambientIntensity 1.0
            transparency 0.0
            shininess 0.5
        }
    }
    geometry IndexedFaceSet {
        ccw TRUE
        solid FALSE
        coord DEF co Coordinate {
            point [
                1.7101 0.4107 1.5568, 1.7094 0.4169 1.561, 1.6981 0.391 1.6251, 1.6981 0.3755 1.6252, 1.7109 0.3755 1.5522, 1.6981 0.39 1.6252, 1.7109 0.3894 1.5522, 1.7107 0.4027 1.5538, 1.7092 0.418 1.5621, 1.7082 0.4225 1.5676, 1.707 0.4259 1.5745, 1.7044 0.4282 1.5896, 1.6997 0.4177 1.6162, 1.6989 0.4115 1.6205, 1.7023 0.4268 1.6014, 1.701 0.4241 1.6083, 1.7001 0.4204 1.6136, 1.7055 0.4279 1.5831, 1.6984 0.4033 1.6236
            ]
        }
        coordIndex [
            0,1,2,-1,3,4,5,-1,5,4,6,-1,5,6,2,-1,2,6,7,-1,2,7,0,-1,1,8,2,-1,2,8,9,-1,2,9,10,-1,11,12,13,-1,14,15,11,-1,11,15,16,-1,11,16,12,-1,10,17,2,-1,2,17,11,-1,2,11,18,-1,18,11,13,-1,
        ]
    }
}
Shape{
    appearance Appearance {
        material  Material 	{
            diffuseColor 0.0 0.0 0.0
            specularColor 0.0 0.0 0.0
            ambientIntensity 0.0
            transparency 0.0
            shininess 0.5
        }
    }
    geometry IndexedFaceSet {
        ccw TRUE
        solid FALSE
        coord DEF co Coordinate {
            point [
                1.7068 0.4735 1.5781, 1.7087 0.4696 1.5674, 1.7068 0.5057 1.5781, 1.7087 0.5096 1.5674, 1.6999 0.4879 1.6174, 1.6966 0.4832 1.6361, 1.7132 0.4466 1.5415, 1.7132 0.4603 1.5415, 1.6994 0.4887 1.6202, 1.6987 0.4894 1.624, 1.6966 0.4965 1.6361, 1.6987 0.4897 1.624, 1.6994 0.4905 1.62, 1.6999 0.4912 1.6174, 1.7132 0.5331 1.5415, 1.7132 0.5194 1.5415, 1.6962 0.4965 1.636, 1.7128 0.5331 1.5414, 1.6962 0.4832 1.636, 1.7128 0.4466 1.5414, 1.7128 0.4603 1.5414, 1.7083 0.4696 1.5673, 1.7083 0.5096 1.5673, 1.7128 0.5194 1.5414, 1.7064 0.4735 1.578, 1.7064 0.5057 1.578, 1.6995 0.4912 1.6173, 1.6983 0.4897 1.6239, 1.699 0.4905 1.6199, 1.6983 0.4894 1.6239, 1.6995 0.4879 1.6173, 1.699 0.4887 1.6201
            ]
        }
        coordIndex [
            0,1,2,-1,2,1,3,-1,4,5,0,-1,0,5,6,-1,0,6,1,-1,1,6,7,-1,4,8,5,-1,5,8,9,-1,5,9,10,-1,10,9,11,-1,10,11,12,-1,12,13,10,-1,10,13,2,-1,10,2,14,-1,14,2,3,-1,14,3,15,-1,10,14,16,-1,16,14,17,-1,5,10,18,-1,18,10,16,-1,6,5,19,-1,19,5,18,-1,7,6,20,-1,20,6,19,-1,1,7,21,-1,21,7,20,-1,3,1,22,-1,22,1,21,-1,15,3,23,-1,23,3,22,-1,14,15,17,-1,17,15,23,-1,0,2,24,-1,24,2,25,-1,2,13,25,-1,25,13,26,-1,11,27,28,-1,11,28,12,-1,12,28,26,-1,12,26,13,-1,11,9,27,-1,27,9,29,-1,4,30,31,-1,4,31,8,-1,8,31,29,-1,8,29,9,-1,4,0,30,-1,30,0,24,-1,
        ]
    }
}
Shape{
    appearance Appearance {
        material  Material 	{
            diffuseColor 1.0 1.0 1.0
            specularColor 0.5019607843137255 0.5019607843137255 0.5019607843137255
            ambientIntensity 1.0
            transparency 0.0
            shininess 0.5
        }
    }
    geometry IndexedFaceSet {
        ccw TRUE
        solid FALSE
        coord DEF co Coordinate {
            point [
                1.6983 0.4897 1.6239, 1.6983 0.4894 1.6239, 1.699 0.4905 1.6199, 1.699 0.4887 1.6201, 1.6995 0.4912 1.6173, 1.6995 0.4879 1.6173, 1.7064 0.5057 1.578, 1.7064 0.4735 1.578
            ]
        }
        coordIndex [
            0,1,2,-1,2,1,3,-1,2,3,4,-1,4,3,5,-1,4,5,6,-1,6,5,7,-1,
        ]
    }
}
Shape{
    appearance Appearance {
        material  Material 	{
            diffuseColor 0.0 0.0 0.0
            specularColor 0.0 0.0 0.0
            ambientIntensity 0.0
            transparency 0.0
            shininess 0.5
        }
    }
    geometry IndexedFaceSet {
        ccw TRUE
        solid FALSE
        coord DEF co Coordinate {
            point [
                1.7156 -0.3972 1.5281, 1.7178 -0.387 1.5157, 1.7051 -0.4034 1.5876, 1.6845 -0.4152 1.7045, 1.6831 -0.4 1.7124, 1.6758 -0.4036 1.7538, 1.7161 -0.2833 1.5254, 1.7134 -0.2752 1.5404, 1.7105 -0.2712 1.557, 1.6755 -0.361 1.7558, 1.6841 -0.3398 1.7067, 1.6804 -0.3294 1.7279, 1.7035 -0.4183 1.5966, 1.7126 -0.4127 1.545, 1.7131 -0.4041 1.5425, 1.6752 -0.3767 1.7571, 1.6993 -0.1752 1.6205, 1.693 -0.1964 1.6562, 1.7081 -0.2708 1.5708, 1.7013 -0.2879 1.6091, 1.7093 -0.2708 1.564, 1.7198 -0.3074 1.5045, 1.7181 -0.2938 1.5138, 1.7128 -0.3577 1.5439, 1.7135 -0.3523 1.5402, 1.7195 -0.3737 1.5058, 1.7139 -0.346 1.5378, 1.7076 -0.3153 1.5737, 1.7086 -0.3135 1.5675, 1.7098 -0.3133 1.561, 1.7109 -0.3148 1.5545, 1.712 -0.3178 1.5486, 1.6876 -0.1527 1.6871, 1.6876 -0.1472 1.6871, 1.6811 -0.1192 1.7235, 1.6878 -0.1342 1.6856, 1.6813 -0.1158 1.7224, 1.6886 -0.1223 1.681, 1.6831 -0.0955 1.7124, 1.6858 -0.077 1.697, 1.6726 -0.347 1.7718, 1.6772 -0.3141 1.746, 1.6702 -0.331 1.7854, 1.6749 -0.2958 1.7591, 1.6682 -0.3114 1.797, 1.6824 -0.3831 1.7164, 1.6823 -0.376 1.7167, 1.6753 -0.3689 1.7567, 1.6827 -0.36 1.7148, 1.6836 -0.3447 1.7093, 1.7098 -0.3663 1.5607, 1.7109 -0.3649 1.5545, 1.7119 -0.3621 1.5489, 1.7207 -0.3579 1.4993, 1.7211 -0.3418 1.4968, 1.714 -0.3398 1.5371, 1.7211 -0.3392 1.4967, 1.7139 -0.3333 1.5379, 1.7208 -0.3226 1.4988, 1.7135 -0.3274 1.5402, 1.7128 -0.3221 1.5437, 1.708 -0.0768 1.5714, 1.7032 -0.1087 1.5981, 1.7107 -0.0954 1.5559, 1.7047 -0.1188 1.59, 1.7125 -0.1163 1.5459, 1.7057 -0.1308 1.5845, 1.7133 -0.139 1.5412, 1.7061 -0.1431 1.5822, 1.7133 -0.1793 1.5412, 1.7061 -0.1738 1.5822, 1.7132 -0.1831 1.5418, 1.6899 -0.1117 1.6738, 1.6914 -0.1038 1.6651, 1.6892 -0.063 1.6778, 1.6935 -0.0974 1.6535, 1.6928 -0.0547 1.6573, 1.6958 -0.0942 1.6406, 1.6967 -0.0516 1.6353, 1.6968 -0.0939 1.6347, 1.7009 -0.0547 1.6113, 1.6991 -0.0955 1.6216, 1.7047 -0.0633 1.59, 1.7012 -0.1003 1.6096, 1.7031 -0.1078 1.5991, 1.6718 -0.1561 1.7766, 1.6772 -0.1828 1.7457, 1.6766 -0.1324 1.7492, 1.6804 -0.1674 1.7275, 1.6843 -0.1568 1.7059, 1.6913 -0.4423 1.6657, 1.6933 -0.4872 1.6546, 1.6942 -0.4444 1.6495, 1.6944 -0.4874 1.6481, 1.696 -0.4435 1.6391, 1.6991 -0.4841 1.6218, 1.6989 -0.4386 1.6226, 1.7035 -0.4743 1.5967, 1.7013 -0.4305 1.609, 1.7074 -0.4587 1.5748, 1.7105 -0.4374 1.5569, 1.7087 -0.3662 1.5673, 1.7076 -0.3644 1.5736, 1.7026 -0.3958 1.602, 1.7066 -0.361 1.5793, 1.7003 -0.3845 1.6148, 1.7059 -0.3576 1.5828, 1.6986 -0.3706 1.6243, 1.7053 -0.3523 1.5865, 1.6976 -0.3555 1.63, 1.7049 -0.3463 1.5888, 1.6973 -0.3392 1.632, 1.7048 -0.3398 1.5896, 1.6974 -0.3308 1.6315, 1.7048 -0.3352 1.5892, 1.6981 -0.3144 1.6275, 1.7052 -0.3288 1.5872, 1.6994 -0.2999 1.6198, 1.7058 -0.3231 1.5837, 1.7066 -0.3185 1.5791, 1.6662 -0.2797 1.8082, 1.6733 -0.2734 1.768, 1.6656 -0.249 1.8116, 1.6727 -0.2483 1.7712, 1.6663 -0.2165 1.8077, 1.6732 -0.2251 1.7684, 1.6686 -0.1826 1.7948, 1.6746 -0.2037 1.7604, 1.677 -0.1845 1.7472, 1.6775 -0.4289 1.7442, 1.6801 -0.4507 1.7291, 1.6863 -0.427 1.6942, 1.6809 -0.4553 1.7248, 1.6887 -0.4365 1.6808, 1.6846 -0.4717 1.7041, 1.6888 -0.4826 1.6799, 1.7059 -0.1773 1.5828, 1.712 -0.1937 1.5482, 1.7123 -0.1921 1.5466, 1.706 -0.1752 1.5824, 1.7129 -0.1877 1.5435, 1.7096 -0.1991 1.562, 1.7105 -0.1985 1.557, 1.7113 -0.1967 1.5524, 1.7061 -0.1832 1.5822, 1.7064 -0.1879 1.5804, 1.7091 -0.1989 1.5647, 1.7069 -0.1921 1.5774, 1.7074 -0.1949 1.5744, 1.7082 -0.1976 1.5698, 1.7059 -0.1779 1.5829, 1.6963 -0.0516 1.6353, 1.6924 -0.0547 1.6572, 1.6914 -0.057 1.663, 1.6888 -0.063 1.6778, 1.6854 -0.077 1.6969, 1.6827 -0.0955 1.7123, 1.681 -0.1158 1.7223, 1.6808 -0.1192 1.7234, 1.6762 -0.1324 1.7492, 1.6714 -0.1561 1.7766, 1.6696 -0.1713 1.7869, 1.6682 -0.1826 1.7947, 1.6659 -0.2165 1.8076, 1.6652 -0.249 1.8115, 1.6698 -0.331 1.7853, 1.6696 -0.3282 1.7869, 1.6678 -0.3114 1.7969, 1.6658 -0.2797 1.8082, 1.6722 -0.347 1.7718, 1.6751 -0.361 1.7557, 1.6749 -0.3689 1.7566, 1.6748 -0.3767 1.757, 1.6754 -0.4036 1.7538, 1.6771 -0.4289 1.7441, 1.6798 -0.4507 1.7291, 1.6805 -0.4553 1.7247, 1.694 -0.4874 1.6481, 1.6842 -0.4717 1.704, 1.6884 -0.4826 1.6798, 1.6914 -0.4857 1.663, 1.6929 -0.4872 1.6545, 1.6987 -0.4841 1.6217, 1.7031 -0.4743 1.5967, 1.707 -0.4587 1.5747, 1.7101 -0.4374 1.5568, 1.7122 -0.4127 1.545, 1.7127 -0.4041 1.5424, 1.713 -0.4032 1.5406, 1.7152 -0.3972 1.528, 1.7174 -0.387 1.5156, 1.7191 -0.3737 1.5057, 1.7196 -0.3674 1.5031, 1.7203 -0.3579 1.4992, 1.7207 -0.3418 1.4967, 1.7207 -0.3392 1.4967, 1.7089 -0.2708 1.564, 1.7204 -0.3226 1.4987, 1.7196 -0.3109 1.5031, 1.7194 -0.3074 1.5044, 1.7177 -0.2938 1.5138, 1.7157 -0.2833 1.5254, 1.713 -0.2752 1.5404, 1.713 -0.2751 1.5406, 1.7101 -0.2712 1.557, 1.7077 -0.2708 1.5707, 1.6989 -0.1752 1.6205, 1.6926 -0.1964 1.6561, 1.7009 -0.2879 1.609, 1.699 -0.2999 1.6197, 1.6977 -0.3144 1.6274, 1.697 -0.3308 1.6314, 1.6969 -0.3392 1.6319, 1.6972 -0.3555 1.6299, 1.6982 -0.3706 1.6242, 1.6999 -0.3845 1.6147, 1.7022 -0.3958 1.602, 1.7047 -0.4034 1.5875, 1.7031 -0.4183 1.5965, 1.7009 -0.4305 1.6089, 1.6985 -0.4386 1.6226, 1.6956 -0.4435 1.639, 1.6938 -0.4444 1.6494, 1.6914 -0.4427 1.663, 1.6909 -0.4423 1.6657, 1.6883 -0.4365 1.6807, 1.6859 -0.427 1.6941, 1.6841 -0.4152 1.7044, 1.6827 -0.4 1.7124, 1.682 -0.3831 1.7163, 1.6819 -0.376 1.7167, 1.6823 -0.36 1.7147, 1.6833 -0.3447 1.7092, 1.6837 -0.3398 1.7066, 1.68 -0.3294 1.7279, 1.6768 -0.3141 1.7459, 1.6745 -0.2958 1.7591, 1.6729 -0.2734 1.768, 1.6723 -0.2483 1.7712, 1.6728 -0.2251 1.7684, 1.6743 -0.2037 1.7603, 1.6766 -0.1845 1.7472, 1.6768 -0.1828 1.7456, 1.68 -0.1674 1.7275, 1.6839 -0.1568 1.7058, 1.6872 -0.1527 1.6871, 1.6872 -0.1472 1.6871, 1.6874 -0.1342 1.6855, 1.6882 -0.1223 1.681, 1.6895 -0.1117 1.6737, 1.6911 -0.1038 1.665, 1.6914 -0.1027 1.663, 1.6931 -0.0974 1.6534, 1.6954 -0.0942 1.6405, 1.6964 -0.0939 1.6346, 1.6987 -0.0955 1.6215, 1.7008 -0.1003 1.6095, 1.7027 -0.1078 1.599, 1.7029 -0.1087 1.5981, 1.7043 -0.1188 1.5899, 1.7053 -0.1308 1.5844, 1.7057 -0.1431 1.5821, 1.7057 -0.1738 1.5821, 1.7056 -0.1752 1.5823, 1.7056 -0.1773 1.5827, 1.7056 -0.1779 1.5828, 1.7057 -0.1832 1.5821, 1.706 -0.1879 1.5803, 1.7065 -0.1921 1.5774, 1.707 -0.1949 1.5743, 1.7079 -0.1976 1.5697, 1.7088 -0.1989 1.5646, 1.7092 -0.1991 1.5619, 1.7101 -0.1985 1.5569, 1.7109 -0.1967 1.5524, 1.7117 -0.1937 1.5481, 1.7119 -0.1921 1.5465, 1.7125 -0.1877 1.5434, 1.7128 -0.1831 1.5417, 1.7129 -0.1793 1.5411, 1.7129 -0.139 1.5411, 1.7121 -0.1163 1.5458, 1.7103 -0.0954 1.5559, 1.7076 -0.0768 1.5714, 1.7043 -0.0633 1.59, 1.7005 -0.0547 1.6112, 1.7044 -0.3398 1.5895, 1.7044 -0.3352 1.5891, 1.7048 -0.3288 1.5871, 1.7054 -0.3231 1.5837, 1.7062 -0.3185 1.579, 1.7072 -0.3153 1.5736, 1.7083 -0.3135 1.5675, 1.7094 -0.3133 1.561, 1.7105 -0.3148 1.5545, 1.7116 -0.3178 1.5486, 1.7124 -0.3221 1.5437, 1.7131 -0.3274 1.5401, 1.7135 -0.3333 1.5378, 1.7136 -0.3398 1.537, 1.7135 -0.346 1.5378, 1.7131 -0.3523 1.5401, 1.7124 -0.3577 1.5439, 1.7115 -0.3621 1.5488, 1.7106 -0.3649 1.5544, 1.7095 -0.3663 1.5606, 1.7083 -0.3662 1.5672, 1.7072 -0.3644 1.5736, 1.7062 -0.361 1.5793, 1.7056 -0.3576 1.5828, 1.7049 -0.3523 1.5865, 1.7045 -0.3463 1.5887
            ]
        }
        coordIndex [
            0,1,2,-1,3,4,5,-1,6,7,8,-1,9,10,11,-1,12,13,2,-1,2,13,14,-1,2,14,0,-1,5,4,15,-1,16,17,18,-1,18,17,19,-1,18,19,20,-1,20,19,21,-1,20,21,8,-1,8,21,22,-1,8,22,6,-1,23,1,24,-1,24,1,25,-1,24,25,26,-1,27,28,19,-1,19,28,29,-1,19,29,21,-1,21,29,30,-1,21,30,31,-1,32,33,34,-1,34,33,35,-1,34,35,36,-1,36,35,37,-1,36,37,38,-1,38,37,39,-1,9,11,40,-1,40,11,41,-1,40,41,42,-1,42,41,43,-1,42,43,44,-1,4,45,15,-1,15,45,46,-1,15,46,47,-1,47,46,48,-1,47,48,9,-1,9,48,49,-1,9,49,10,-1,50,2,51,-1,51,2,1,-1,51,1,52,-1,52,1,23,-1,25,53,26,-1,26,53,54,-1,26,54,55,-1,55,54,56,-1,55,56,57,-1,57,56,58,-1,57,58,59,-1,59,58,21,-1,59,21,60,-1,60,21,31,-1,61,62,63,-1,63,62,64,-1,63,64,65,-1,65,64,66,-1,65,66,67,-1,67,66,68,-1,67,68,69,-1,69,68,70,-1,69,70,71,-1,37,72,39,-1,39,72,73,-1,39,73,74,-1,74,73,75,-1,74,75,76,-1,76,75,77,-1,76,77,78,-1,78,77,79,-1,78,79,80,-1,80,79,81,-1,80,81,82,-1,82,81,83,-1,82,83,61,-1,61,83,84,-1,61,84,62,-1,85,86,87,-1,87,86,88,-1,87,88,34,-1,34,88,89,-1,34,89,32,-1,90,91,92,-1,92,91,93,-1,92,93,94,-1,94,93,95,-1,94,95,96,-1,96,95,97,-1,96,97,98,-1,98,97,99,-1,98,99,12,-1,12,99,100,-1,12,100,13,-1,50,101,2,-1,2,101,102,-1,2,102,103,-1,103,102,104,-1,103,104,105,-1,105,104,106,-1,105,106,107,-1,107,106,108,-1,107,108,109,-1,109,108,110,-1,109,110,111,-1,111,110,112,-1,111,112,113,-1,113,112,114,-1,113,114,115,-1,115,114,116,-1,115,116,117,-1,117,116,118,-1,117,118,19,-1,19,118,119,-1,19,119,27,-1,44,43,120,-1,120,43,121,-1,120,121,122,-1,122,121,123,-1,122,123,124,-1,124,123,125,-1,124,125,126,-1,126,125,127,-1,126,127,85,-1,85,127,128,-1,85,128,86,-1,5,129,3,-1,3,129,130,-1,3,130,131,-1,131,130,132,-1,131,132,133,-1,133,132,134,-1,133,134,90,-1,90,134,135,-1,90,135,91,-1,136,137,138,-1,70,139,71,-1,71,139,136,-1,71,136,140,-1,140,136,138,-1,141,142,136,-1,136,142,143,-1,136,143,137,-1,144,145,146,-1,145,147,146,-1,146,147,148,-1,146,148,149,-1,141,136,146,-1,146,136,150,-1,146,150,144,-1,78,151,152,-1,78,152,76,-1,76,152,153,-1,76,153,74,-1,153,154,74,-1,74,154,155,-1,74,155,39,-1,39,155,156,-1,39,156,38,-1,38,156,157,-1,38,157,36,-1,36,157,158,-1,36,158,34,-1,34,158,159,-1,34,159,87,-1,87,159,160,-1,87,160,85,-1,126,85,161,-1,161,85,160,-1,161,162,126,-1,126,162,163,-1,126,163,124,-1,124,163,164,-1,124,164,122,-1,165,42,166,-1,166,42,44,-1,166,44,167,-1,167,44,120,-1,167,120,168,-1,168,120,122,-1,168,122,164,-1,42,165,169,-1,42,169,40,-1,40,169,170,-1,40,170,9,-1,9,170,171,-1,9,171,47,-1,47,171,172,-1,47,172,15,-1,15,172,173,-1,15,173,5,-1,5,173,174,-1,5,174,129,-1,129,174,175,-1,129,175,130,-1,130,175,176,-1,130,176,132,-1,177,93,91,-1,132,176,178,-1,132,178,134,-1,134,178,179,-1,134,179,135,-1,135,179,180,-1,135,180,91,-1,91,180,181,-1,91,181,177,-1,93,177,182,-1,93,182,95,-1,95,182,183,-1,95,183,97,-1,97,183,184,-1,97,184,99,-1,99,184,185,-1,99,185,100,-1,100,185,186,-1,100,186,13,-1,13,186,187,-1,13,187,14,-1,14,187,188,-1,14,188,0,-1,188,189,0,-1,0,189,190,-1,0,190,1,-1,1,190,191,-1,1,191,25,-1,25,191,192,-1,25,192,53,-1,192,193,53,-1,53,193,194,-1,53,194,54,-1,54,194,195,-1,54,195,56,-1,196,20,8,-1,56,195,197,-1,56,197,58,-1,58,197,198,-1,58,198,21,-1,198,199,21,-1,21,199,200,-1,21,200,22,-1,22,200,201,-1,22,201,6,-1,6,201,202,-1,6,202,7,-1,7,202,203,-1,7,203,8,-1,8,203,204,-1,8,204,196,-1,18,20,205,-1,205,20,196,-1,16,18,206,-1,206,18,205,-1,17,16,207,-1,207,16,206,-1,19,17,208,-1,208,17,207,-1,19,208,209,-1,19,209,117,-1,117,209,210,-1,117,210,115,-1,115,210,211,-1,115,211,113,-1,113,211,212,-1,113,212,111,-1,111,212,213,-1,111,213,109,-1,109,213,214,-1,109,214,107,-1,107,214,215,-1,107,215,105,-1,105,215,216,-1,105,216,103,-1,103,216,217,-1,103,217,2,-1,2,217,218,-1,2,218,12,-1,12,218,219,-1,12,219,98,-1,98,219,220,-1,98,220,96,-1,96,220,221,-1,96,221,94,-1,94,221,222,-1,94,222,92,-1,90,92,223,-1,223,92,222,-1,223,224,90,-1,90,224,225,-1,90,225,133,-1,133,225,226,-1,133,226,131,-1,131,226,227,-1,131,227,3,-1,3,227,228,-1,3,228,4,-1,4,228,229,-1,4,229,45,-1,45,229,230,-1,45,230,46,-1,46,230,231,-1,46,231,48,-1,48,231,232,-1,48,232,49,-1,49,232,233,-1,49,233,10,-1,10,233,234,-1,10,234,11,-1,11,234,235,-1,11,235,41,-1,41,235,236,-1,41,236,43,-1,43,236,237,-1,43,237,121,-1,121,237,238,-1,121,238,123,-1,123,238,239,-1,123,239,125,-1,125,239,240,-1,125,240,127,-1,127,240,241,-1,127,241,128,-1,128,241,242,-1,128,242,86,-1,86,242,243,-1,86,243,88,-1,88,243,244,-1,88,244,89,-1,89,244,245,-1,89,245,32,-1,33,32,246,-1,246,32,245,-1,33,246,247,-1,33,247,35,-1,35,247,248,-1,35,248,37,-1,37,248,249,-1,37,249,72,-1,72,249,250,-1,72,250,73,-1,73,250,251,-1,73,251,75,-1,251,252,75,-1,75,252,253,-1,75,253,77,-1,77,253,254,-1,77,254,79,-1,79,254,255,-1,79,255,81,-1,81,255,256,-1,81,256,83,-1,83,256,257,-1,83,257,84,-1,84,257,258,-1,84,258,62,-1,62,258,259,-1,62,259,64,-1,64,259,260,-1,64,260,66,-1,66,260,261,-1,66,261,68,-1,70,68,262,-1,262,68,261,-1,70,262,263,-1,70,263,139,-1,139,263,264,-1,139,264,136,-1,136,264,265,-1,136,265,150,-1,150,265,266,-1,150,266,144,-1,144,266,267,-1,144,267,145,-1,145,267,268,-1,145,268,147,-1,147,268,269,-1,147,269,148,-1,148,269,270,-1,148,270,149,-1,149,270,271,-1,149,271,146,-1,146,271,272,-1,146,272,141,-1,141,272,273,-1,141,273,142,-1,142,273,274,-1,142,274,143,-1,143,274,275,-1,143,275,137,-1,137,275,276,-1,137,276,138,-1,138,276,277,-1,138,277,140,-1,140,277,278,-1,140,278,71,-1,71,278,279,-1,71,279,69,-1,67,69,280,-1,280,69,279,-1,67,280,281,-1,67,281,65,-1,65,281,282,-1,65,282,63,-1,63,282,283,-1,63,283,61,-1,61,283,284,-1,61,284,82,-1,82,284,285,-1,82,285,80,-1,80,285,151,-1,80,151,78,-1,112,286,287,-1,112,287,114,-1,114,287,288,-1,114,288,116,-1,116,288,289,-1,116,289,118,-1,118,289,290,-1,118,290,119,-1,119,290,291,-1,119,291,27,-1,27,291,292,-1,27,292,28,-1,28,292,293,-1,28,293,29,-1,29,293,294,-1,29,294,30,-1,30,294,295,-1,30,295,31,-1,31,295,296,-1,31,296,60,-1,60,296,297,-1,60,297,59,-1,59,297,298,-1,59,298,57,-1,57,298,299,-1,57,299,55,-1,55,299,300,-1,55,300,26,-1,26,300,301,-1,26,301,24,-1,24,301,302,-1,24,302,23,-1,23,302,303,-1,23,303,52,-1,52,303,304,-1,52,304,51,-1,51,304,305,-1,51,305,50,-1,50,305,306,-1,50,306,101,-1,101,306,307,-1,101,307,102,-1,102,307,308,-1,102,308,104,-1,104,308,309,-1,104,309,106,-1,106,309,310,-1,106,310,108,-1,108,310,311,-1,108,311,110,-1,110,311,286,-1,110,286,112,-1,
        ]
    }
}
Shape{
    appearance Appearance {
        material  Material 	{
            diffuseColor 1.0 1.0 1.0
            specularColor 0.5019607843137255 0.5019607843137255 0.5019607843137255
            ambientIntensity 1.0
            transparency 0.0
            shininess 0.5
        }
    }
    geometry IndexedFaceSet {
        ccw TRUE
        solid FALSE
        coord DEF co Coordinate {
            point [
                1.7136 -0.3398 1.537, 1.7056 -0.3576 1.5828, 1.7062 -0.361 1.5793, 1.7044 -0.3398 1.5895, 1.7044 -0.3352 1.5891, 1.7135 -0.3333 1.5378, 1.7045 -0.3463 1.5887, 1.7049 -0.3523 1.5865, 1.7124 -0.3221 1.5437, 1.7062 -0.3185 1.579, 1.7054 -0.3231 1.5837, 1.7106 -0.3649 1.5544, 1.7115 -0.3621 1.5488, 1.7124 -0.3577 1.5439, 1.7131 -0.3274 1.5401, 1.7048 -0.3288 1.5871, 1.7072 -0.3644 1.5736, 1.7083 -0.3662 1.5672, 1.7095 -0.3663 1.5606, 1.7131 -0.3523 1.5401, 1.7135 -0.346 1.5378, 1.7105 -0.3148 1.5545, 1.7094 -0.3133 1.561, 1.7116 -0.3178 1.5486, 1.7083 -0.3135 1.5675, 1.7072 -0.3153 1.5736
            ]
        }
        coordIndex [
            0,1,2,-1,3,0,4,-1,4,0,5,-1,3,6,0,-1,0,6,7,-1,0,7,1,-1,8,9,10,-1,11,12,2,-1,2,12,13,-1,5,14,4,-1,4,14,8,-1,4,8,15,-1,15,8,10,-1,16,17,2,-1,2,17,18,-1,2,18,11,-1,13,19,2,-1,2,19,20,-1,2,20,0,-1,21,22,23,-1,23,22,24,-1,23,24,8,-1,8,24,25,-1,8,25,9,-1,
        ]
    }
}
Shape{
    appearance Appearance {
        material  Material 	{
            diffuseColor 0.8509803921568627 0.8509803921568627 0.8509803921568627
            specularColor 0.4235294117647059 0.4235294117647059 0.4235294117647059
            ambientIntensity 0.851
            transparency 0.0
            shininess 0.5
        }
    }
    geometry IndexedFaceSet {
        ccw TRUE
        solid FALSE
        coord DEF co Coordinate {
            point [
                -0.5906 1.5492 0.2441, -0.5906 1.4508 0.2441, -0.9094 1.5492 0.0, -0.9094 1.4508 0.0, -0.9094 1.5492 -1.122, -0.9094 1.4508 -1.122, -0.9508 1.5492 -1.378, -0.9508 1.4508 -1.378, -1.0492 1.4508 -1.378, -1.0492 1.5492 -1.378, -1.0906 1.5492 -1.122, -1.0906 1.4508 -1.122, -1.0906 1.5492 0.0, -1.0906 1.4508 0.0, -0.5906 1.4508 0.4844, -0.5906 1.5492 0.4844, -1.2598 1.5492 0.2441, -1.2598 1.4508 0.2441, -0.7087 1.5492 1.1299, -1.2598 1.5492 1.1299, -1.2598 1.5407 1.1946, -0.7087 1.5407 1.1946, -1.2598 1.5157 1.2549, -0.7087 1.5157 1.2549, -1.2598 1.476 1.3067, -0.7087 1.476 1.3067, -1.2598 1.4242 1.3464, -0.7087 1.4242 1.3464, -1.2598 1.3639 1.3714, -0.7087 1.3639 1.3714, -1.2598 1.2992 1.3799, -0.7087 1.2992 1.3799, -0.7087 1.5492 0.6609, -0.7087 1.4508 0.6609, -0.7087 1.4508 1.1299, -1.2598 1.4508 1.1299, -0.7087 1.2992 1.2815, -1.2598 1.2992 1.2815, -0.7087 1.3384 1.2763, -1.2598 1.3384 1.2763, -0.7087 1.375 1.2612, -1.2598 1.375 1.2612, -0.7087 1.4064 1.2371, -1.2598 1.4064 1.2371, -0.7087 1.4305 1.2057, -1.2598 1.4305 1.2057, -0.7087 1.4456 1.1692, -1.2598 1.4456 1.1692, -1.2598 1.298 1.3307, -1.2598 1.2968 1.317, -1.2598 1.2905 1.2815, -1.2598 1.2905 1.3799, -1.2598 1.2968 1.3444, -0.7087 1.2968 1.317, -0.7087 1.2905 1.2815, -0.7087 1.298 1.3307, -0.7087 1.2968 1.3444, -0.7087 1.2905 1.3799, 1.0906 1.5492 0.0, 1.0906 1.4508 0.0, 1.0906 1.5492 -1.122, 1.0906 1.4508 -1.122, 0.5906 1.4508 0.2441, 0.5906 1.4508 0.4844, 0.5906 1.5492 0.2441, 0.5906 1.5492 0.4844, 0.9094 1.5492 0.0, 0.9094 1.4508 0.0, 0.9094 1.5492 -1.122, 0.9094 1.4508 -1.122, 0.9508 1.5492 -1.378, 0.9508 1.4508 -1.378, 1.0492 1.4508 -1.378, 1.0492 1.5492 -1.378, 1.2598 1.5492 0.2441, 1.2598 1.4508 0.2441, 1.2598 1.2992 1.2815, 0.7087 1.2992 1.2815, 1.2598 1.3384 1.2763, 0.7087 1.3384 1.2763, 1.2598 1.375 1.2612, 0.7087 1.375 1.2612, 1.2598 1.4064 1.2371, 0.7087 1.4064 1.2371, 1.2598 1.4305 1.2057, 0.7087 1.4305 1.2057, 1.2598 1.4456 1.1692, 0.7087 1.4456 1.1692, 1.2598 1.4508 1.1299, 0.7087 1.4508 1.1299, 0.7087 1.4508 0.6609, 0.7087 1.5492 0.6609, 0.7087 1.5492 1.1299, 1.2598 1.5492 1.1299, 0.7087 1.5407 1.1946, 1.2598 1.5407 1.1946, 0.7087 1.5157 1.2549, 1.2598 1.5157 1.2549, 0.7087 1.476 1.3067, 1.2598 1.476 1.3067, 0.7087 1.4242 1.3464, 1.2598 1.4242 1.3464, 0.7087 1.3639 1.3714, 1.2598 1.3639 1.3714, 0.7087 1.2992 1.3799, 1.2598 1.2992 1.3799, 0.7087 1.2905 1.3799, 0.7087 1.2968 1.3444, 0.7087 1.298 1.3307, 0.7087 1.2905 1.2815, 0.7087 1.2968 1.317, 1.2598 1.2968 1.317, 1.2598 1.2905 1.2815, 1.2598 1.298 1.3307, 1.2598 1.2968 1.3444, 1.2598 1.2905 1.3799, -0.0906 1.5492 -1.122, -0.0906 1.4508 -1.122, -0.0906 1.5492 0.0, -0.0906 1.4508 0.0, -0.0492 1.5492 -1.378, -0.0492 1.4508 -1.378, 0.0492 1.5492 -1.378, 0.0492 1.4508 -1.378, 0.0906 1.5492 -1.122, 0.0906 1.4508 -1.122, 0.0906 1.5492 0.0, 0.0906 1.4508 0.0, 0.3346 1.5492 0.2441, 0.3346 1.4508 0.2441, 0.3346 1.2992 1.2815, -0.3346 1.2992 1.2815, 0.3346 1.3384 1.2763, -0.3346 1.3384 1.2763, 0.3346 1.375 1.2612, -0.3346 1.375 1.2612, 0.3346 1.4064 1.2371, -0.3346 1.4064 1.2371, 0.3346 1.4305 1.2057, -0.3346 1.4305 1.2057, 0.3346 1.4456 1.1692, -0.3346 1.4456 1.1692, 0.3346 1.4508 1.1299, -0.3346 1.4508 1.1299, -0.3346 1.4508 0.2441, -0.3346 1.5492 0.2441, -0.3346 1.5492 1.1299, 0.3346 1.5492 1.1299, -0.3346 1.5407 1.1946, 0.3346 1.5407 1.1946, -0.3346 1.5157 1.2549, 0.3346 1.5157 1.2549, -0.3346 1.476 1.3067, 0.3346 1.476 1.3067, -0.3346 1.4242 1.3464, 0.3346 1.4242 1.3464, -0.3346 1.3639 1.3714, 0.3346 1.3639 1.3714, -0.3346 1.2992 1.3799, 0.3346 1.2992 1.3799, -0.3346 1.2905 1.3799, -0.3346 1.2968 1.3444, -0.3346 1.298 1.3307, -0.3346 1.2905 1.2815, -0.3346 1.2968 1.317, 0.3346 1.2968 1.317, 0.3346 1.2905 1.2815, 0.3346 1.298 1.3307, 0.3346 1.2968 1.3444, 0.3346 1.2905 1.3799
            ]
        }
        coordIndex [
            0,1,2,-1,2,1,3,-1,2,3,4,-1,4,3,5,-1,4,5,6,-1,6,5,7,-1,8,9,7,-1,7,9,6,-1,9,8,10,-1,10,8,11,-1,10,11,12,-1,12,11,13,-1,1,0,14,-1,14,0,15,-1,12,13,16,-1,16,13,17,-1,18,19,20,-1,18,20,21,-1,21,20,22,-1,21,22,23,-1,23,22,24,-1,23,24,25,-1,25,24,26,-1,25,26,27,-1,27,26,28,-1,27,28,29,-1,29,28,30,-1,29,30,31,-1,16,19,18,-1,0,2,15,-1,15,2,16,-1,15,16,32,-1,32,16,18,-1,6,9,4,-1,4,9,10,-1,4,10,2,-1,2,10,12,-1,2,12,16,-1,32,33,15,-1,15,33,14,-1,34,35,33,-1,33,35,17,-1,33,17,14,-1,8,7,11,-1,11,7,5,-1,11,5,13,-1,13,5,3,-1,13,3,17,-1,17,3,1,-1,17,1,14,-1,36,37,38,-1,38,37,39,-1,38,39,40,-1,40,39,41,-1,40,41,42,-1,42,41,43,-1,42,43,44,-1,44,43,45,-1,44,45,46,-1,46,45,47,-1,46,47,34,-1,34,47,35,-1,39,28,41,-1,41,28,26,-1,41,26,43,-1,43,26,24,-1,43,24,45,-1,45,24,22,-1,45,22,47,-1,47,22,20,-1,47,20,35,-1,35,20,19,-1,35,19,17,-1,17,19,16,-1,48,37,49,-1,49,37,50,-1,51,30,52,-1,52,30,28,-1,52,28,48,-1,48,28,39,-1,48,39,37,-1,53,54,36,-1,55,29,56,-1,56,29,31,-1,56,31,57,-1,33,32,34,-1,34,32,18,-1,34,18,46,-1,46,18,21,-1,46,21,44,-1,44,21,23,-1,44,23,42,-1,42,23,25,-1,42,25,40,-1,40,25,27,-1,40,27,38,-1,38,27,29,-1,38,29,36,-1,36,29,55,-1,36,55,53,-1,50,37,54,-1,54,37,36,-1,31,30,57,-1,57,30,51,-1,58,59,60,-1,60,59,61,-1,62,63,64,-1,64,63,65,-1,66,67,64,-1,64,67,62,-1,68,69,66,-1,66,69,67,-1,70,71,68,-1,68,71,69,-1,71,70,72,-1,72,70,73,-1,60,61,73,-1,73,61,72,-1,74,75,58,-1,58,75,59,-1,76,77,78,-1,78,77,79,-1,78,79,80,-1,80,79,81,-1,80,81,82,-1,82,81,83,-1,82,83,84,-1,84,83,85,-1,84,85,86,-1,86,85,87,-1,86,87,88,-1,88,87,89,-1,75,88,89,-1,62,67,63,-1,63,67,75,-1,63,75,90,-1,90,75,89,-1,71,72,69,-1,69,72,61,-1,69,61,67,-1,67,61,59,-1,67,59,75,-1,65,63,91,-1,91,63,90,-1,92,93,91,-1,91,93,74,-1,91,74,65,-1,73,70,60,-1,60,70,68,-1,60,68,58,-1,58,68,66,-1,58,66,74,-1,74,66,64,-1,74,64,65,-1,93,92,94,-1,93,94,95,-1,95,94,96,-1,95,96,97,-1,97,96,98,-1,97,98,99,-1,99,98,100,-1,99,100,101,-1,101,100,102,-1,101,102,103,-1,103,102,104,-1,103,104,105,-1,106,104,107,-1,107,104,102,-1,107,102,108,-1,109,110,77,-1,77,110,108,-1,77,108,79,-1,79,108,102,-1,79,102,81,-1,81,102,100,-1,81,100,83,-1,83,100,98,-1,83,98,85,-1,85,98,96,-1,85,96,87,-1,87,96,94,-1,87,94,89,-1,89,94,92,-1,89,92,90,-1,90,92,91,-1,111,112,76,-1,113,103,114,-1,114,103,105,-1,114,105,115,-1,75,74,88,-1,88,74,93,-1,88,93,86,-1,86,93,95,-1,86,95,84,-1,84,95,97,-1,84,97,82,-1,82,97,99,-1,82,99,80,-1,80,99,101,-1,80,101,78,-1,78,101,103,-1,78,103,76,-1,76,103,113,-1,76,113,111,-1,109,77,112,-1,112,77,76,-1,105,104,115,-1,115,104,106,-1,116,117,118,-1,118,117,119,-1,120,121,116,-1,116,121,117,-1,122,123,120,-1,120,123,121,-1,124,125,122,-1,122,125,123,-1,126,127,124,-1,124,127,125,-1,128,129,126,-1,126,129,127,-1,130,131,132,-1,132,131,133,-1,132,133,134,-1,134,133,135,-1,134,135,136,-1,136,135,137,-1,136,137,138,-1,138,137,139,-1,138,139,140,-1,140,139,141,-1,140,141,142,-1,142,141,143,-1,119,129,144,-1,144,129,142,-1,144,142,143,-1,121,123,117,-1,117,123,125,-1,117,125,119,-1,119,125,127,-1,119,127,129,-1,118,119,145,-1,145,119,144,-1,126,145,128,-1,128,145,146,-1,128,146,147,-1,122,120,124,-1,124,120,116,-1,124,116,126,-1,126,116,118,-1,126,118,145,-1,147,146,148,-1,147,148,149,-1,149,148,150,-1,149,150,151,-1,151,150,152,-1,151,152,153,-1,153,152,154,-1,153,154,155,-1,155,154,156,-1,155,156,157,-1,157,156,158,-1,157,158,159,-1,160,158,161,-1,161,158,156,-1,161,156,162,-1,163,164,131,-1,131,164,162,-1,131,162,133,-1,133,162,156,-1,133,156,135,-1,135,156,154,-1,135,154,137,-1,137,154,152,-1,137,152,139,-1,139,152,150,-1,139,150,141,-1,141,150,148,-1,141,148,143,-1,143,148,146,-1,143,146,144,-1,144,146,145,-1,165,166,130,-1,167,157,168,-1,168,157,159,-1,168,159,169,-1,129,128,142,-1,142,128,147,-1,142,147,140,-1,140,147,149,-1,140,149,138,-1,138,149,151,-1,138,151,136,-1,136,151,153,-1,136,153,134,-1,134,153,155,-1,134,155,132,-1,132,155,157,-1,132,157,130,-1,130,157,167,-1,130,167,165,-1,163,131,166,-1,166,131,130,-1,159,158,169,-1,169,158,160,-1,
        ]
    }
}